message_clean,sentimen
halo mpl,positive
tidak sesuai jadwal,negative
it s onic time,neutral
jam paling lambat jam malalter egom haha,negative
jantidakn bahas tidak,negative
rolling on the floor laughing rolling on the floor laughing rolling on the floor laughing,neutral
orang jadwal nya aja,neutral
ntidakret,negative
lah jam,neutral
mpl id scamming,negative
kobtoll,negative
rrq malter egon habis subuh,neutral
woi kelamaan,negative
kasian evos kalah ama king alter ego,negative
tidur aja dulu gess jam,negative
its onic time,negative
its onic time nauseated face nauseated face nauseated face nauseated face,positive
mpl wacana cuki,negative
woi duit bukan,negative
lah katanya,negative
onic,positive
hallo,positive
pembohonk publik,neutral
mpl ntidakntuk,neutral
udh jam bali,neutral
jam malam kont,positive
akun uda mulai live,neutral
mulai wehh lama kali,negative
kalian nungood tidakmeu apa jam kocak,negative
noob vs noob,negative
stress tidakush bikin jadwal jam sgini akhir nya malter egonn nya malemm mahh,negative
undur kocak,positive
nya jam,positive
guys,positive
palintidakn antar jam,neutral
udah ribu nungood tidakmeuin loh loudly crying face loudly crying face,negative
al in onic,negative
woi manawoi,positive
onic,positive
lah gw kira telat,negative
kocak udah hampir jam,negative
kapan we,negative
admin tll,negative
jam pas keknya,positive
udh ki,positive
sih kek kemarin,negative
mana final oii,neutral
jam brp,positive
hadehh,negative
php in sma atmin mpl jirr cat with tears of joy cat with tears of joy,neutral
scam sidai ramai,negative
kapan mulai nya woy,neutral
mpl kocak,positive
dah lewat jam nih,neutral
c,negative
woii tepat waktu napa,positive
bilang cemilan ph pindah aja lu ph,negative
udh yappingnya,negative
papua udh jam,negative
ez server vs ez server,neutral
nahh,negative
akhirnya,positive
akhirnya tertawa,positive
batu mulai,positive
udah,negative
atmin ntidakpin sih,negative
ntidakret,negative
gelo,positive
go onic time hedgehog red heart,negative
sabar,positive
geloo cendol,negative
nah,negative
let s go,positive
alter egoalter ego,negative
iklan nya lamaa,negative
yeszz,positive
malter egon jm,neutral
nah tuh bru,negative
ntidakret woi,negative
onic kroco,positive
lu manado jakarta jutidak belom mulai nih mpl,negative
sapa tadi bilang jam,neutral
lama banget,negative
lets goo alter egoe,negative
woilah nungood tidakmeu mnit,negative
bener jam berapa tot,negative
alter ego mbapuk,negative
hahah kene scammed baru on lagu,negative
baru yanyi yanyi sampe setentidakh jam,neutral
liat postintidakn terbaru mpl jam mulainya,neutral
alter ego,negative
bismillahh onic,positive
kapan rrq main,neutral
hahaha,positive
ntidakret wee,positive
alter ego,negative
woi cendy pulang,neutral
mulai tidakpenting dlu inii jam baru match nya,negative
telat setentidakh jam,negative
bismillah onic,positive
selamat menungood tidakmeu mnt lagii loudly crying face,negative
caster nya siapa sekarang,negative
yanyi dulu menit tertawaakak,neutral
goo onic,positive
gw kira gw pertama face with tears of joy face with tears of joy,positive
onic time,positive
admin hbs makan ayam geprek,neutral
tidakss,negative
tertawaktertawa musuh fans alter egoron,neutral
onic,positive
alter ego filling gw,negative
awas alter ego jadi jadian rolling on the floor laughing face with tears of joy,neutral
lets go alter ego be the champion,neutral
onic alter ego,positive
gogogo,positive
yos,negative
cendyy,positive
tidaks alter ego yakin menang,negative
alter ego mengukir sejarah,negative
ngopi dlu nungood tidakmeu,neutral
ayoo onic goo onic,positive
goo onic,positive
jir bang cendy,negative
semantidakt alter ego salam malaysia,negative
bismillah skylar petidakng piala mpl,neutral
kekny jm mulai matchny,neutral
let s goo,negative
final seru sama kuat tp lebih kuat bakal jadi juara,positive
tadi minutes,negative
bissmilaah onci goo,negative
katanya mulai udh mau jam blum apa apa,negative
goo alter ego,negative
mainnya jam keknya,negative
rrq main jam brpa,neutral
alter ego letsgoo,negative
alter ego go go go,negative
min clip youtube orang grand final uda main,neutral
rrq goa,positive
goo onic,positive
alter ego pulang aja,negative
semantidakt landak lucu red heart,negative
intinya membohongi publik,negative
alter ego go go go,negative
onic menang,positive
what it s time,negative
goo sonic,positive
bismillah semotidak onic pleading face pleading face,neutral
terserah menang tim apa karna duaduanya tim favorit ku,positive
bismillah alter ego,negative
awas alter ego jadi jadian winking face,negative
its onic time,negative
its onic timee,positive
ndasmu go go go,positive
beras,positive
lahh cendol tertawatertawa,neutral
nino maaf koh face blue smiling,negative
main nyaa jm,negative
lah fun match,positive
nungood tidakmeu jam,negative
semantidakt onic,negative
semotidak onic menang salam blantidako,neutral
lama menit,positive
onic juaraa clip,positive
squinting face with tongue backhand index pointing up,neutral
letsgoo alter ego,negative
onic lest go,positive
magrib mah mulainya guys,neutral
tenang onic juara,positive
apa kok cendy,negative
yok onic bisaa,positive
lama,negative
kebanyakan sarkas player sebenarnya iri player malter egon tidakme terus dapet tidakji,negative
berharap onic juara sih,positive
dukung onic mana suaranya,neutral
bismillahirrahmanirrahim semotidak onic menang,neutral
jam mulainya,positive
semotidak alter ego juara biar juara baru warna baru jantidakn team aja juara,negative
tidaksabar liat skylar juara onic,positive
onic,positive
mulainya jam berapa woii,negative
akhirnya lipe,neutral
letsgoo alter ego,negative
lets goo kink alter ego vs skyking onic,negative
vii,negative
onic,positive
yok alter ego yok,negative
sepi tidak king rrq,neutral
alter ego mau pulang sendiri apa pulangin onic,negative
alter ego lokal pride,negative
alter ego,negative
jir lama banget jam,negative
lama,negative
kapan mulainya woi,negative
kalau lihat permainan juara baru season,neutral
onic,positive
alter ego go go go,negative
mnt belun ngobrol,negative
alter ego alter ego alter ego alter egoe,negative
alter ego juara,negative
badut,negative
kalimat lucu alter ego mengukir sejarah,negative
mnt,positive
dah selesai yaa,negative
alter ego juara yokk,negative
wtf cendy,positive
face red droopy eyes,neutral
lama,negative
onic my heart,positive
scam,negative
mpl id dentidakn tetidaks menentang setidakla bentuk perjudian mendukung kompetisi adil berintegritas bangun komunitas menghormati nilai nilai sportivitas dunia esports,neutral
woi,positive
jam brp grand final mulai,neutral
langsung aja kasih piala mpl nya onic piala m tlph face blue smiling face blue smiling,neutral
siap siap king alter ego antidakat piala,negative
jam lama kok sdah rame aja,negative
setidaknteng dibilang badut face with tears of joy face with tears of joy,neutral
alter ego go go g,negative
let s go alter ego,negative
tandain gw onic juara gw botak pile of poo,negative
apaa dulu,neutral
mulai nya kapan dah,negative
go go onic,positive
alter ego mengukir sejarah baru,negative
rrq juara nih,positive
udh sonic tidak usa nonton alter ego bakal juara,neutral
grandfinal mulai ntar subuh kocak,neutral
evos evos divine tidakada apanya,negative
m kapan,negative
alter ego juara catat,negative
dah tau siapa juara nya,positive
jutaan ayok gw alter ego,negative
lagu shinbi jier,positive
onic alter ego,positive
onic lh jls,positive
onic juara,positive
tidaks onic,negative
lahh kok bang crispy,positive
alter ego juara fix,neutral
semotidak kejutan buat alter ego,negative
seketika banyak ntidaku sonic face with tears of joy,negative
onic juara catat,neutral
fans karbitan,negative
rrq kapan main,positive
skip cendyy,positive
alter ego onic tidak usah bawa tim,negative
jta onic,positive
alter ego cik juara sonic out aja,neutral
jm brp mulai ntidakb match satu,neutral
sonic lari nek,negative
ssmotidak onic lose,negative
rrq juara goa rolling on the floor laughing rolling on the floor laughing rolling on the floor laughing,neutral
onic menangood tidakme,neutral
alter ego juara,negative
onic timee,positive
dah main ngood tidakmea sih,negative
nungood tidakmeu jam baru mulai,negative
kasihh alter ego aja piala nyaa,positive
jam berapaa main,negative
onic juara tandain guee red heart,neutral
xepher jenius njir,positive
sonic lahir nek,negative
diatas onic alter ego rolling on the floor laughing,neutral
bismillah onic,positive
jam brp,positive
onic jt sini,positive
onic,positive
sepi tidak disana,positive
jam brpa malter egon nya,positive
go alter ego go alter ego go,negative
alter ego juara kerana alter ego on fire and lama menanti sedantidakan onic masi posisi selesa,neutral
nya alter ego juara,negative
delwyn dellost nih guyss,negative
onic go to goa lah alter ego juara,positive
bismillahirrahmanirrahim semotidak onic juara,neutral
p,positive
kasih terbaik aja kedua team,positive
petidakng ererq jt all in,negative
rrq tidak diundang kasihan huahahahhaa,negative
alter ego,negative
jam baru mulai,negative
nt onic,negative
rrq kapan,negative
alter ego onic,negative
alter egoe juta,negative
onic lose boss,negative
fans onic berjejer blng anic time,neutral
ntidakpain kesian,negative
catat tidakiss alter ego juara,negative
lama kali cok,negative
jam berapa sih mulainya,negative
rrq main nya jam brp,neutral
onic skylar,positive
fokus diri masing aja,negative
yapping,positive
hidupp rrq,neutral
alter ego juara ni,negative
ngetik alter ego win sonic jmbd,neutral
savero main,positive
diatas onic rrq,neutral
ceban,negative
alter egoe lah onic udah gbkln juara kemaren udah juara tidak muntidakin juara lagii,negative
alter ego gogogogo,negative
rrq jam brp main,negative
sonic kumpul squinting face with tongue backhand index pointing up,neutral
alter ego champion,negative
jam mulainya,positive
onik,positive
ntidakak bacanya loudly crying face,negative
opet,negative
jam brp kak,positive
main jam brapa,negative
rrq dah juara m woyy,positive
alter ego onic,negative
hujan redah nya cuyy,positive
onic,positive
jam mulainya,positive
alter ego,negative
final rrq vs tlid rolling on the floor laughing,neutral
counter tlph cuman onic tidakys face with hand over mouth,negative
jt onic,positive
t,negative
onic alter ego,positive
onic posisi udah selesa cuma belum piala m series piala mpl udah banyak kalau onic kalah sini no effect apa apa alter ego on fire jadi aura nyaa kuat,positive
rrq mainnya jam berapa yak,negative
mat seru ni,positive
rrq dah juara m woy,positive
tandain mvp nya yazukee,neutral
misi balas dendam alter ego ni face blue smiling,negative
counter tlph cuman onic tidakys face with hand over mouth,negative
ayok onic it s onic time,negative
onic menang,positive
mnit,positive
match jam berapa,negative
alter ego mengulang apa tlid lakukan,negative
fun match harusnya undang badut rrq,neutral
semotidak alter ego menag yaallah,negative
inioc,negative
cendy ntidakpain,negative
bismillah onic juara,positive
jam main udah live hahaha,positive
kok bawa bawa rrq dah,negative
apa onic,positive
yeahh mnit lgi,positive
main jm berapa,negative
ayo landak kuning hedgehog,negative
go alter egoe,negative
fans fanatik rrq mana nih tertawaw face purple crying,neutral
ayo onic ayo alter ego kasih perlawanan asik,positive
bismillah semotidak onic menang palms up together,neutral
semantidakt alter ego,negative
onic onic,positive
king alter ego siap bantai,negative
lah bang cendol tertawa,positive
solat dulu ges,negative
sejarah mpl s is bsck,neutral
skylar kairi dikantongin yazukee,neutral
rrq goa belajar tembak toy toy toy,positive
go kairi red heart hedgehog,negative
bismillah alter ego juaraa,neutral
mana,negative
main jam berapa,negative
semotidak onic menang allah smiling face with halo folded hands,neutral
mama aku m,positive
mulainya terlalu sore,positive
go alter egoe,negative
onic m bismillah,neutral
ko blm mulai,negative
onic back to back champions,neutral
lembar merah onic,negative
albaniakbar caper banget kurang perhatian ortu,negative
semotidak hari keberuntuntidakn buat tim kesukaan ku menang onic,positive
onic onic onic,positive
bismillah semotidak alter ego juara loudly crying face,negative
rrq mengukir sejarah,positive
ayo alter ego tolongs kalian bisaa,negative
lama njit,negative
mulai jam ges,negative
onic onic,positive
sekali onic tetap onic,positive
jam brpa main,positive
lamaa,positive
mamah aku m,positive
jam,positive
baru baca langsung hilang face with tears of joy,negative
onic sama madrid jarang kalah difinal,positive
alter ego bismillah,negative
ez onic inimah,positive
bismillah onic menang,positive
sorry end thenk you it s my stail,positive
juta alter ego,negative
ayo ajak lembar merah gua alter ego nih,negative
mulai jam ges,negative
mulai jam berapa,negative
jt yuk aku pengood tidakmeang alter ego,negative
baru mulai,negative
semotidak onic kalah,negative
mana notif munn,negative
semuanya bilang terima kasih sutsujin alter ego m atas statement bilang alter ego tidak tidakmeplay buktinya alter ego punya tidakmeplay lolos m,negative
juta onic,positive
ayo gua onic,negative
jam lima baru mulai,negative
juta alter ego sini gua tampung cat orange whistling,neutral
juta onic,positive
fg dr,neutral
gd g df,neutral
dfg,neutral
fd g,neutral
fd,neutral
gfd,neutral
jt onic berani ngood tidakmea,positive
hi,negative
menang alter ego,positive
person turqouise waving,positive
kapan mulai si,negative
kontak kontak,neutral
ayo semantidakt onic,negative
m,positive
onic main jam brp bng,neutral
sorry koh gw ngecewain lu,negative
jt aku petidakng budhe,negative
shushing face,positive
masi lama co,negative
jt gw onis sini,negative
jam berapa sih mulainya,negative
ayo jantidakn hilantidakan,negative
jam berapaa,negative
juta alter ego,negative
langsung aja kasih pialanya onic,neutral
tidak berjudi kalau kalian taruhan pake uang sama aja dentidakn berjudai,negative
tolongs remehin alter ego biar menang,negative
yo gua tampung nih mau berapa juta,neutral
jt berani gw onic,negative
bismillah alter ego menang,neutral
bismillah onic antidakat piala palms up together red heart,neutral
sini evos jt,negative
text green tidakme over,positive
jt gw onic sini,negative
alter ego,negative
sini evos jt,negative
sepi,positive
gua alter ego nih,negative
admin sibuk ngespam tertawatertawak,neutral
dukung onic mana suaranya elbowcough,neutral
onic dong,positive
lama jirr,negative
napa si cendol tertawak,positive
onic gw,positive
alter ego tidakss,negative
mulai nya,positive
alter ego vs onic jam brpa,negative
sini rrq m,neutral
rrq jayaa,positive
gua onic mna evoss jt sini,positive
goo goo onic,positive
nicc,positive
udah jam nihh woyy,negative
dikira tlph doang apa jago tertawatertawa srg jutidak jago woyy,negative
semua bilang sutsujin membuat alter ego m,negative
jt alter ego,negative
onic jta,negative
sih malter egonnya,negative
kindom goa sinyal buat nonton serius nanya,neutral
goo alter egoe,negative
pov papan atas bukan,positive
jt gw alter ego sini,negative
onic,positive
skyleerr,negative
onic go go go,positive
grand final belum final,neutral
petidakng evos sini gua alter ego jt,negative
juta onic,positive
mulai jam berapa,negative
mau jt gw petidakng alter ego,negative
alter ego tidak da tidakmeplay,negative
bang gue live tapi sepi,negative
laah ntidakpain fun match,negative
onic,positive
landak landak ntidakrep juara alter ego nih gua,negative
onic go go,positive
gua onic bakal juara alter ego cupu,neutral
alter egoe,negative
cendoll,positive
kasih langsung piala onik,neutral
juta onic,positive
alter ego bego bego bego,negative
jam brpa mulai nya,negative
aku onic jta,negative
bawa trophy gh alter ego no,neutral
jt onic,positive
langsung aja min,neutral
biar senam jantung,neutral
alter ego menangood tidakme,negative
alter ego,negative
hand pink waving,positive
onic alter ego sanz mvp,neutral
gue pilih menang aja rolling on the floor laughing,neutral
lets goo onic,positive
all in jt alter ego,negative
alter ego pulang aja juara onic,negative
lama yak,negative
geloo ketuaa,neutral
kena kencing lg,negative
persib,positive
alter ego goo,negative
t onic,positive
alter ego,negative
yokk nic,negative
milliar rrq,neutral
alter egoe,negative
paling ntar mulainya jam kek kemaren,neutral
onic,positive
akwoakwoka,negative
tempek,positive
bravo nino,positive
jt alter ego,negative
siapa aja juara gw happy,positive
w pengen liat alter ego menang tp pengen liat skylar membuktikan baru main juara,positive
onic alter ego,positive
onic,positive
jam mainnya tungood tidakmeuin aja,negative
letss go onic,positive
onic,positive
panic,positive
alter ego yok champion,negative
jt all in alter ego,negative
hujat alter ego fansnya kongdom,negative
sanz mvp,positive
its rrq time,neutral
jadi judii,positive
gw mau liat nino nangis antidakat piala mpl,negative
onic,positive
perebutan piala,neutral
onic,positive
alter ego,negative
siapa santidaka,negative
piala onic,negative
jt all in onic,positive
alter ego,negative
woo,negative
menang ditungood tidakmeu king rrq m orange heart,neutral
onic alter ego,positive
siapapun juara semantidakt terus heart suit,positive
lama habis magrib mainya,negative
angood tidakmeota dri mpl tidak byr uang taruhan gua anjuga,neutral
alter ego nii broo,negative
nino nangis antidakat piala mpl,negative
let s go final rrq cat orange whistling,neutral
alter ego,negative
kali,positive
walaupun onic kuat tapi gw tetap sokong alter egoe,negative
all in alter ego,negative
mpl nyari beras,neutral
alter ego yok,negative
onic juara,positive
bocil fomo onic diem aja lah,negative
let s goo alter egoo,positive
yng menang rrq,neutral
udah onic kasih aja piala alter ego kasihan nino winking face with tongue winking face with tongue winking face with tongue,negative
lest goo alter ego,negative
alter ego ayo,negative
o n i c,neutral
gw metidakng alter ego sini,negative
onic goo,negative
gw kingdom alter ego kalah,negative
rrq m lewat jalur panarukan,neutral
alter ego broo,negative
ayaloh alter ego,negative
mpl sentidakja keknya grandfinal awal bulan,neutral
goonic,positive
onic bismillah,positive
goo onic,positive
alter ego kalahh tertawatertawawakkw,negative
onic timee broo,positive
statement sutsujin mimpi bilang alter ego tidak tidakmeplay liat tuh alter ego m tertawatertawatertawa aduh ujin ujin mending mpl my aja ujin tidak usah sama tim badut m series,negative
jt metidakng onik sini,negative
alter ego alter ego alter ego,negative
alter ego win,negative
go nic,negative
tlph dibagi telor ama rrq tlph mah team ez,neutral
gogogo alter ego,negative
udah ditebak juaranya onic,negative
jt gua petidakng rrq face fuchsia tongue out,neutral
lma,positive
alter ego juaraa sih,negative
motidak rrq juara,neutral
liat onic kalah ntar,negative
onic timee,positive
go alter egoe dove,negative
seketika banyak ntidakju jadi sonic face exhaling,negative
lama cokk,negative
gue kindom gue dukung alter ego,positive
alter ego yo bikin ko delwyn seneng,negative
indo indo,positive
mana tadi petidakng alter ego gw tampung,neutral
alter ego menangood tidakme ezz,negative
jam brp mulai,negative
ayo alter ego,negative
waktunya alter ego bukan onic face blue smiling,neutral
siapapun juaranya gua tetep respect buat alter ego sama onic team selalu respect sama lawan nya thumbs up,positive
tid is onic time,negative
nn,positive
waktunya alter ego bukan onic face,negative
alter ego championss,neutral
rrq juara m,neutral
id ikut,positive
lah cendy,positive
alter ego menang hebat sii,positive
semotidak alter ego juara,negative
alter ego,negative
final onic vs evos jam brp,neutral
bismillahh goo onic,positive
ayo onic,negative
mulainya jam wib adik,neutral
alter ego juara sih,negative
santidak cooll,negative
yalter egolah gua selasai goreng telor blm mulai,neutral
alter ego gogogo,negative
alter ego it s time,negative
prediksi,positive
lets goo alter ego,negative
fans alter ego buru udah kalah jutidak,negative
rrq goa cuak,negative
semuanya hujat aja sutsujin bilang alter ego tidak tidakmeplay liat alter ego m omontidakn sutsujin omong kosong,negative
saatnya juara alter ego,positive
onic alter ego,positive
atas langit onic,positive
alter egoe menangood tidakme,negative
onik lah juara nya,positive
alter ego gope dm gua,negative
blok admin judi tertawa,neutral
final onic vs evos jam berapa,neutral
goo alter ego,negative
let s gooph,neutral
alter ego lu tong,negative
bismmilah onic,positive
waktunya onic,positive
pastii bisaa onic,positive
el family is back,neutral
semotidak alter ego menang,negative
prediksi,positive
waktunya onic bukan saluting face,negative
saatnya onic bukan alter ego,positive
bismillah alter ego juara,neutral
let s goo kairuu,positive
rrq goa tidak keluar keluar,positive
tl,negative
alter ego apa lah alter egoe,negative
all in alter ego,negative
jt petidakng alter ego,negative
alter ego,negative
prediksi menang siapa ges,positive
onic back to back,neutral
onic handshake alter ego,neutral
semotidak alter ego menang juara mpl id s,neutral
butuh juara baruu,neutral
kira jam brp matchnya,neutral
kirain evos vs onic,negative
alter ego sih,negative
p e p e q q o n t o l k o n g o m,neutral
alter ego juara gilo ng skylar,positive
rrq main jam berapa hand orange covering eyes,neutral
alter ego mpl king onic m bismillah,negative
walaupun gwe sonic tp gwe pgn liat alter ego menanh,negative
sholat dulu guys,negative
rrq lu mending main pou aja,negative
kasih aja alter ego onic biar mpl indo tidakbosen lu terus juara,negative
rrq main jam brp,neutral
onic id juara,neutral
this is alter ego time,negative
bo lama banget atuh,negative
let s goo onic vs alter ego siapapun pemenangnya terbaik s next bawa pulang piala m,neutral
let s go king arfy,neutral
alter ego,negative
waktunya alter ego bren bukan onic trophy yellow smiling,neutral
yok onic,negative
lets go alter ego,negative
info rrq vs persib jam berapa,neutral
alter ego dipulangin sama onic winking face with tongue,negative
jt sini gua onik yok,negative
dm,negative
sini petidakng alter ego jt tadi,positive
ayolah onic kasih piala nya alter ego aja,negative
alter ego king,negative
goo onic,positive
come on alter ego,negative
onic mendapatkan tiket m let s go onic ku,neutral
aku,positive
semotidak onic menang tapi kasih scor alter ego,negative
alter ego champion,negative
rrq main jam berapa elbowcough,neutral
ayo alter ego,negative
merah lembar petidakng onic,negative
siapapun menang gua senengood tidakme,positive
rrq main,positive
seterah siapa menang,negative
alter egoe rb,negative
langsung aja kasi pialanya alter ego biar mpl tidak membosankan tertawa masa onic ters juara tertawatertawa,neutral
alther ego go go go,negative
tolongs alter egoe,negative
semua bilang sutsujin jantidakn rrq mending srg rrq badut m series tambah tidaktidakl playoff,negative
king alter ego,negative
onic handshake alter ego,neutral
gua dukung menang,positive
face purple crying,positive
alter ego hokinya udh habis tub yakin gw,negative
alter ego go,negative
jam,positive
onic menang,positive
votenya mana min woyy,negative
alter ego bismillah win mpl pertama kali nya,negative
onic jt tidakss,negative
semantidakt jumengood tidakme siap mukbang king krab,neutral
exsper farming aura,positive
letsgo,positive
siapapun menang gua seneng,positive
onic juar,positive
nino wujudkan impianmu,positive
indopride tidakess,negative
yok alter ego alter ego jaya juara antidakat piala,negative
alter ego gogogo,negative
admin tidak peka nih,negative
lamaa,positive
nya tim keren humble,positive
siape kite,negative
ngood tidakmeak rrq dukung alter ego juwara,neutral
alter ego edwi face blue smiling n striming,negative
mulai,positive
jt onic,positive
petidakng alter ego jt tadi mana woii dm gua,negative
bjir anomali mulu,negative
nino goat,negative
both lose both nob,negative
goo todak,negative
indo indo rolling on the floor laughing rolling on the floor laughing rolling on the floor laughing,neutral
todak,negative
bro nanya rrq juara berapa,neutral
tolongs jantidakn bangood tidakmeain alter ego kalau fans alter ego wajib under kkan alter ego,negative
ayoo alter ego juara pengen banget liat nino juaraa smiling face with halo smiling face with halo,positive
alter ego mengukir sejarah part,negative
xepsre,negative
votenya mana min oyy,negative
siapa fun match coba lah undang mantn pro player old jutidak seru nya,negative
lontee,negative
sonicalterchamps,positive
onic menang karna legend mm hayper sekailar kairi,neutral
mana metidakng alter ego juta sinih dm gua,negative
david gengood tidakmeek,neutral
lama banget,negative
gue alter ego juta,negative
ayo final oi,neutral
alther ego go go,negative
high domino,positive
anomali,negative
sutsujin statement nonsense,negative
alter ego go go go go go,negative
nino goat alter ego king,negative
oi jugan provokator jir,neutral
dejavu,neutral
mulai jam brp ni final,neutral
menuu m,positive
rrq main jam berapa,neutral
alter ego mending suren aja,negative
knp cendy anj,neutral
ntidakpain cendi jir,negative
spam vote guys,positive
tidakss,negative
u,positive
alter ego wajib juara sih,negative
st place medal trophy,positive
serius tidak vote nya ni min,negative
dm gua petidakng alter ego jt,neutral
ayo aktifkan pasif alter ego,negative
tidak tim tidak viewers nya hahaa indo indo rolling on the floor laughing rolling on the floor laughing rolling on the floor laughing,negative
rrq gogo,neutral
biar admin kerja,neutral
alterchamp,negative
final jam broo,neutral
mana woii,negative
goo alter ego,negative
onic juara balaskan kekalahan evos,neutral
vote,positive
tidakmau onic dah kebanyakan piala mpl nanati onic m aja,negative
alterchamp mana suaranya,negative
alter ego juaranya,negative
rrq go,positive
cendy drak sistem,negative
go rrq,neutral
vote min,positive
chip chip domino,neutral
alter ego onic,negative
m,positive
gf nta rrq lawan mana gess beaming face with smiling eyes,neutral
alterchamp goo,negative
rrq raja setidakla raja goa,neutral
m tidaks,negative
tlph dibagi telor ama rrq tlph mah team ez onic mah tim apaan,negative
woii,negative
admin ntidakntuk,negative
rrq kapan malter egon,negative
indo indo indo rolling on the floor laughing rolling on the floor laughing rolling on the floor laughing,neutral
trophy yellow smiling onic,positive
hahahahah egood tidakmepos kapan malter egon gess,negative
sematidakt,negative
onic trophy yellow smiling,positive
sini jt gw petidakng onic face blue smiling,negative
go rrq go to the bank tidakme,neutral
alter ego go go go go go go,negative
votenya mana min,negative
ayo onic,negative
rrq badut,negative
kingdom ayam,positive
nyo rekber tidak,neutral
onic kalah,negative
gue alter ego juta serius,negative
kiukiu,positive
jantidakn cari tidak ads,negative
bandar qq domino,positive
grand final nya rrq vs mana gess face with hand over mouth,neutral
yt yt yt yt,negative
alter ego is next the champion,negative
index pointing up clown face,negative
kelamaan astatidaka,positive
butuh vote,positive
let s go alther ego,negative
evos kapan main,negative
kiumiu,positive
rrq turu sleepy face sleepy face,neutral
waktu uang,positive
hm,negative
eek,negative
remehin alter ego biar juara moai,negative
juta alter ego,negative
onic menang lah,positive
alter ego semantidaktt,negative
juta alter ego,negative
kurumu,negative
berani taruhan juta onic vs alter ego,neutral
my kairi loudly crying face loudly crying face,negative
kingdom dukung alter ego karna nino jutidak dukung alter ego karna benci onic face with tears of joy fakta,negative
lest go alter ego,negative
this is onic timee,negative
tidaks alter ego jt,positive
onic jatuh dr langit,positive
udh onic menang,neutral
match mentidakndung beras,neutral
gelo cendy,neutral
rrq,positive
rrq juara mulu bosen jadinya,negative
onic vs alter ego sejuta sinii wa,negative
alter ego gokgokgokgokgok,negative
lama banget mulainya,negative
alter ego tim apaan rrq punya lemong jago kagura speaking head,positive
jam berapa mulai nya,negative
dong alter ego juara,negative
tidaksken,negative
card red penalty,negative
domino,positive
draf bagus hero pool byk,positive
bismillah onic juara trophy,positive
tidak sejarahnya badut juara mpl,neutral
mulai jam beralter egopa,neutral
siapa dukung onic komentar bawah gess,positive
alter ego go go go,negative
goceng onic nichh,positive
onic,positive
onic vc alter ego gua onic sejuta wa,negative
alter ego,negative
popcorn yellow striped smile,negative
jt alter ego lanjut dm aja roqs,negative
ar juara,neutral
rrq juaranya,positive
tidaks jt up,negative
bismillah alter egoe,negative
onic team apaan rrq punya lemong jago kagura speaking head,positive
onic juaranya liat aja,positive
hah rrq yakin,positive
kingdom nyamar jadi fans alter ego,negative
hidup jokowi,positive
tidakss onic,negative
alterr egoo,negative
apapun hasilnya onic juaranya,positive
let s go onic,positive
googoo alter ego,negative
alter ego lah,negative
alter ego selama nino kiamat tidak bakalan juara,negative
dukung onic tp kalau alter ego juarapun tidak pp ikhlas kalau guamah,negative
rrq jelek,negative
fans fomo karbit oknum jutidak kumpul disini ahahah face with tears of joy rolling on the floor laughing rolling on the floor laughing,neutral
drama iklan,positive
rrq tim apaan,negative
viva rrq,neutral
abden kang,neutral
jm brp mainnya ni,positive
bismillah alter ego juara,neutral
score nya,negative
rrq miskin,negative
jt onic,positive
juta alter ego menang,negative
bismillah alter ego juaranya,positive
ku jual mobil gue kalah onic,negative
mulainya jam tungood tidakmeu aja,negative
winking face with tongue,positive
rrq,positive
face exhaling,positive
rrq biadap,negative
alter ego juara biar mpl ida tidak jadi litidak tani bosen onic mulu,negative
letssgoo rrq juara,positive
onic juara lah,positive
bosannyaa head shaking horizontally,negative
prediksi guaa juaranya salah satuu nihh handshake,neutral
evos kapan main,negative
lemon the goat mobile legendsbb,positive
alter ego juaraa,negative
hidup joki,negative
alter ego kyknya sieh,negative
dukung rrq tidak ush nonton mewek,neutral
goo,positive
onik sama rrq bubar aja alter ego juara,negative
tidaknti music nya bosen,negative
gua dukung onic tapi alter ego kasih perlawanan,positive
mulai nya jam berapaa inii,negative
king alter ego tolongs,negative
lah ad si cendy skip dulu daah,neutral
alter ego jt sini,negative
jt onic,positive
top global rrq go,neutral
onic main j brp,neutral
alter ego ribu,negative
apaan si sini tidakada fomo an fun aja,negative
rrq kapan main,positive
rrq baduttyy face blue smiling,neutral
admin memmejkk,negative
alter ego juaraa,negative
onic fiks,negative
taruhan tidakme,positive
rrq main jam berapa,neutral
goaa,positive
alter ego mengukir sejarah,negative
kingdom nyamar jadi altercamp,neutral
tlph dibagi telor ama rrq tlph mah team ez onic mah tim apaan semua benci rrq cuman iri ama rrq,negative
hidup joki ajing biji hilang satu,negative
alter ego punya doa jalur langit,negative
rrq raja setidakla raja,neutral
winking face with tongue backhand index pointing up,neutral
rrq juara nontonin play op,neutral
rrq kapan mainnya,positive
jantidakn taruhan tim kalian dukung kalah tidakmau bayar face with tears of joy,negative
lah,positive
alter ego ribu,negative
bocil kingdom nonton jutidak,negative
ayok onic kalian menang lg flexed biceps,positive
lemon the real goat lemon lemon lemon,positive
onik jt,positive
tidaks alter ego,positive
yuu alter ego,negative
ucup jarko,neutral
gooaa,positive
alter ego jago banget,positive
rrq kapan main min,neutral
w,positive
iklan trus,negative
gook alter ego,negative
iklannya masayaaallah tabarakallah,positive
evos,negative
entah gua yakin onic juara tapi semantidakt aja apapun hasilnya kalian lakukan terbaik,positive
mn nih,positive
jugan lupa respek banned,negative
mana suaranya sonic antidakat pialaa,negative
nino,negative
kesuween,positive
aku lah sang kingdon,positive
rrq aja tidak lolos gimana mau main cat with tears of joy face holding back tears cat with tears of joy,negative
yamet kudasai,positive
onic sans landak kuning flexed biceps,neutral
onic tolongs,neutral
kingdom banyak tidaknti skin jadi alterchamps tertawa,negative
onic,positive
kasih,positive
astaghfirullah,negative
onic jt,positive
iklan dlu,neutral
alter ego yok kasian nino belum ngerasain juara,negative
rrq kapan main,positive
kelqmaan,negative
onic lah juaranya,positive
jt alter ego,negative
onic menang,positive
kapan mulai,negative
yuk alter egok piala pertama,neutral
inget,positive
onic,positive
uda kasih alter ego ajha piala nya guys,negative
alter ego bott,negative
bismillah folded hands alther ego,negative
kurangin gengsi up mental let s go antidakat trofi alter ego,negative
malter egonnya jam setentidakh kan,negative
penduduk asli goa hitam pepeqii,negative
onicv,positive
alter ego woyy face blue smiling,negative
udah ketebak,negative
respect alter ego kasih alter ego juara,negative
alter ego all in,negative
bismillah semotidak alter ego menang aminn,positive
semantidakt perwakilan m from kingdom,neutral
ayo alter ego ukir sejarah,neutral
respect,negative
jam brp star nya,positive
mau taruhan sini,neutral
katanya doang main jam tapi mulainya subuh kebiasaan,negative
yok yok onic,negative
ungood tidakmeer,negative
onic goo,negative
bgian tim apa,neutral
king onik bos,positive
alter ego or onic,negative
skip iklan,negative
lama banget jir,negative
onic vs alter ego,negative
sahronic,positive
jam brp mulai nya,positive
m,positive
malter egon jam brpa guys,neutral
langsung aja kasih pialanya king rrq face blue smiling,neutral
raja goa,positive
siapa main hari we,negative
diatas langit apa,positive
milyar gue petidakng onic,negative
tim nya tidak lolos playof jantidakn berisik,negative
samsung frame drop,neutral
katanya jam malam rrq vs evos,neutral
onic menangood tidakme,neutral
alter ego aamiin face blue smiling,negative
berani taruhan tidak,negative
ayokk landak juara,positive
kasih aja pialanya alter ego,negative
kindong bersama altercamp,neutral
bila mula,positive
alter champs go go,positive
percaya tidak alter ego juara,positive
rrq mana katanya final lewat undantidakn parah ni mpl face purple smiling tears,negative
jt aja onic,positive
alter ego menantidakan lah,negative
rrq kok tidak mian,negative
bismillah alter egoo,neutral
lamaa,positive
nungood tidakmeu apaan dah lama mulai nyaa,negative
jam berapa yaa mainnya,negative
nungood tidakmeuin apaan jir mainnya lama woi,negative
alter ego onic bismillah folded hands alter ego juara,negative
hala madrid,positive
iklan sue,positive
gw metidakng onic,neutral
rrq badut clown face,negative
final rrq vs evos kapan tidakis,neutral
iklan,positive
alter ego juara nih,negative
mantidakn,negative
rrg raja setidakla raja,positive
alter ego menang,negative
onic vs alter ego,negative
sayaa rasa onic mentidaklah,positive
kingdom bersama altercamp,positive
kelas,positive
lma kli,negative
rrq majn ntr jam pagi,positive
samsungood tidakme,negative
alter egoe juara nih,negative
rrq juara,positive
jom tengok rrq goa speaking head,neutral
lama nian woy,negative
jam brp sih mainnya,neutral
raja setidakla renner up etss,neutral
banyak iklan,positive
alter ego let s go,negative
onic kalah jt,negative
nonton ribu like cuma ribu body blue raised arms,neutral
lesgoo,positive
bismillah onic juara yaallah aminn,positive
gjls iklan,negative
tidaklaxy s,negative
main nya jam broo,negative
mulainya,positive
all in onic,negative
alter ego sepele kidss,negative
sule klarifikasi,neutral
anjir malter egonnya,negative
berapa jam si,negative
alter ego mengukir sejarah,negative
iklan setidakban wak,neutral
taruhan dosa besar,negative
rrq raja setidakla badut clown face,neutral
mulai jam brp,negative
ntidakntuk min,negative
score feeling,positive
alter ego letsgoo,negative
tidakme menit iklan jam tidak malu apa mobile legend sama tidakme moba,negative
alter ego sepele,negative
bolabdia,positive
bolkoajta,positive
onic or alter ego,negative
logo mpl id nya mau diturunin sendiri apa mau diturunin king alter ego,negative
goo rrq juara,positive
alter ego jt sini dm gua,negative
jam berapa sih,negative
jam brpa,negative
bolokokata,positive
udah rame aja nih,negative
nungood tidakmeu gorentidakn dibagikan face blue smiling,negative
jam anj mulai nyaa,negative
woi koh delwyn live dong,neutral
harap,positive
min sung alter ego,negative
fix rrq goa,neutral
alter ego suka sepelein catat,negative
haus broadcasting,neutral
mulaikhaa,positive
rrq tidak lolos oi,negative
wong irreng,neutral
iklan wok,negative
deg detidakn aa smiling face with tear,neutral
rrq atas onic,positive
loh,negative
alter ego mana suaranya,negative
onic jt,positive
onic onic onic,positive
admin pusing beaming face with smiling eyes,negative
mainya jam,neutral
udah sore kali,negative
deh jantidakn bawa bawa tidak tidak sini dukung main,negative
gua pengen eek,negative
lo ee lo ee,negative
onic sentidakja mentidaklah,negative
bismillahirrahmanirrahim semotidak onic menang amin palms up together,positive
onic jt,positive
alter ego menang gua tandai,negative
seru nih,negative
menang lawan ererki,positive
set woy malter egonya,negative
raja setidakla raja,neutral
rrq kapan main,positive
alter ego sepele coach starsayandrom,negative
nonton ribu like cuma ribu body blue raised arms,neutral
alter ego jt,negative
alter ego jt ayo berani,negative
koh live dong koh,positive
alter egolah taruhan jt makan aja pakai telor,neutral
lamaa,positive
katakan dunia king evos pulang goa tertawatertawa,neutral
apaah tertawaw,positive
alter ego fiks,negative
go go go m,neutral
main jam,neutral
hape xiomi sok taruhan,neutral
alter ego tidaks,negative
elbowcough elbowcough,positive
alter ego jt adakah,negative
kingdom jntidakn kepancing sentidakja hina kingdom kingdom ramai dsini,negative
loudly crying face loudly crying face,negative
onic lah,positive
banyak fans bocil,negative
go kairi hedgehog red heart,negative
onic semantidakt,negative
triliun,positive
jt aja petidakng alter ego gw,negative
nungood tidakmeu m,negative
ayo ayo bismillah onic menang,positive
mu vs,negative
malah judi face with rolling eyes hidup melarat so so an judi taruhan,neutral
lets goo onic id semantidakt onic,negative
fiks alter ego tidur aja,negative
llama sekali yaa,positive
alter ego jt,negative
bismillah folded hands alter ego juara,neutral
masi lama,negative
anj menit,positive
lama cuk,positive
onik jt,positive
onic juta adakah,neutral
tolongs jantidakn harepin alter ego menang biar pasif nya aktif moai moai moai,neutral
menuju babak plyof grinning face with sweat,neutral
m apaan,negative
alter ego antidakat trofi trophy,negative
final rrq vs siapa,neutral
onik sekarang kahh,negative
nonton ribu like cuma ribu body blue raised arms,neutral
bosen onix lolos terus tapi tidak pernah bawa piala mseries,negative
alter ego dark sistem,negative
jam brp sih,negative
yapping nya,positive
kapan mulai matchnya,neutral
yalter egola sejam lebih nungood tidakmeu,negative
malah judii,positive
nic alter ego,negative
langya pa to,neutral
this alter ego time not onic time,negative
sejam setentidakh wak,negative
lama njir menit,negative
dukung onic ketik,positive
this alter ego time not onic time,negative
halo,negative
alter ego juara,negative
ban yss jasuke,neutral
nonton ribu like cuma ribu body blue raised arms,neutral
onic jt cari lawan,neutral
yapping,positive
yuk alter ego juara,negative
onic menang udah,negative
menit gelo,positive
bismillah evos is back,neutral
alter ego tidakbakal menang,negative
stop taruhan woy,neutral
mana woii,negative
judi,positive
mabar,positive
goodluck alter ego group stage exit secured in m,neutral
mana katanya ipos is bek face with tears of joy face with tears of joy face with tears of joy,neutral
alter ego let s go,negative
dinda orang dinda,neutral
main jam berapa bre,neutral
onic alter ego,positive
onic onic,positive
mahal bang eyes purple crying,positive
gelo menit loh,neutral
alter ego gok gok gok,negative
puyatan matatapos laban alas,neutral
jam berapa tidakme nya bg,negative
alter ego bakal pecah telor juaraa,negative
rrq main jam berapa,neutral
good luck alter ego letsgooww black heart black heart black heart,positive
jantidakn harepin alter ego menang biar pasif nya aktif moai moai moai,neutral
kasih si biar dk bosan mpl jugan onic mulu,negative
karbitan alter ego banyak tertawatertawa,neutral
baru rbu view,neutral
lets go todaak,neutral
main jam berapa ni,negative
bismillah folded hands alter ego juara,neutral
alter ego menang dentidakn score,negative
bismillah semotidak ngood tidakmea karbitan,negative
kalah biasa,negative
menit lgi brp jam jier,negative
ayoo onic id semantidakt onic kalahkan alter egoo onic match panas hari,neutral
onic juara mpl,neutral
go alter ego,negative
onic jt,positive
lagood tidakme,negative
ayo pilih alter ego ketik pilih onic ketik,negative
ff,negative
main jam brp bg,neutral
nonton ribu like cuma ribu body blue raised arms,neutral
ciee final sepi tidak da evos rrq,neutral
onic kalah,negative
udah mulai bg,negative
kendy,positive
aku sonic tpii feeling ku menang alter ego loudly crying face loudly crying face,positive
lets go alter ego bantai onic face fuchsia tongue out,negative
aq pendukung onic pngen sii onic menang tpi aq jutidak pengen alterigo menang karna terharu sama nino nya season season tidak lelah berjuang onic ntidaklah dulu lah kasih nino kebahagiaan impiannya,positive
setia alterchamps s,neutral
alter ego,negative
siapa berani gue alter ego meliyar,negative
miskin aja sok mau taruhan,negative
kendi,positive
siapa cok,negative
ukir sejarah is real,positive
kendy siapa kocak,positive
mulai jam berapa tidakis,negative
onic menang guys,positive
baru mulai,negative
face blue smiling,neutral
cendy crispy iy,positive
onic banget,positive
tidak dulu deh,negative
alamak cendy,positive
rrq jadwal nya kapan,positive
menit kocakk,positive
sepi karna belum mulai boy,negative
si retplek kata pens debu ungu,neutral
dica ricardo siapa,neutral
beneran cendy jing tertawatertawaw,positive
si sanz sakit katanya,negative
alter ego gogogo,negative
aihh lama,negative
juara tetap onic adik,positive
opet tertawa,positive
rrq kapan main,positive
gelok public enemy,negative
jam berapa mulainya bang,negative
s marketing face with tears of joy face with tears of joy face with tears of joy,positive
rrq kapan oi face red droopy eyes,neutral
psti,neutral
beda sama dibawah pleading face kalau menang koar koar,neutral
yuka cuy,positive
we own this,negative
yok lah alter ego juara,positive
jam berapa mulai yh vg,neutral
alter ego m winking face with tongue,negative
onik jt aja sini,negative
cepet mulai,negative
ogogo alter ego,negative
thanks,positive
iklan ni,negative
menang alter ego gua mimpi tidakme terakhir arfy savage,neutral
cendy bala bala y,neutral
cebdy,negative
jam cuma buat iklan face blue smiling,neutral
onic ni,positive
gue petidakng alter ego m siapa berani,negative
woy lama gua mau liat final rrq face red droopy eyes,neutral
weuy jantidakn judi,negative
mainnya,negative
face red droopy eyes face purple crying,neutral
skip dah,negative
cendy alyssa,positive
tired face,negative
caper,negative
meskipun alter ego musuh tapi alter ego rispek sama tim lawan,negative
mainkan elzard,negative
bercanda wee,negative
rrq main jam berapa bwang clown face,neutral
bukan onic menang,negative
crispy cendyy,positive
tidakya lu,positive
ayoo onic menang onic kasih alter ego tidakme ajaa,positive
onnik nih,positive
bangun sendi cari kerja sono,neutral
ramaikan kolom komentar dentidakn,negative
eyes purple crying,positive
parakan,neutral
onic bantai alter ego,negative
kata lucu epos is bekk,positive
chou kejut cendy tertawa,negative
aku alter ego,negative
egood tidakmepos ntidakrep m,negative
congrats onic id,negative
nonton ribu like cuma ribu body blue raised arms,neutral
haa,positive
woe mpl id yapping,neutral
misikn teriak miskin lucu face with tears of joy,negative
waktunya alter ego juara bismillah,positive
mas sandy mas sandy tertawatertawatertawa,neutral
penting ngomong,positive
lama,negative
woy rrq kapan malter egon,neutral
onic anj,positive
jantidakn pamerin iklan lu,negative
alter ego,negative
cendol dark sistem jiing,negative
alter ego mental nasional blm internasional,negative
rrq jam berapa serius nanya,negative
mulai jam kelama,negative
gua dukung alter ego kok hapus komen gua,negative
evos mimpi kemarin guys,negative
onic alter ego gue mau onic juara tapi ntidak pengen alter ego kalah,negative
jam berapa mulai nya,negative
se sempurna apa si lo sampe nge hina bang cendy,negative
jam brp mulainya,neutral
jam berapa main,negative
sapa fans masuk gua aja sono,negative
mainnya jam jugan tungood tidakmeuin,negative
harinya alter ego,negative
onic,positive
mingcun jahat pleading face,negative
jantidakn kasi kiboy hero inisiator,neutral
kureng sendi,neutral
jam brp main,negative
koh tenang nino usahain bawa trofi gh alter ego trophy,neutral
match mpl vs mpl,neutral
yapping mulu,positive
nt oppo cendy,neutral
llq goa,positive
dah keluar,negative
grand final sepi,negative
ntidak berani sama gue petidakng alter ego m,negative
onic main,positive
lama yaping,negative
onic champion mpl indo n champion m,neutral
cepot cepot,negative
jam berapa sih,negative
lama ajuga,negative
nafari out,negative
info main jamber,neutral
nonton ribu like cuma ribu body blue raised arms,neutral
alter ego go go go,negative
jam,positive
pemuda pancasila tidak,negative
onic grup konsisten,positive
buat lama aja cecunguk,negative
rrq main jam berapa,neutral
jam berapa si mulainya,negative
kok sepi kursinya bnyak kosong,negative
ego juara,positive
rrq,positive
misi king onic bentar antidakat piala,neutral
nairana brisik caper bngt lol,negative
onic,positive
my kairi,negative
evos evos disini evos evos disana,negative
rrq,positive
nonton ribu like cuma ribu body blue raised arms,neutral
match nya mulai pukul berapa bang,neutral
face fuchsia wide eyes,positive
kalah bukan musuhnya jago pleading face,positive
cangood tidakmeung,negative
ayam cuih,negative
winking face with tongue,positive
sepi karna belom malter egon,negative
kapan mulai nya,negative
katanya tidakme jam,negative
mulainya lama jam,negative
judol buset,negative
cuan cuan cuan,negative
my kairi loudly crying face loudly crying face,negative
rrw,positive
lawan kalah asal jantidakn sama evos pleading face,negative
nairana brisik hama,neutral
skip aja ni,negative
info in dana alter ego,neutral
tq,positive
tidak palter egodahnya banyak cakap,negative
pialanya kasih alter ego aja onic,negative
matchnya mulai jam berapa sih,negative
albert badut,negative
jam brapa mulai,neutral
onic lesgow,positive
kok banyak nanya air air qyu,negative
memeq,positive
maaf tapi onic borong piala bawa balik piala m series indo,neutral
mulai nya cok,negative
kasih alter ego juara tidak sih onic,negative
onic juara nih mah,positive
rrq kpn main,neutral
jamber guys mulai,negative
kairi sumedang tertawatertawa,neutral
ktertawatertawakw kairi,neutral
goww,negative
match cuan,positive
kairoo,negative
kairul loudly crying face,negative
match jam,neutral
rrq fans nya bocil tertawa,negative
a,positive
kan rrq,negative
bersama koch adi siap tsunami tropi hugood tidakmeing face hugood tidakmeing face hugood tidakmeing face,neutral
rrq aneng,negative
pede onicvv,positive
dz,negative
s,negative
mah kumar,negative
alther ego,negative
alter ego onic belom dateng pik,negative
berharap alter ego menciptakan sejarah baru mpl id season,neutral
jam set wib kan,neutral
tidakss onic kuu,negative
lah kairi mullet woii tidaktau tertawa,negative
gogogo onic,positive
iya bang iya rrq tidakda tidakusa banyak bacot,negative
z,positive
stopp rrq kapan main rrq tidak lolos play off,negative
bismillah onic juara mpl s,neutral
benak onic fans mimpi mata altercham saatnya menghujuntukan mimpi terkubur,negative
kairo,positive
onik fiks juara,neutral
nonton ribu like cuma ribu body blue raised arms,neutral
juara ikut piala agustusan,neutral
lamanya loudly crying face,negative
pleading face waktunya bukan onic,negative
mana,negative
langsung intinya face with tears of joy face with tears of joy,positive
muntidakin,negative
tidakcor,negative
alter ego go,negative
lama,negative
mulai jam brapa,negative
bismillah onic menang aamiin,positive
rrq mana rrq,negative
dimulainya kapan btw,neutral
okay,negative
bismillah onic yok yokk,positive
goo onic,positive
onok,positive
mulai jam brp,negative
lama,negative
nt dah,positive
letsgo onic,positive
bismillah alther ego juara,neutral
onic,positive
langsung piala nya kasih king alter ego,positive
bjir ai,negative
rrq ayam,negative
ayamm,positive
backhand index pointing up winking face with tongue,positive
sabar kocak org tidakada mau nonton kuis kya gini nungood tidakmeu mulai dlu,negative
bismillah semotidak onic juara,neutral
jam brpa main jing,negative
goo anic,positive
mulai jam,neutral
on international champion onic,positive
main menit lag,negative
voting bre,neutral
rrq bot,negative
jam berapa mulainya,negative
lamanya yaping jutidak,negative
epos tlph,negative
woii atidak cepetan dikit,negative
rrq pulang beaming face with smiling eyes,negative
tes,positive
belum mulai kan,negative
tidakis mainnya,negative
llaammaa,positive
mah apa samsung busuk,negative
ereri ko gda tim ayam,neutral
backhand index pointing down winking face with tongue,neutral
es teller,neutral
ketik,positive
nonton ribu like cuma ribu body blue raised arms,neutral
q,positive
mana nih blm nonton,negative
mama aku mseries,positive
winking face with tongue winking face with tongue winking face with tongue,positive
rolling on the floor laughing rolling on the floor laughing rolling on the floor laughing,neutral
rrq,positive
sorry end thenk you,negative
face blue wide eyes face blue wide eyes,neutral
spam semua jir,negative
lama ntidak sabar pengen lihat onic hari akhir,negative
ketik,positive
btr badut play off clown face clown face clown face,neutral
sorry end thenk you eyes purple crying,negative
memk,negative
rrq menang hari,positive
waktunya onic bkn rrq,positive
pak ap,neutral
rr,positive
min running text nya kurang spasi mpl indonesia season harusnya spasi,negative
apa bang,positive
mtidakpain sih komennya,negative
goa,positive
keburu mau cas hp gw,neutral
backhand index pointing down winking face with tongue,neutral
alter ego jt,negative
cristiano ronaldo nomor is the goat rrq hastag goat,neutral
body blue raised arms,neutral
pleading face lawan siapapun kalah asal jantidakn evos pleading face,negative
cat with tears of joy,positive
comment an orang indonesia paling tidak bermutu pantes bnyk miskin,negative
gw alter ego jt,negative
spam rrq,negative
hama,positive
cuma evos cuma evos cuma evos cuma evoss,negative
percuma masuk playoff kalau tidak final,neutral
alter ego jt,negative
waktunya alter ego juara,neutral
titidak ll,negative
jam brp mulai,negative
evos pulang,negative
predik alter ego juara,neutral
atas langit onov,neutral
backhand index pointing down,neutral
mulainya jam berapa cok,neutral
alh feler,negative
waktunya bukan onic pleading face,positive
langsung aja kasih rrq pialanya,neutral
alter ego jt,negative
tim cendy,neutral
king of,positive
penuh arti piala onic urutan si tim jago,neutral
mulai jam brapa pler,neutral
it s time alter ego menjadi juara,neutral
goo alter ego buat cetak sejarah bawa piasa mpl jadi final m aamin,neutral
m nya apa,negative
face orange raised eyebrow,positive
king,positive
rrq rrq,positive
is back evos,negative
lama ktl,negative
nice alu,positive
xie baru lolos play off,neutral
penguin blue waving tear,positive
aku suka tuan alter ego,positive
tolongin lah evos pleading face,neutral
nak,negative
predik alter ego juara finals mvp nino,neutral
kingdom sedang menyamar,neutral
grinning face grinning face,negative
bencyanaa,negative
serius aku nonton dri jam,negative
oke,positive
king rr back,neutral
alter ego juaraa,negative
king ivis is bick,negative
jam berapa mulai nya,negative
alter ego menang,negative
mpl dentidakn yapping terbanyak,negative
berapa jam,neutral
mulai nya jam brp,negative
kot,neutral
full tidak stage,negative
m backhand index pointing down backhand index pointing down winking face with tongue,negative
jam berapa,negative
go o,neutral
emang goa sinyal rrq,positive
kapan mulainya min,neutral
rrq poke,negative
kink iposs back to goa,neutral
asik jutidak nih event nya pilih hero hero rolling on the floor laughing,neutral
semotidak coach adi ngood tidakmek respect ban yss,negative
les goo alter ego,negative
belzing duet from skylarkk,positive
suara gemini imut jir,negative
kebanyakan yapiing,negative
face with tears of joy face with hand over mouth,positive
ayo semua pilih alter ego ketik,negative
yazuke cuma yss haya,negative
onic juara good tidakme onic,positive
mulai,positive
alu sma miya jir tertawaktertawatertawa,neutral
kink alter ego vs kink onic,neutral
gemini darksistem anying,negative
semantidakt alter ego lu juara,negative
stop yaping,negative
rrq,positive
saaveeroo,positive
mpl id mpl dentidakn yapping terbanyak,neutral
nonton rb like rb subrcribe jt sekarang jam,neutral
good tidakme onic,negative
iya njir,negative
rrq kg main,positive
evos jm brpa,negative
kawal terus,positive
rrq lawan apa final nya,neutral
udah coyy udah gosong jantidakn dimasak ntar makin gosong face with tears of joy,negative
alter ego mengukir sejarah trophy yellow smiling,neutral
aokwos miya,neutral
goo onic,positive
pak ap nangiss,positive
topi bimo picky pick,neutral
evos baru lolos play off,neutral
yaping yaping yapinh,negative
hero darksayastem tapi player nya bukan darksayastem face with hand over mouth,neutral
onic menang gw botak,negative
mainnya setentidakh sore adik adik,neutral
pak ap kembalikan skylar pleading face,neutral
semantidakt alter ego flexed biceps,negative
pasif onic coach adi,positive
oo perintidakat rrq,negative
buffering buffering buffering buffering buffering buffering buffering buffering buffering buffering buffering buffering buffering buffering buffering buffering buffering buffering buffering buffering,negative
lamaa,positive
take a long time,negative
number kok msuk goa person turqouise waving,neutral
rrq kingdom x lokal,neutral
kasih pialauntuk king alter ego,positive
m maksudnya,negative
cr,neutral
mulai jam berapa bang,negative
harusnya perintidakat ikut m,negative
finger red number one medal yellow first red after ego,neutral
mau nanya main jam berapa,neutral
ayam rrq,neutral
kapan mainnya,positive
hai,negative
lets go alter ego mengukir sejarah,neutral
gemini darksayastem,positive
rrq menang amiin,positive
ngetik evos fam tertawa,negative
alter ego menang allah,negative
cendy dark sistem gua sering liat live nya mas dean,neutral
gua petidakng onic alter ego tim apaan face with tears of joy face with tears of joy,neutral
letsgi alter ego,negative
prediksi alter ego onic face orange biting nails,neutral
backhand index pointing down squinting face with tongue,neutral
uu,positive
banyak okum gini gokil,neutral
rrq main jm berapa,negative
coach adi jantidakn ban yss yazuke,neutral
alter ego vs onic rrq menang,neutral
bet,positive
spam tuh sdm rendah tidakmpang provok,negative
gemini kapan rrq m series,neutral
eeq menang,positive
face with tongue,neutral
rinz the cringe udh alm,negative
fans rrq,neutral
pe ape,negative
komen rusak jirr main siapa face green smiling,negative
er er ki main jam berapa,neutral
gio,positive
kucing berak sekebon tertawatertawa,neutral
miskin yatim piatu sok mau taruhan,negative
jam brpa mulai main nya,negative
november o nya apa onic,neutral
req menang,positive
l mpl,neutral
lama bngt ni mpl bisan nonton,positive
goa peruntukan reguler or julukan goa moai,neutral
alter ego onic,negative
jantidakn miya lah winking face,negative
maju jauh ujungnya tidak lolos,negative
lama anjir,positive
mulainya jam berapa si,negative
jawab main jam berapa,neutral
jantidakn nyalakan pasih alter ego folded hands folded hands folded hands,negative
let s go rrq rolling on the floor laughing,neutral
lamanya,negative
albert dibeli rrq bareng brusko,neutral
tebak siapa menang alter ego onic,negative
goa nomor udah nongol,negative
apaan dahh lama bangt anj,negative
maksud nya apa,negative
tidak penting langsung match aja,negative
kalian dukung mna onic sini deh merapat,positive
onic turu walter ego,negative
bismillahirrahmanirrahim goo onic wiin,positive
main nya jam guyss,negative
november n nya apa navi tim apaan rrq nih squinting face with tongue,neutral
alter ego wwiinn,negative
alter ego onic face orange biting nails,negative
crispy cendy ikut main mobile legends,positive
adik adik mainnya,neutral
he,positive
lah mm lah,positive
udh bner tidak rrq kalian mobile legendsah bahas rrq mulu bukannya tenang kalian malah bikin brisik,negative
pakai saber aja winking face,negative
apipi,positive
oktober bersearah,neutral
jam berapa main nya,negative
liatin tidakme nya lah mpl woi,negative
malter egon jam brp guyd,neutral
gw mekkah berdoa onic semotidak menang,neutral
alterego bismillah,positive
alter bego go go,negative
liat tidakmeplaynya woy,negative
kpn malter egonnya ee,negative
alter ego good luck berproses semotidak menang,negative
emot kairi dulu guys winking face with tongue backhand index pointing down,neutral
tidakring,negative
kingdom iri liat tim nya playoff aja tidakbisa,negative
squinting face with tongue,neutral
let s go king alter ego,negative
mana tidakme play na,negative
its alter ego time,negative
menang lawan rrq,positive
kapan malter egonnya etdah malah tidakjelas,negative
mpl makin kesini makin bnyk drma tidakring,positive
cendy bot,negative
laamaa,positive
goa nomor pala nya nongol,neutral
jam ntidaksal,negative
nah bener udah tidakada aja bahas terus sebenernya mau tidak rrq ngood tidakmeak sama aja grinning face with sweat grinning face with sweat,negative
alter ego mengukir sejarah onic ntidaklah aja hand orange covering eyes,negative
dinda sok asik,neutral
challenge tidak penting,negative
malter egon jam brp,neutral
rrq posisi jadi langsung lolos m,neutral
mulai aja langsung tot,neutral
oo tidak,positive
alter ego menang sih,negative
rqq jam berapa main,neutral
gua mimpi alter ego juara,neutral
mulai jam brp,negative
alter ego pede,negative
alter ego mengukir sejarah onic ntidaklah aja hand orange covering eyes,negative
tidak ajak,negative
kingdom,positive
belum mulai,positive
mpl tidakring publik min lihatin,negative
jauh sono,neutral
langsung kasih aja piala mpl buat alter ego minn,neutral
mpl gring publok poke liatin,negative
alter ego gw tetap mendukungmu meskipun tahun berlalu,negative
alter ego gogogogo,negative
kingdom tau tidak hand orange covering eyes,negative
yakali tidakda malter egon miya,neutral
kapan mulai bg,negative
piala pertama alter ego,neutral
day terakhir mpl,neutral
publik poke main liatin odang mau liat pro player malah liatin pkke poke,negative
piala mpl onic brp,neutral
x nomor koar face blue smiling,neutral
kasih trofi nya kek alter ego kali,neutral
darat,positive
onic alter ego kapan,negative
rrq ukir sejarah,positive
onic alter ego bingung gw,negative
alter ego alter ego,negative
subscriber mpl jt,neutral
rrq malter egon,neutral
fanny darat yawning face,neutral
funy darat,neutral
fany darat rolling on the floor laughing rolling on the floor laughing,neutral
percuma playoff tidak juara,negative
darat njiirr,neutral
jam brpa mulainy,positive
lama kh main nya,negative
tidak energi maksa ektertawa,negative
bo,positive
darat bener,negative
darat vanget,neutral
inilah nyatanya darksayastem squinting face with tongue rolling on the floor laughing,neutral
rrq punya scoc tim tidak punya wlee elbowcough,negative
ntidakntuk,negative
maksa make funy hahahaha,negative
sok make fanny darat,negative
jam berapa main nya ges,neutral
tidakya tidakyaan lu main fanny cable angin gtu,positive
rrq main yah,positive
wts tiket grand final legend tidak datang sakit folded hands,neutral
langsung kasih pilanya onic esport gelloik,neutral
darat ks,neutral
funy epic,positive
goo onic,positive
publik rank,positive
darat nat,positive
jam berapa main nya,negative
tidak ajak sok asik,negative
faniy darat,neutral
fanny panuan ktertawaw,neutral
tidak fannyy,negative
bo kan,negative
jam berapa main nya,negative
rrq vs onic,negative
poke nah rajeh,neutral
admin mpl live final nya jam brp jing malah nyuguhin tontonan tidak bermutu,negative
mawi,negative
udh miss banyak tintidakah,negative
jam we jam,negative
rrq malter egon kejuaraartn rw,positive
lama banget jam brp,negative
fanny darat,neutral
penonton nya dikit karna tidakda rrq raised hand cat with tears of joy raised back of hand,positive
oke makasi,positive
evos cuma punya m karatan face purple crying,neutral
x hastaq nibos,neutral
kocak mpl tidak jelas,negative
mulainya jam brp jir,positive
rrq main,positive
tidakda rrq penonton nya cuma dikit smirking face pinching hand,negative
rrq nnti malter egon kejuaraan kecamatan,neutral
rrq kapan,negative
tertawatertawatertawatertawa,neutral
nanya fanny darat lu malter egon tidak face blue smiling,neutral
wib,negative
evos juara kecamatan,neutral
tidak badut jadi sepi,negative
untung gua dukung menang,positive
wib woi baru main,negative
g bermutu,positive
grand final jam brp,neutral
alter ego juara goodvibes,positive
lila,positive
sorry tertawa goodvibes,positive
jahat mana,negative
jm final main,neutral
lama ck,negative
btr best team in the world,positive
hahahaha darat recall,negative
iya tidak badut jadi sepi padal kemarin pas lawan alter ego badutnya jadi rame,negative
mid baru rrq,neutral
recall face blue smiling,negative
gua taruhan jt metidakng onic,neutral
tidakda rrq tidakda penonton jamet kampuntidakn,negative
semantidakt alter ego juara,negative
evos team purba m karatan nih boss face blue smiling,neutral
miya brawlyy,positive
coo darat banget,negative
apaa,positive
pascol,positive
kapan mainnya onic,positive
a,positive
kocak,negative
latidak tani moai,neutral
kira pascol,positive
gw jutidak lawan fanny,negative
mod berkerja tertawa,neutral
alucard muntidakin muncul,neutral
rrq main kapan bang sorry baru liat mpl,negative
kongdom caper,negative
buat tidak tau onic vs alter ego jam wib,negative
jual skin beli skill,neutral
apalah nih main kaya bucah epicc,positive
tidak sabar liat rrq nich,negative
tertawatertawa,positive
rrq masuk gua lol,negative
kapan main nya bjir,negative
fanny nya tertawatertawa,neutral
war apa,neutral
tidak makro nyaa,negative
kasian esme main sendiri,positive
darat epic,positive
esmeralda nya jago,positive
rrq masuk gua wokotertawawtertawak pemain ampas semua,negative
mpl tidak butuh streaner,negative
rrq klub padel,neutral
retri nya jual indomaret moai,neutral
aldi taher aktertawaw,neutral
yahahaa tidakda rrq,negative
evos malter egon kejuaraan kecamatan,neutral
war epic njir,positive
kongdom anak smp tidur aja dek dek,negative
mulai nya kapan bro,negative
team lawak,negative
req team hina,negative
mulai jam berapa,negative
m karatan tapi kok tidak tertawatertawa kocaak,negative
miya natidak hitam bro,neutral
rrq team hina,negative
evos pemain bagus tapi tidak dapet tiket m,negative
alu retri woi,neutral
udah retri tidak dapet,negative
acara apaan,negative
raccoon nangis goa tertawtertawaw,negative
apalah niat nonton final mobile legendsh nonton kek gini,negative
rerti woi,negative
nico curang,negative
live tidakmeplay ranked tertawawokwok,negative
se sulit m world katanya karatan,negative
bot semua,negative
kapan mainyaa co,positive
jt cemilan rrq match brow jdi klau bahas nonton aq cumn ktawa si,neutral
dico nya retrii,neutral
disini diliat kingdom cari perhatian,neutral
iya soalnya tidak badut tertawatertawa,neutral
cuma evos cuma evos punya m,neutral
face orange biting nails,neutral
evoss modal piala karatan duang susah kan masuk mseries,neutral
evos tidak main lgi kahh,negative
tidakada rrq lebih tenang,positive
perbedaan rank publik player mpl,neutral
tidak sabar liat juara onic,negative
finalnya jam njing,negative
rrq aib esport indo,negative
ntah apa org mw nnton match grand final bkn tidakme ppkmmcm,neutral
goow alter ego bawa fialaa,neutral
m karatan,negative
gemini my istri,negative
king rrq,positive
rrq cuma berisik racoon jantidakn ngetik nangis,negative
jam,positive
cuma evos punya m,neutral
mpl ledies kapan,neutral
entoudfams semantidakt,negative
terus rrq lu kira bakal bikin mpl rugi,negative
masa jam,negative
grapik mentok,negative
karatann m,negative
tertawa alu,positive
celiman gw semua,negative
kapan mainyaa,neutral
mulai jam berapa tidakis,negative
tidakme ppk apa cepat start la,negative
tertawa,positive
rrq ngikutin alter ego sih,negative
tidakme apa cookk,negative
penungood tidakmeu goa pala nya nongol,negative
this is not even onic vs alter ego bro,negative
evos terus evos terus punya m tidak bosen apa,positive
alu beban,negative
mana jama jam jir,neutral
dark sistem kocak alu,neutral
gelo miya pascol,positive
evoss susahh kann main internasional m karatann,negative
udh bubarin gw mau liat final,neutral
tertawatertawa alu open war,neutral
jam brapa cok,negative
lucu,positive
match grand final manaa tidakme ppk,neutral
war epic,positive
rrq lawan tim gini jutidak kalah,negative
tidakmeplay solo player ranked tertawawokwok,negative
miya skylar muncul,neutral
jam mulai,negative
war kaya gitu glory imo jokian tertawaw orang kaya duit boss,negative
tidak seru,negative
duhh meni lila kie,neutral
skip aja grand finalnya pialanya bakal onic jutidak,neutral
tim lu tidak piala mseries,neutral
ngelagood tidakme,negative
jam berapa mulainya,negative
finalnya diundur besok selasa njingood tidakme,negative
main pk tidake,negative
rrq yatim face with tears of joy face with tears of joy,positive
lamaa bngt apaansi,negative
belom mulai coy,negative
rebutan tiket po rrq malah bahas tiket nonton grinning face with sweat grinning face with sweat,neutral
tim lu tidak punya mseries,negative
baru mulai,negative
host dark sistem,neutral
onic piatu,positive
dis ain t onic and alter ego,negative
lama menit jir,negative
kapan woii,positive
belum mulai alter egolah,negative
apacoba,negative
iya iya,negative
tidak rrq aja sbg tidakme hiburan pertama kan badut lucu tertawa,negative
biar nonton dikit tp tidak toxic,positive
lama menit,positive
tidak perlu tanding inimah,negative
ituu rrq,neutral
jam yaping jam pertandintidakn mpl,negative
rrq lawak,negative
rrw,positive
tertawakw,positive
juta,positive
adek racoon tidur aja,negative
prediksi tidakme,negative
badut m series apa,neutral
mkn tuh juara rolling on the floor laughing,neutral
rrq,positive
kapan onic alter ego,negative
face green smiling,neutral
menuu,positive
rrq,positive
ererki eyes purple crying,neutral
apa,negative
kindomg panass,negative
mulu volcano green lava orange,neutral
buset,positive
tidakda rrq penonton nya cuma sepi smirking face pinching hand,negative
asis herell,negative
jagoan fani gua,positive
rrq yatim,negative
face blue wide eyes,neutral
rrq badut m series,neutral
apaan cookk,positive
tidak lolos playoff loudly crying face rolling on the floor laughing,neutral
jam yaping jam pertandintidakn mpl,negative
goa nomor,neutral
datang beli tiket katanya tiketnya tidak laku rolling on the floor laughing rolling on the floor laughing,neutral
rrq evos,negative
hero secret skylar muncul,neutral
rrq kepanas an pojok,neutral
klasemen rrq,neutral
block aja racoon cat with tears of joy,positive
u,positive
apa rrq,negative
apa,negative
yahh gw tidak kesana jadinya tidak dapet,negative
rrq mobile legendsbb trophy international,positive
lama banget,negative
hmm,negative
woy lh,positive
alu kill hand,negative
badut m series clown face,neutral
main jm berapa gren final,neutral
alter ego jantidakn lupa menang,negative
datang sonic champs bayaran dikira dunia cuma kingdom,negative
tidakda rrq penonton nya sepi smirking face pinching hand,neutral
alunya woyy rolling on the floor laughing rolling on the floor laughing,neutral
bot banget kek evos face blue smiling,negative
tidak ntidakruh sama ranking fifa,negative
wakakak,positive
lama mpl,negative
sanz tidakda bapak,negative
acara nobarpun good tidakme ad pihak tim pelit streamer koar koar beras lumpuh sbelah masi perdebat,negative
lama jam,negative
rrq kapan main,positive
afa iya face blue smiling,neutral
comeback tertawa,negative
tidak ntidakruh sama rantidaking fifa menang,neutral
hahahahahahahaha,positive
tidak sepi kok,positive
belom mulai yak,negative
tertawa,positive
blunder semua v,negative
inii bencanaa,negative
jdwal iam mact jam kocak mpl,neutral
sanz buset,negative
sepi lah pinter mulai aja belum cil,negative
afa iya face blue smiling,neutral
gelo,positive
percaya tidak alter ego menang,positive
bapak main mobile legends,neutral
gila nunuuye,positive
kpn mulai woy,neutral
sini gua aj malter egon alu,negative
onik jam berapa,negative
boomer main,neutral
fanny poke,neutral
lama matchnya,negative
muyal jm brph bos,negative
hero secret skylar tidaksabar nih,negative
kapan onic vs rrq,neutral
inikapan mulai,negative
jamberapa,negative
raccoon bakik goa aja sana,positive
tidak rrq tidak kiamat rolling on the floor laughing,neutral
bot,negative
no rrq no drama,negative
mulai,positive
tidakje,negative
fanny nya lucu,positive
alter ego tidaks kann,negative
jantidakn cari tidakada,negative
face red heart shape,neutral
menang onic vs alter ego ngelawan rrq,neutral
kapan woyy,positive
sanz tidakda bapak yahaha,negative
yappingood tidakme,negative
lama jir,negative
by one,positive
jam matchnya,negative
lama woii,negative
no rrq mpl sepii,neutral
lama banget anj,negative
cuma indo parte tmbhn,positive
sayaahronic,positive
jam brpa mulai,negative
lama yapping,negative
langsung alter ego min malter egon,neutral
bubar bubar,negative
jikapun nnt tembus jt amal kingdom buat streaming,neutral
rrq lawakk,negative
semua tidakra jule,negative
bubar,negative
lammaa,positive
mulai nya jam woyy,neutral
tidakusah nntn,positive
yth kongdom mana,positive
tantidakap sayhroni skarenag,neutral
kapan main,positive
onic juara tidak perubahan udh kek litidak ingris,neutral
rrq tetap ramaii,positive
rrq tukang ngcilik,negative
jam kocak,positive
epic epic,positive
bubar aja udh,negative
rrq malter egon jam berapa,neutral
sabar kocak jadwal jam set jutidak,neutral
harusnya sblum mulai kasih match sepuh kaya r rekt lah vs biar seru,positive
kebanyakan yapping,positive
nt cendy,positive
kingdom banyak karbitan,negative
jam berapa cok finalnya,negative
cih,negative
langsung kasi pialanya onic,neutral
ez,positive
tlph juara m series,neutral
rrq main jam berapa,neutral
rrq main grandfinal kecamatan,neutral
paling mulai draf nya,neutral
lama lama lama,positive
lama lama lama lama,positive
tertawaw ntidakntuk,positive
cair cair,neutral
final jam,neutral
cendol,positive
bohong cendi,negative
nt cendy save cendy,neutral
lama woy,positive
lamaa annjugaood tidakme,negative
gimick,negative
jam set baru mulai kingdom,neutral
ajuga opet,negative
mulai nya lu jam segini udh sini ntidakbisin kuota,negative
lb,negative
janji nya jam tapi masi bnyk omong,negative
kirain ketingood tidakmealan tnyta blm main,negative
up purbaya,positive
mainnya jam bang,negative
biasanya nonton jutaan rolling on the floor laughing,neutral
yaping tetus,neutral
lb satset,neutral
diam diam lama lama lama,positive
buzzer,positive
onic main jam cuyy,positive
ponic poke,negative
dico dark sistem,negative
thumbs up,positive
sekelas samsung fun match nya orang orang ginian grinning face with sweat,neutral
penyepung handal,positive
langsung sajaa alter ego jt nihh,negative
congrats alter ego piala mpl pertamanya,neutral
ayok remacth king onic,positive
blum dateng pemain nyaa,negative
lama indo indo,negative
good tidakme,negative
tidak seru,negative
sempat maghrib bru berisik main nya,negative
apa ha,negative
alter ego ready to m good luck for team,positive
onic all in tidakes yahh,positive
apa coba tertawatertawa,neutral
alter ego jt nih tampung lah,negative
buset dah lama mulai nya,negative
lama tidak seru,negative
this is alter ego timee boyy,negative
langsung,positive
face with sayambols on mouth,negative
mulai jam berapa ges,negative
mainnya jam set lol,neutral
selama ucihaa tidak bakal juara ktertawatertawakwmw,negative
apaan tau tertawatertawaw,neutral
cpt,positive
miskin lama,negative
when yah punya hp gitu,negative
jt onic,positive
alter ego jt sini,negative
kalau udah main pastikan satu juta bang,neutral
jt onic nih,positive
king alter ego ayo remacth king onic rebutan piala mpl indo beaming face with smiling eyes,neutral
tidakguna tidakada denger,negative
brp brp woi,positive
onic tapi semotidak alter ego lama m,negative
apasih tertawatertawa,neutral
onic pulang catat eyes purple crying,neutral
si sendy ntidakpain,negative
jt onic,positive
tandai gue kink alter ego menang,positive
onic jt sini winking face with tongue backhand index pointing up,positive
onic pastii menangood tidakme,positive
dana,positive
waww hahaha keren keren,positive
akirnya ler antidakat piala face with hand over mouth,negative
jam berapa tandingnya,negative
yappyy,positive
engood tidakmea kaya mplph indo no good,negative
undang veteran mobile legends kek fun match apa tertawaktertawaw,neutral
oi sendi,positive
suka buang data penonton,negative
dah mulai blm p,negative
huu apa cb,negative
buang masa,negative
cari lawan disini onic jutq,negative
kasih aja piala m nya tlph,neutral
go oinc,positive
banyak ngomong lama banget,negative
onic jt tidaksken sini,negative
uan onic cuma satu uara mpl uara m,neutral
samsung enk banget jujur buat tidakme sinyal kuat perfmanya good tidakme banget,negative
ngukir sejarah kalau menang alter ego karna tidak pernah petidakng piala rolling on the floor laughing rolling on the floor laughing rolling on the floor laughing,neutral
ntidakpain,negative
evos udh nungood tidakmeuan final tertawatertawaw,neutral
brp brp ni,positive
onic semantidakt,negative
bacot mainin final nya,neutral
alter ego sama sonic kapan,negative
alter ego siap kalah lawan onic,negative
onik kasih alter ego juara dong,positive
gopay,positive
lama,negative
onic tampung,positive
juta aku pilih onic,positive
stayhome,positive
allah semotidak onic menang aku serahkan doa ku entidakau allah,neutral
motidak alter ego hokinya belum habis,negative
ketahuan cari berasnya hahaha,negative
lama eu,positive
tevos udh nungood tidakmeuan final,negative
selama aada ucihaa kairi tidak bakal juara m seriess ktertawaktertawa,neutral
kapan main wok alter ego onic,negative
rrq final rolling on the floor laughing rolling on the floor laughing,neutral
jt alter ego,negative
yapping mulu lama,negative
tidak peduli oi lahh face red droopy eyes,neutral
lanjut tidak kelamaan nih yapping nya,positive
lets go alter ego lu,negative
kapan sih main,positive
alamakk lamanyoo,negative
tidakbutuh yapping buruan mulai,positive
banyak oknum memecah belahkan sonic elfamilia guys,negative
mulainya jam woi,positive
rrq vs onic,negative
alter ego siap kalah lawan onic face blue smiling,negative
this is alter ego,negative
lasung tidakme play tidak,negative
lama lamain,negative
yeeyy menangood tidakme selamaat,positive
udh kash alter ego percaya tidak alter ego menang,neutral
paling tidakmenya suruh lama,negative
anjay,positive
tidak dukung sia,negative
jam la gi,positive
face purple crying lamaa,negative
bosen bos banyak cakap,negative
bilang lama baca jadwal gblk mulai jam,negative
yapping tross,positive
tidak butuh yapping min,positive
jam mainnya,positive
sebenarnya manusia harimau,negative
mana tadi bilang alter ego sini gua onic,negative
goo onic shushing face backhand index pointing up,positive
lama nyaa,negative
yok alter ego dulu tidak sih bang juara,negative
kebanyakan ngoceh,negative
jam perjalanan teamnya,negative
uciha kairii kalau lawan ph pastii bapukk ktertawatertawaktertawaw,negative
go go alter ego,negative
tidak dukung siapa karenaa sesama,negative
catat onic menang,neutral
alter ego nihh ayo,negative
lamaa,positive
blm mulai,negative
main nya jam brp,negative
tidur siang dulu cil,neutral
mainya,positive
alter ego juara gua botak,negative
mandi oi,neutral
cendy siapa alter egoron ni bos,neutral
penyepong samsung,negative
alterigo jt,negative
onic vs siapa,neutral
kebanyakan produk sponsor buruab mulai,negative
onic sih gua,negative
calter egor calter egor calter egor calter egor,neutral
siapa,positive
catat alter ego menang,neutral
promoo doang,negative
howak,negative
rrq mah,positive
uan alter ego jadi uara season onic mau uara mpl uara m,negative
buzer samsung yapping,neutral
bocil udah jago nyepung ye,negative
alter ego onic,negative
jadi intidakt sama promosi buts rolling on the floor laughing rolling on the floor laughing rolling on the floor laughing,neutral
good tidakmemu,negative
buzzer samsung yapping,positive
catat alter ego menang jt alter ego,neutral
onic jt,positive
rapsky meningood tidakmeal catat face blue smiling,neutral
kalah menang aku tetap dukung onic onic selalu hati,positive
gua dukung menang,positive
onic menang no debat,neutral
coba kalian tonton dh buts pake samsung rolling on the floor laughing,neutral
kapan mulai nya,negative
cepat woy,positive
rrq mana udah kalah habis posisi cat with tears of joy cat with tears of joy,negative
main jam brpa,negative
alter ego ready to m,negative
kebanyakan ngober,negative
rrq m,positive
lamaa,positive
awaas skaylar mbapuk go alter ego tertawakw,neutral
hp isinya,negative
waktunya rrq bukan onic,neutral
cepat lah,positive
relieved face,negative
main jam berapaa,negative
tragedi tlph tidak sih alter ego,negative
alter egoo,negative
jam mulai nyaa,negative
ynwa,negative
woilah cik cat with tears of joy,positive
nabati isintidak sama teh pucuk,negative
cepatlah tidak sabar liat onic juara,positive
ujan wokk cat with tears of joy cat with tears of joy,positive
ngejek rrq kek bocil,negative
alter ego juara fix,neutral
nabati isintidak sama teh pucuk,negative
mna king evos,neutral
evoss malter egon jam berapa,neutral
bosen litidak tani,negative
kpn mulainya oyy,positive
jam bang,positive
w samsung,neutral
nonton cuma k rrq tidakmain,negative
kpn mulainya,neutral
lama kebanyakan gimmic,negative
huh lama,positive
sudahi yapping nya batre sisa loudly crying face,negative
sentidakja alter ego kasi kalah biar pelajari gem play onic,negative
bosen wuu,negative
nabati isinya sama teh pucuk,negative
alter ego go go go,negative
kiri tidakusah malter egon mobile legends jatidak parkir aja,neutral
kapan mulai,negative
match papan bawah,positive
tlph mukbang landak,negative
ban pdip,negative
onic fokus m aja tolongs,neutral
alter ego in,negative
buruan bangs,negative
oi,positive
tidakis mainnya,negative
langsung kasih piala airairqiu squinting face with tongue backhand index pointing up,neutral
indo kelamaan,negative
what time is it,negative
jam berapa mulai nya,negative
ngober mulu,negative
rrq main pnntnya biasa juta,negative
goo onic,positive
alter ego mengehentikan petani mpl catat red exclamation mark red exclamation mark,neutral
lama,negative
sekarang lgi yapping sana sni dlu,neutral
alter ego in m,negative
onic juara,positive
lama oi,negative
in bukan mpl ph mpl indo bnayk drama,negative
onic ktemu btr,neutral
raja kok tidak lolos playoff,negative
onik,positive
habis juara mpl juara m,neutral
buru napa,positive
go go alter ego,negative
gua onic id m,negative
info rrq main jam berapa,neutral
matchnya jam berapa guys,negative
titidak kata lucu evos is back,neutral
onic m,positive
kapan mulainya,negative
alter ego walk out rrq in awotertawao,negative
sabar jam setentidakh enam woy,neutral
skor match,neutral
buat nanya rrq rrq persiapan m lewat jalur snbp cat with tears of joy,neutral
kebanyakan yapping mpl id pler,neutral
lama jantidakn lama,negative
lama nihh,negative
lah kok match nya belum mulaii,negative
alter ego juara bosen litidak tani,negative
apaan coba,negative
rrq mainnya kapan,positive
bismilla,positive
goo onic,positive
mulainya jam jam lewat gitu tidaksi kek biasanya,negative
perkiraan,positive
rrq match brpa,positive
alter ego juara bosen litidak tani,negative
blom mulai aja udh keliatan onic antidakat piala,negative
ayoo rrq,positive
samsung terbaik,positive
gokil,positive
kok aku kemarin ngood tidakmeak liat rrq,negative
alter ego ni,negative
kayak kemaren nih mulainya jam wib grinning squinting face thumbs up thumbs up,neutral
cepat dikit,negative
kebanyakan supporter rrq bilang onic pulang padahal rrq tidak lolos,negative
jelas alter ego mengukir sejarah hari,negative
ayolah,negative
smiling face backhand index pointing up,neutral
wel,negative
samsung tidaklaxy s ultra ngefremm,neutral
indo tidak tu tepat waktu,negative
alterego mengukir sejarah,positive
evos is back haha tertawatertawatertawa lucu,neutral
dos wedos aku penyok,negative
mulai jam,neutral
dpt hadiah plintidakn beli discont,negative
aku jua mau s fe,neutral
bukan buzzer namanya promo lagian smsung support mpl kok,negative
yaping,positive
evoss panas,negative
evos,negative
penuhin komentar dentidakn,negative
jam berapa cok,neutral
viva rrq,neutral
bang rekomendasi hp,neutral
evos panas,negative
baju putih mirip kars,positive
kok lama,negative
rrq mimpi masuk m,neutral
evos lama,negative
lama mpl kon,negative
ayoo tidak bakal takut biarpun bully,positive
samsung ngeframe jir,neutral
udah malter egon,negative
jam mulai,negative
laki normal foto jempol rolling on the floor laughing,neutral
langsung aja kasih onic,neutral
goa pantau stage mpl nihh,neutral
macannya jadi kucing,negative
sesuai spoiler guys onic bakal juara,positive
bot a,negative
kpn mulai bang,negative
samsung hp nya bagus tidak ngeframe,positive
jam rrq main,neutral
kumarr,negative
aftidakn ncan kehed,negative
lama cok main,positive
sudahi yapping nya dong loudly crying face backhand index pointing up,neutral
cuma menghayal rrq masuk m,negative
sepii penontonnya,negative
goa pantau nihh hahaha,positive
samsung ngeframe siapa suru beli samsung sejutaan,neutral
vc c vs nk cg cc bh bngn,neutral
ell kumarr,negative
goo alter ego alter ego goo,negative
msi lama jir,negative
evos masuk goa,negative
wib baru mula,negative
kelamaan woi,positive
q,positive
jam lewat cokk mainnya gf,neutral
samsung hpnya bagus tidak ngeframe,positive
lame,positive
bismillahirrahmanirrahim alter ego juara,neutral
hape buat tidakming samsung,negative
baxia masuk rumput,negative
onic,positive
perthankan nya smpai m guys,neutral
sue,negative
on,positive
dj alex kunci alter ego,neutral
tertawaaktertawawak,positive
woi hero gua struk cok,neutral
kingdom nangis season,negative
alter ego juara red exclamation mark red exclamation mark,neutral
kata lucu tidakda pake onic,negative
alter ego nih,negative
rrq sepi dekk,negative
gogo onic,positive
belum mulai udah inpo skor dong,negative
ipos main jam berapa,negative
evos panas kalah sama alter ego,negative
onic winking face with tongue,positive
yapinh,neutral
yve tangerang,negative
berapa matchnya,neutral
evos bertahun m seris msna,neutral
ipos main jam berapa,negative
ngespam antidaka jir loudly crying face,negative
evos ntidakrep grand final lawak,neutral
ip enak,positive
komen kelamaan emng msh lama kocak mainnya ciill,negative
alekk mengukir sejarah,positive
lama su,negative
hugood tidakmeing face backhand index pointing up,negative
evos kocak,positive
lawakan apa,negative
bima jmbd,neutral
sepi lah mainya aja jam malam,negative
alter ego juara bosen litidak tani,negative
mulai nya jam malam,neutral
jam berapa mulai,negative
semantidakt,negative
jugan mimpi dek mau,neutral
alter ego juara,negative
tidakme nya lama cok,negative
bismillah,positive
kode reedem zoaazzmkkna,neutral
pkb mendukung alterego,neutral
evos panas squinting face with tongue squinting face with tongue squinting face with tongue squinting face with tongue squinting face with tongue squinting face with tongue,neutral
kocak onic,negative
go go go,neutral
rrq jam berapa,negative
onic,positive
lamaa anying,negative
alter ego juara bosen litidak tani,negative
bissmillah goo onic,positive
gw tandain lu bang cendy tertawatertawa,neutral
onic selalu,positive
please remehin onic biar menang,negative
sheess,negative
anic,positive
mpl id udah tidak ntidakngood tidakmeep rrq mending bubarin aja rrq sampah,negative
alter ego go go goo,negative
malter egonnya jam woii,negative
start wib,neutral
bissmillahh onic,positive
l,negative
alter ego juara bosen litidak tani,negative
mau menang mau kalah alter ego selalu hati,negative
tebak skor ges,negative
o,positive
lama tasa ngomong,negative
n,negative
kebayakan iklan kayak sinetron indosiar,negative
lama anjuga,negative
alter ego menang,negative
i,negative
alter ego siap mengukir sejarah,negative
c,negative
semua predik alter ego waduh bahaya ni pasif onik keluar bakal buntidakam semua ni mulut org org,negative
ayo ambil,neutral
mending onic lawan rrq dri pda lawan alter ego,neutral
alter ego phokee wokk mana menang,negative
dothefive,positive
apa diliat co,negative
main jam kaahh,positive
bismillah,positive
dapet apa bang,positive
amin,positive
alter ego onic go go go,negative
skin banyak kemarin evos is back sekarang anterego,negative
woi cil mainnya emng jam wib ntidakpain ngomel bilang kelamaan,negative
baca chatku bg,positive
tiba tiba cendol jing,neutral
iya jam,negative
dukung menang aja,positive
evos m series goa bareng rrq rolling on the floor laughing rolling on the floor laughing rolling on the floor laughing,neutral
dapet skin balmond sanrio jirr,neutral
jam brpa sih mulai nya bang,negative
kapan main botakss,negative
jambet main,negative
alter ego menang,negative
jamber main,neutral
lesgo aalter egoe,negative
bismillah alter ego juara,neutral
botak mainin,negative
jam berapa inii,negative
jam berapa mulaii nya,negative
king alter ego nih bos,negative
ayo dukung alter ego bosen litidak tani tidak si,negative
onicv,positive
king evos udh final,neutral
jam brp mulai,negative
info rrq main jam brp,neutral
kebanyakan yapping lol,negative
jam berapa mainnya wee,negative
bocil evos karbitan banyak ternyata yah sampe ngood tidakmea terima kalau rrq diundang gof juara internation tapi rrq kelas dunia,negative
feeling sih alter ego menang nih,negative
lama sat,negative
sepii,positive
face blue smiling,neutral
for onic,positive
bismillah onic menag palms up together,neutral
jawaban nya,positive
elter ego go go go,neutral
mah,positive
mah,positive
mah,positive
mah,positive
mah,positive
mah,positive
lamaa kalii,negative
tidakme paling lama indonesia tertawatertawakw,neutral
bang,positive
kata lucu tevos m,neutral
tidakme starting time,negative
ffd eon,negative
lama nya,negative
jm berapa main yh bg,neutral
mah,positive
mah,positive
rrq lwan apa nh,neutral
yapping mula et dah,positive
mainnya entar wib,neutral
znbvhdbx,positive
buat nanya rrq main jam berapa rrq persiapan m lewat jalur snbp cat with tears of joy,neutral
mh,negative
mh,negative
jam brp mulainya bang,positive
evos kemarin sentidakja ntidaklah biar alter ego ngerasain grand final kasiann,neutral
kata lucu ipos is bakk,neutral
silit,positive
pentidaklihan isu tetap kawal,neutral
alter ego,negative
langsung kasih aja pialanya onic,neutral
apaan dulu malter egon fun match,positive
face vomiting,neutral
cepaat,positive
cepat woy mie gw keburu abis nih,negative
lama banget loudly crying face loudly crying face,negative
onic,positive
lama bener,negative
andryjunianto pendukung pepequ,neutral
alter ego,negative
kan jam jadwal jelas jam tidak usah berisik,neutral
skrg rrq digoa dlu rrq suka banget cencengin onik pas s skrg dmna lo rrq,positive
pepequ m,positive
makin besar tim makin banyak pengusik,positive
inget cuman evos punya mserie,neutral
start the tidakme,negative
onic juaranya tau tidak lhu,negative
kelamaan yaping kasih aja piala nya onic,positive
alter ego god god god,negative
onic,positive
rrq kemanaa,negative
setintidakn,negative
rrq jam berpa,positive
tauu aja gw iri,negative
dlu onic menang s dikatain tidak pantes sama fans ererqi skrg rrq wlee,negative
orang sendiri mah,negative
hari orang orang zalim berkata tuhan hilantidakanlah siksaan beriman,negative
kelamaan,positive
halah hoax org dalem,negative
kata lucu evos is bakk,neutral
ketik alterchamp,negative
scamm,negative
viva babadut,neutral
onic bakal dipress,neutral
ud tidaks aja mainya,negative
kebanyakan yapping doang,negative
isinya hp oppo tertawa,neutral
mulai tidakmenya kan,neutral
go baby,neutral
evos is baok,neutral
lamaa mgebosenin ni pembawa acara orang,negative
jam keknya mulai draft rolling on the floor laughing,neutral
yappingood tidakme mulu,negative
alter ego bakal buka puasa hari,negative
kok samsung,negative
winking face with tongue backhand index pointing down,neutral
ordal tertawa,positive
jtidak orangnya jtidak,positive
mulu perasaan,negative
tertawatertawa bukan hp,neutral
nt samsung,positive
evos is bak,positive
rrq apa jadi restrem semua sekarang member nya,negative
semotidak onic menang juara aamiin yaallah smiling face with halo yellow heart sparkles,positive
penipuan,negative
lalu biarlah berlalu sekarang lh saatnya evos is bakk,negative
bilang aje iri tidak dapet hp,negative
jam brpa,negative
ma,positive
yokk alter egoe juaraa bismillahirrahmanirrahim,positive
weitss tidakusah ketauan samsung sejutaan,negative
anak ayam,negative
kebanyakan bacot tidak mpl yaa,negative
tidakss,negative
buru pamit,negative
iri bilang isinya oppo,negative
alter ego bakal buka puasa,negative
gocap alter ego nih,negative
redeem dimanaa,neutral
rrq malter egon jam brp,positive
evos sentidakja ntidaklah sama alter ego soal nya tidak ntidaklah ntar evos punya m series,neutral
fans rrq masi denial onic sejago rrq skrg masi inget tidak s onic dikatain kingdom lmao,positive
winking face with tongue backhand index pointing up,neutral
spam lama,negative
onic kesayantidakn mobile legendsbb padahal banyak fans nya rrq,positive
yuh ndang mulai,negative
hp gw spek nya diatas samsnug,neutral
tu ju h,positive
kpan mulai,negative
alterego go go go,positive
host talter egoe,negative
kabanyakan judol mpl,negative
dukung alter egoe,positive
bilang lama lihat jadwal mulai matchnya lah,negative
evos evos evos,negative
sepii,positive
lamaalamaa,positive
lah belum mula,negative
malter egon jamber,neutral
bilang lama sabar napa jam,negative
lama,negative
rrq skin m,positive
tidak lolos playoff tidak ajak,negative
epos is bag,negative
setintidakn parahh,negative
lamaa,positive
spamm lama,negative
lamaa woy,positive
tidaksabar nonton rrq jam,negative
setentidakh jam lgi mulai,negative
alter ego dulu bukanlah sekarang intidakt alter ego juara red exclamation mark red exclamation mark,negative
alter ego juara season,negative
onic aningood tidakme,negative
woyy,positive
sejam anyink,negative
lamaa woyy,positive
sabar makanya,positive
rrq skin claude m,neutral
abis maghrib aja sekalian mulai nya,neutral
anjai sidai,neutral
lama woi,positive
mulai jam,neutral
lah lama banget,negative
yuk alter egoe,negative
masihh lama jirr loudly crying face loudly crying face,negative
bilang lama bego,negative
nino mode serius jangn main loh,negative
konoha,positive
rrq jadi restream aja jantidakn main mpl pemainnya,negative
jam mulainyaa,positive
jadi orang tuh jantidakn dongo dah match nya kapan mulai mikir begoo,negative
info nobar bali dong,positive
katakan pd dunia evos back,negative
jam kurang,negative
nama tuhan yesus all in alter ego selama penantian panjang,negative
alter ego yuk,negative
fans baik diam,negative
tidakss ken,negative
yak semotidak,negative
alter ego bakal buka puasa hari dentidakn alek menjad final mvp,neutral
kata lucu rrq goa face red droopy eyes,neutral
skin m rrq nanang,neutral
laama woy,positive
adohh lamonyoo,negative
mikir lh udh dikasih waktu buat nonton waktu buat sponsor byk banget ngeluh lama kalau tidak gini ntidakpain brand kasih sponsor kalau tidak tampilin,negative
lamaa,positive
rrq koncet,neutral
moderator kerja keras,positive
lama co bubar aja mpl,negative
bilang lama bego,negative
astatidak menit tertawaqkw,negative
menit,positive
alter ego next champion,negative
luamaa,positive
main nya jam malam,negative
mulai jm setentidakh,negative
gera ombeh,neutral
lamaa aa,neutral
bosan cepat sii,negative
buat nanya rrq main jam berapa rrq persiapan m lewat jalur snbp winking face with tongue,neutral
entah alter ego onic menang penting sama sama m,negative
bilang lama bubar aja mpl bego,negative
makanya liat jadwal mpl nama jadwalnya,neutral
bantu jadi lebih baik dentidakn mengisi link berikut,negative
samsung jelek,negative
gila lama banget jam lebih cok,negative
semotidak onic juara,negative
main nya ajam set,negative
alter ego juara yok yok,negative
alter ego lah juara bosen onic mulu,negative
sudahi yapping nya batre sisa,negative
lama lama bapa lu suruh bikin acara biar cepet jantidakn acar orang lu bilang cepet,negative
yuk keluar dulu buang data,neutral
onic alter egoe,negative
alter ego siap mengukir sejarah,negative
el el qi main mcgh,neutral
sidai,positive
ko bukan evos,negative
babahahaahahha,positive
semotidak rrq juara tertawa,neutral
kasian pake kuota tertawatertawa,neutral
astagfirullah,negative
noh menit,negative
nino mode tidur,neutral
disidai sampah kering,negative
mana nih raja setidakla raja cuman gos noob si,negative
lama menit,positive
menit,positive
woy lah,positive
lama ni ajugaood tidakme,negative
lama kali,positive
onic let s goo,neutral
timur jam cokk,neutral
m nihh,positive
lama k,positive
jantidakn beli samsung jelek,negative
all in alter ego bosen liat onic juara,negative
sama aja selesai maghriban,neutral
habis isayaa jutidak mainnya,negative
alter ego onic,negative
bilang lama minim literasi bjir udah tau waktu mulai nya aja protes,negative
ko bukan epos,negative
woilah sejam,positive
mpl edan mau magrib baru mau main,neutral
pqk pulung alhamdulillah,positive
onic jt nih,positive
lm kmbing,neutral
woi mpl lama kali,negative
lamaa banget,positive
masi jam ntidakpain,negative
lol,negative
info skor,neutral
tertawatertawa mampuss,positive
jam dentidakr yapping jir,neutral
lama mau ngobrol ngobrol dulu tidak,neutral
kingdom tapi s baru bsa juara mpl rolling on the floor laughing rolling on the floor laughing,neutral
ntidakpain buru buru,negative
lama cuk jelas cari cincin aja ama trophy yah onic lah,negative
makanya sekolah belajar ngitung jam jantidakn main doang,negative
cok,positive
lama lebay bngt bnyk acara,negative
paling engood tidakmeak isayaa main,negative
iklan nya sintidakirin tidak loudly crying face loudly crying face loudly crying face,negative
lalu biarlah berlalu sekarang lh saatnya evos is bakk langsung tlph kata adeh,neutral
info loker,neutral
gimmick hadiah,negative
let s go alter ego,negative
pemenang,positive
alter ego onic boom,negative
alter ego bismilah,negative
grand finals rrq sepi tertawatertawa,neutral
onik ayam,positive
jam njir,negative
nungood tidakmeu jm anying blm mulai,negative
muani mas amba nerd face,neutral
kalau lama suruh bapa lu bikin acara sendiri,neutral
mas cen buntidakuk,neutral
filing ku alter ego beruntung hari,negative
onik vs auterigo,neutral
folded hands,negative
alter ego menang,negative
kongdom nangis aja goa sana,negative
bubar buang kuota mau magrib baru main,negative
besok mulainya nih,negative
jeje offlen pindah sini,negative
info loker pak,neutral
udahlah onic menang cabut kelen,negative
seru si tapi sorry alter ego piala mpl buat onic,negative
alter ego m jir lah,negative
mn,positive
alter ego go go goo,negative
semotidak rrq menang amin,negative
ptg start,neutral
yohh lamaa,negative
good tidakme alter ego,positive
katanya rrq sekarang beli pemain kamboja,neutral
menang onic,positive
letsgo onic letsgo alter igo,neutral
goonikk,positive
alterego go go,negative
kementidakn tipis,negative
jam berpa main nya ni,negative
fungsi iklan,negative
udh inimah onic menang,positive
b,negative
oii tidaks laa,negative
bla bla ble ble blu blu,negative
dentidakn pd katakan dunia evos is bakk,negative
ayolaah kasi piala mpl alter ego,neutral
semotidak rrq menang,negative
onic,positive
alter ego kalah,negative
apasih kongdom cat with tears of joy cat with tears of joy,neutral
lokal,negative
its onic tkme,negative
onic,positive
kaya tlph,positive
mikin bisir tim mikin binyik pingisik,neutral
langsung bnyk orng fomo dukung onic,neutral
main pukul sore,neutral
mau menang grand final brp match,neutral
kingdom tidak main,positive
benget sia edoy,negative
alter ego go go goo,negative
albert berat pungood tidakmeung,negative
semantidakt buat kedua tim kasih perlawanan asik buat tonton,positive
mulai bawa piala karat m,neutral
kongdom,positive
apalah,positive
alter ego goo juaranya,negative
bilang mpl sepi rrq kata menghibur kingdom goa kocak badut rolling on the floor laughing rolling on the floor laughing rolling on the floor laughing,neutral
lama beud,negative
u onic,positive
onic,positive
bismillah semotidak rrq menang,neutral
sekolah batidakiman besok sekolah apa gua betidakdang aja kaliya tapi terlambat ahh strees,negative
hidup onic time,positive
adu penalti aja,negative
les go,positive
evos main jam brpa,neutral
mseven,positive
bismillah alter ego,negative
gope nih gua king onic,positive
evos punya m,neutral
mikin bisir tim mikin binyik pingisik,neutral
go go go alter ego,negative
onic go go go go,positive
tetap lah rrq jantidakn pindah,positive
apa hp layar smooth mabar makin good pake tidaklaxy s fe dapetin total bonus hingood tidakmea juta pake kode promo mtolongf beli sekarang bit ly sfexmtolong,neutral
yy,positive
rrq besok,negative
alter egoo letsgoo,positive
evos udah juara tlol,neutral
prediksi skor,positive
kasih aja piala trophy trophy nya ecvos face with tears of joy,neutral
rrq tim cari cuan bukan juara tidakes yaa,negative
gope nih gua king onic,positive
onic time onic time,positive
grand final brroo,neutral
rrq malter egon jam berapa moai,neutral
mau liat nino antidakat piala tolongs semotidak alter ego menang aminn,negative
ppq mana kok tidak,negative
lama lama lamma,negative
raised fist red apple m rning sun jantidakn lupa bertekuk lutut tuhan intidaktlah tuhan sesungood tidakmeuhnya tidaklah berpenglihatan layaknya makhluk tuhan ciptakan ketahuilah apa diperdebatkan,negative
onic lg nih menang,positive
finalnya rrq v evos,neutral
ketahuilah jantidaknlah lupa mentidakaji al qur an karna al qur an kamus rumus mengharapkan keridhoan kehidupan person turquoise waving speech,neutral
tarohan jt gua onic,negative
kasih alter ego aja lh boss kasian,negative
alter ego mengukir sejarah,negative
toll,negative
alter ego landak,negative
kasih alter ego pialanya onic dh bnyk woii,negative
ererki tim cari cuan bukan juara tidakes yaa,negative
go go go onic,positive
dukung alter ego,positive
evos is back,negative
bismillah onik,positive
ererki malter egon jam bro match,neutral
alter ego juara nih boss,negative
lets go alter ego,negative
navi,positive
rrq main jam malem,neutral
penuhi komentar dentidakn alter ego,negative
juta gue alter ego,negative
alter ego menjadi juara season petidakng omontidakn w,neutral
yokk alter ego,negative
full respect alter ego juara aamiin,positive
alter ego go go home,negative
rrq menungood tidakmeu m,negative
evos lgi sedih,negative
go go onik,positive
tidakya banget juta,negative
ererq tim cari cuan bukan juara tidakes yaa,negative
gw sonic tapi pengen alter ego juara,negative
lohh jam mau nungood tidakmeu adehh,negative
rrq jaya jaya jaya,positive
oke dahh,negative
karna udh bosen menang terus winking face with tongue,negative
dikit,positive
alter ego skylar pentidakruh buruk,negative
woww,positive
tertawaw evos is bakk katanya bre,neutral
alter ego mode ngemis piala onic,negative
evos is turu,neutral
jeeti boss,negative
semantidakt onic,negative
walupun alter ego tidak menang penting alter ego mewakili indonesia m,neutral
vivaa rrq,neutral
kingdomm larang liat takut iri face with open eyes and hand over mouth,negative
kasih aja pialanya king onic,neutral
onic masuk goa inimah,positive
lah,positive
guys ketik buat onic,neutral
onic alter ego,positive
onik menang aduh kebelet ekek,negative
rrq main jam bfp,neutral
katidakk banget bang lewat jalur snbt loudly crying face rolling on the floor laughing,negative
tidaks,negative
alterego,negative
sana dulu deh oknum,negative
onic dah banyak pialanya ntidaklah lah sama zero piala,negative
b,negative
goo onic,positive
rrq tetap terbaik,positive
lebih hina bintang,negative
dewa united,positive
onic final batidakikan real madrid ucl broowe,neutral
bo brp guys,negative
season juara baru biar seru,positive
bismillah alter ego champion,neutral
karltry ketawain alter ego sama btr pas live,negative
sumpehh,negative
ayo dukung alter ego,negative
onic timee,positive
air air apa ngood tidakmeak lolos play off air air qyu tertawatertawakw,neutral
rrq jam berapa main,negative
dentidakn pd katakan dunia evos is bakk bukan gimana yah tapi malu loh face blue smiling,negative
bismillah menang yok onic,positive
winking face with tongue,positive
hizumeengood tidakme,negative
bismillah onic champion,positive
kata gua mah,negative
rrq apalah suruh rinz jadi pembantu gh aja jir,negative
go go go onic,positive
bissmillah alter ego,negative
spam,negative
its onic time onic time,negative
rrq lawan evos jam,negative
lama yapping mulu,negative
onic gogogo,neutral
o,positive
lestgoo onic,positive
skyler mau bwa onic runner up apa juara,neutral
alter ego letsgoo alter egoe,negative
mau taruhan,neutral
aja hina rrq padahal timnya jutidak pulang,negative
alter ego,negative
evos kalah tidak lolos rrq disalahin tertawakw,negative
kayak nya,positive
masi lama ege,negative
cepe dah cepe lu tidak punya mah gw alter ego lu onic,negative
onic backhand index pointing down winking face with tongue,positive
klip karltzy ketawain tim indo pas alter ego vs btr live,neutral
gua kingdom tapi pengen lihat alter ego juara,negative
evos tidak pulang bg evos nungood tidakmeu goa,negative
come on alter ego,negative
gua sonic tapi kasih buat alter ego lah biar koh delwyn nanges,neutral
iklas gw klau alter ego juara,negative
semotidak alter ego jadi juara mpl s,neutral
cocok buat evos karna udah kali tertawaw,positive
ah msh lama,negative
minimal full indo cil,neutral
lama mpl,negative
hemm,positive
btr downcast face with sweat,neutral
stop normalisasikan antidaka,negative
sangihe onic,neutral
apa spam kelen jutidak udh pulang goa,negative
sayonara,positive
karbitan merajalela,negative
rrq tidak undang m,negative
mabar ayo gua goldlane,positive
alter ego badut mpl,negative
ayo bang taruhan yok mumpung belum main gw metidakng alter ego,negative
tar kesini msh lama,negative
onic sllu hati,positive
solo kill,positive
percaya lah onic sprti evos m juara lalu bnyk pensiun,positive
onik mah juaranya,positive
ayo mabar,negative
fans onic siapa menang respec penting bawa m,neutral
letss goo onic,negative
onic udh jelas,positive
let s goo alter ego,negative
onic juara berkali kali karna ph nya coba full indo jadi ampass,positive
onic,positive
good tidakme alter ego onic,negative
onic sepele,negative
alter egoe,negative
udh jls sonic mah klw main lettidakme kalah,neutral
kok rrq masuk goa squinting face with tongue rolling on the floor laughing,neutral
undur terus ampe lebarann,negative
ngespam bocil doang kebelet tenar,negative
onic masuk goa,positive
m tidaktidakl ply,negative
goo onikk,positive
habibat asli rrq g upss,neutral
rrq mode jalur undantidakn mentidakcak acak tim ph camkan smiling face with horns,neutral
alter ego positive,positive
main jam lame,positive
goa goa,positive
mimpii,positive
caperr,negative
kingdom dilarang nonton sakit hati,negative
fans onic siapa menang respec penting bawa m,neutral
yuk alter ego,negative
tertawa tidak sadar brapa kali,negative
ppq,positive
letssgoo onic alter ego kalahh,negative
well well well,negative
bawa r indonesia loudly crying face loudly crying face,negative
ererq mpl champion m,neutral
evos isbek,negative
hijume on fire sekarang,positive
woyy blm mulai kann yaa,negative
alter ego kalah,negative
yareu,positive
bawa m ka indonesia memang m nya,positive
kebanyakan iklan acra tidak penting mpl org cmn mau nnton pertandintidaknny bdok,negative
yare,positive
menuu uara,positive
evos jam brpa,negative
raja langit juara tidak kyk raja lokal,neutral
tim masuk goa rapat,positive
rrq tim terbaik indonesia,positive
yareu mukbang rrq,neutral
sapa menang lawan rrq final of final,neutral
rrq jam brpa,positive
yukk tidakass tidakme,negative
evos main jam brp btw,neutral
alter ego gogogoo,negative
m juara bawa pialanya indoesia tolongs,neutral
rrq udh nungood tidakmeu m,negative
onic defending champion,neutral
lama anjii,negative
bilang fkk,negative
rrq main fun match,positive
menuu juara face blue smiling,positive
rrq jam berapa main rolling on the floor laughing,neutral
tetep aja viral hesteg,negative
tidak rrq tidak makan,negative
rrq jam brp,positive
eposs,positive
gua dukung alter ego,neutral
all in onic moai,positive
eposs goo goo,positive
m hidup tertawa,positive
onik vs krocoo,neutral
evos jam brp main,neutral
mending mancing roblox nungood tidakmeu,neutral
rrq skarenag sekelas rebelion,neutral
onic mah menang fix,positive
face blue spam shape,negative
rrq beras,negative
kuncinya jantidakn lepas lapu lapu buat onic bkalan jadi badut tu onic,negative
eh buset,negative
epos is bakhh,positive
alamak nungood tidakmeu,negative
jam,positive
sekali evos is back tertawatertawa,neutral
rrq udh nungood tidakmeu super grand final,neutral
alter egoo mana suaranya,negative
bawa pialanya indonesia tolongs jng kecewain yah,negative
siapa kitee,neutral
epos isbak,negative
santapan ph,positive
skylar beban,neutral
bismillahirrahmanirrahim onic juara,positive
volcano green lava orange,positive
msh lama,negative
emg rrq jualan beras cat with tears of joy,neutral
backhand index pointing down squinting face with tongue backhand index pointing up,neutral
evos is bakk kokop mic,negative
is back,neutral
lesgioo,positive
eeppoossass iss baakk,positive
eposh esbakhh,negative
aw,positive
al in alter ego,negative
grand final langsung ntidakntidakat piala bang,neutral
koh delwyn nonton stage,negative
epis ez back,positive
koh delwyn blm live,negative
mau onic alter ego pokoknya indo usahakan bw piala m,neutral
epos is back goa,negative
jam lgi,positive
rrq ap,negative
masa lawan chicken,neutral
bocil bocil komen,negative
alter ego juara kayanya,positive
langsung,positive
koh delwyn g live,neutral
allah menantidakan alterego,negative
sekali msuk m series tpi lgsg juara evos kelass tidak tuhh face with tears of joy,neutral
rrq ko tidak masuk tertawatertawa,negative
epos es baakk,positive
epos bakhh goa,positive
poke,positive
alter ego mode serius jangn main,negative
evos kok tidak masuk,negative
takut ha akunnya hilang lgi,negative
m yareuu,positive
ez back cat orange whistling,neutral
epos bakk,positive
al in onik,negative
egpos isbakk,neutral
evos rrq,neutral
bismillah go go onic palms up together,positive
evos kok jadi badut,negative
by one id,neutral
balik lg nnt,positive
dukung onic kumpul,positive
evos back,negative
epos kontlo,negative
gwe mau liat ko delwyn nangiss go alter ego go hhahahahahaha,negative
mau masuk m mimpi vos,neutral
cepet babget final nya bowok,neutral
epos isbakk,negative
onic juaraa,positive
udah rb aja nonton,negative
apasi bawa bawa rrq,neutral
onic behaa,negative
mainnya malam mah grinning face with sweat,positive
rrq kapan main bang,positive
yoo onic siap juara menantidakan m lesgoo onic,positive
alter ego menang nihh,negative
grand final langsung ntidakntidakat piala,neutral
by one cok id gw,neutral
onic menang,positive
mana skin grager m nya pos hero kok granger only,neutral
tuhan yesus semotidak alter ego menang amin folded hands,negative
hujan guys,negative
rrq mobile legendsu kena butuh beraskah,neutral
borrq,negative
jt gue alterego,negative
onic lahh,positive
viva onic,positive
lama jembot,negative
tebak sekor,negative
ascchanell jt doank yauda tidakpapa gw alter ego tidakss,negative
hujan,positive
bocil epos ramein predator dong evos valo mau mulai ni,negative
lama jumpboat,positive
semua spam tlph,negative
bismillah ererqi,positive
onic,positive
sepi kali wee moai,positive
ayuh onic tunjukkan taringmu juara go onic,positive
yok jt gw alter ego,negative
onic lokal,positive
evos,negative
alter ego juaraa kayanyaa,positive
nanya jam berapa main jam,neutral
alter ego juara tahun,negative
tandain gua kalah alter ego,negative
halo tidakess,negative
weh m ges,neutral
rrq menang beaming face with smiling eyes,neutral
ayo rank match,positive
metidakng alter ego kirim sosmed,negative
onic menangood tidakme,neutral
alter ego go go go,negative
ad,negative
rrq malter egon jam berapa,neutral
prr,positive
gua mm,negative
jam main kya nya,positive
predator tidakming indo dulu evos mau mainn,negative
juara baru alter ego,negative
buat onic ntidaklah kasih piala mpl buat alter ego kalian piala m aja,negative
inpo rank,negative
alter ego juara st place medal amiin,positive
mau manapun juara mpl tetep ph juara m,neutral
rrq main jam barapa,neutral
geta aja bintangnya enam masa onic cuma satu clown face,negative
rrq main tentidakh malem tungood tidakmeuin aja,negative
evos main jam brp,neutral
pengen lihat juara baru alteregoo,neutral
sok sok an taruhann kok sini cuma tulisan doang jt jt tulisann doang,negative
alter ego juara trophy,neutral
super biji badag,neutral
kiboy kalau serius hero nya apa,negative
jam limakk,positive
gw alter ego seribu lawan,negative
yok alter ego bawa piala mpl onic bawa piala m,neutral
rrq raja kok tidak lolos play off huahahaha,negative
hem,positive
rrq main dalem goa,positive
layla bini ge jir,neutral
main nya jam berapa,negative
lamaa oii,negative
evos cm jadi badut,negative
semotidak alter ego,negative
kok tidak awl,negative
evos jam brp,negative
kingdom mana suaranyaa,neutral
onic badut,neutral
goo onic,positive
evos jam brpa,negative
evos kok ngebadut,negative
geta aja bintangnya enam masa onic cuma satu ucapan salah satu clown face,neutral
kingdom tidak ajak,negative
kak awl mana,negative
onic juara gw tidur nyenyak,positive
alter ego sii,negative
rrq djuara,positive
lamanyo moai,neutral
alter ego juara gua jalan tidak pake baju jam siang,negative
aduhh bacotnya,negative
dentidakn kesadaran penuh hatiku tetap sama onic onic onic,negative
letsgo liquid,positive
inpo nomor hk,negative
rrq kpn main,neutral
banyak omong,negative
jt buat onic semotidak menang,negative
tertawa kingdom keluar goa buat yaping evos kalah doang face with tears of joy face with tears of joy face with tears of joy,positive
onic menang gua kayang,positive
lestgo liquid,positive
evos kok badut,negative
komen banyak kongdom sakit hati,negative
goo rrq,positive
guys tau saluran wa mobile legendsbb ditutup,neutral
love you gesture backhand index pointing down,positive
go go bude,neutral
kecewa onic,negative
epos juara,negative
ayo alter ego reput piala mpl,neutral
yok alter ego sonic internasional thumbs up,neutral
onic runner up,neutral
onic menang,positive
evos cbg cuma granger,negative
raja badut,neutral
taruhan sini mau tidak,negative
tes kesabaran admin,negative
alter egoo,negative
rrq raja setidakla raja ngood tidakmek sih,negative
lama kuota gua keburu abis,negative
lets goo barcelona,positive
permalukan oninc,negative
onic mode grand final ngeri,neutral
rrq no conter,negative
pulang kaan onic,neutral
saluran mobile legendsbb wa tutup woy,neutral
onic juara aminn,positive
rrq kapn main,positive
alter egoe,negative
alter ego juara besok gua masuk kerja,neutral
alter ego go go go go,negative
gw alter ego,negative
lah onic lu piala dah banyak kasih dong alter ego aja,negative
good tidakme epos,negative
lunox anak gs,negative
alter ego,negative
jadwal evos kapan,neutral
ucok lubis barges,negative
lestgo alter ego,negative
gilaa sanz,positive
belum mulai ternyata maklum baru nonton rrq valoran antidakat piala,negative
lama,negative
goo oniic,positive
epos ikut masuk goa,positive
semotidak alter ego mengukir sejarrah,negative
evoss manaa bangood tidakme,negative
kok sepi yah,negative
badut,negative
tidakndeng lah,negative
tidaktidakl m ahh evos,negative
alter ego mengukir sejarah,negative
ayo onic bikin nino nangis tertawatertawa,neutral
sholat dulu,neutral
epos kpn main,negative
cuma indo grand final lama lamain semua indo ntidakretin kocak,negative
slesai tuh onic,negative
gelo layla,positive
onic time ficks,positive
let s go alter ego bren,neutral
sama goa tidakusah debat tertawatertawa,neutral
alter ego juara gue uninstall tidakme beaming face with smiling eyes,negative
animasi keren,positive
rrq kan rajanya jadi suka suka mau lolos tidak beaming face with smiling eyes,positive
biasakan memangood tidakmeil rinz dentidakn sebutan king,negative
spam ntidakpain cil masuk goa jutidak nya,negative
gua evos fams dukung alter ego hand pink waving,neutral
kok kalah sih layla pleading face sama alfa,negative
onic bismillah,positive
biasakan memangood tidakmeil rinz dentidakn sebutan king,negative
alter egoo go go goo,neutral
yok yok,neutral
kapan final evos vs rrq,neutral
lamo,positive
petidakng perkataan gw alter ego ntidakntidakat pialanya,negative
gua rrq dukung onic,neutral
berikan terbaik alter ego kudukung selalu semotidak menang,negative
oonniicc,positive
alter ego onic,negative
kalau prediksi ku menang alter ego,neutral
evos dukung alter ego tandanya tidak terima tertawatertawa,negative
welcam tuh epos ribzz,negative
buja g,neutral
ayo onic,negative
jam kli,neutral
go go go alter ego,negative
piks onic menangood tidakme,negative
rrq kapan main bang gw mau liat rrq juara malam hari bismillah,positive
alter ego kalah,negative
ppk,neutral
tidaks alter ego salam dri evos semotidak juara baruu aminn,neutral
onic kalh gw push up kali tertawatertawa,neutral
gogogogogoogogogoalterego,negative
onic afk aja siksa,negative
rrq goo,positive
bismillah alter ego juara jantidakn onic mobile legendsu bosen jijik gua tertawaw,negative
welcom tuh onic rinzz mahall,positive
mampus egood tidakmepos kalah tertawaktertawaw,negative
alter ego lose,negative
tidak level spam cil balik goa jutidak,positive
alter ego siap kalah lawan king onic,negative
rrq juaraa,positive
saatnyabalas dendam,negative
alter ego siap mentidakcak acak sonic,negative
rrq kapan main bang gw mau liat rrq juara hari bismillah yuk temen,positive
mcgood tidakme serius turnamen,neutral
bnn,positive
onic,positive
alter ego menang gua kayang,negative
req main jam berapa,negative
welcome to onic rinz,positive
udh intinya tidak rrq tidak evos sama badut mending diem,negative
siapapun juaranya bawa pulang m indonesia,positive
gue onic tapi alter ego,negative
pikir cr,negative
all in alter ego nino bukan pens,negative
rrq main jam yah adik adik,neutral
uzb text green tidakme over,negative
alter ego go,negative
oniq kalah gua live colmek,negative
ayos alter ego muak juara nya onic evos rrq aja paling liquid s,positive
woi sapa gua dong ges,neutral
winking face with tongue backhand index pointing up,neutral
hejin jahat sama mingcun,negative
udah gf,negative
langsung aja kasih king onic pialanya,neutral
tidakda sejarah alter ego kalah sama onic,negative
evos is back back home,neutral
judol noo,negative
semotidak alter ego juara musim,negative
alter ego bismillah,negative
taruhan mau tidak sini,negative
kok rrq malah main lgi guys bntu jawab tah,negative
admin tidakje chat onic dihapus,negative
penasaran skylar dendam srg,neutral
onic bismilah,negative
alter ego menang pleasee gua bangood tidakmea banget lu menang,negative
banyak karbitan tertawatertawaw,neutral
rrq hari main yah,neutral
alter ego menang gua botak live,negative
diluar arena nobar tidak tu,neutral
admin nya kingdom,negative
evos masuk m series langsung juara lah tim lu tidak pernah,negative
evos is backk home,negative
final,positive
alter ego yuk,negative
alter ego menang tidakpapa tapi gw lebih pengen onic,negative
bingung gua perasaan evos taunt tidak pernah terlalu over dah taunt jutidak paling cuman lambai tantidakn lawan,negative
muka kya tutolong kacang so taruhan,neutral
kasih onic pialanya langsung biar mingood tidakmeu depan m,neutral
apa sih mau lihat komen alter champ sama sonic malah ngomenin tim tidakmasuk,negative
onic onic ionic,positive
ketik rrq lolos m,neutral
pikir terus menuju m,negative
evos is back homee,negative
kingdom allin alterego,negative
evos vs rrq jam malem,neutral
alter ego alter ego kong,negative
m,positive
alter ego juara mah,negative
nunung uye by one fanny fanny lu jelek tertawa,negative
alter ego mainnya rapi banget,positive
rrq nungood tidakmei m kink,negative
admin kongdom jantidakn berisik,negative
shelterin,negative
hidup rrq,neutral
semotidak alter ego hokiu,negative
allin alter ego yokk,negative
satu satu nya indoo broo tim lu pda mana punyaa,neutral
ketik,positive
juta subscriber,positive
siapapun menang tidakpapa penting indo menang m series,positive
tidak pernah taunt katanya tertawatertawa kocak swalow taun lol,neutral
m,positive
diluar nobar tidak bro,negative
onic udah punya tropi mau ntidakpain punya kasi juara baru lah kalian tk bosan onic juara mulu,positive
kapan mulai nih,positive
katauan karbitan,negative
onic nih jt,positive
udah tau lahya bakalan menang siapa,positive
nyebut rrq dsini kon toll kalian semua,neutral
saatnya alter ego mengukir sejarah,positive
komen sampah semua jir,negative
go alter ego go alter ego goo,negative
aku karna skylar speaking head,positive
gua alter ego,negative
alter ego menang pleasee,negative
caper ketik spamm,negative
kasih piala kink onic,neutral
jantidakn kasih kendor onic soalnya prince skylar belum antidakat mpl onic,negative
alter ego onic,negative
rrq jam brapa,positive
alter ego ayo juara jntidakn onic mulu bosen,negative
ea,positive
onic jatah m aja,neutral
info predik skor onik sama alter ego,neutral
mulai jamber,neutral
yeb yeb,negative
h,negative
menang alter ego the real plot twist face green smiling,positive
rrq main litidak dangdut aja,neutral
rrq main m lewat jalur subsidi face with tears of joy face with tears of joy,positive
rrq vs evos malter egon jam malem guys,neutral
fomo,positive
onic alter ego,positive
assalamualaikum final m evos vs rrq,neutral
bismillah onic,positive
percaya tidak juaranya onic tebak score onic alter ego text green tidakme over,negative
ayo alter ego,negative
onic m aja alter ego mpl folded hands,neutral
onic alter egor,neutral
fomo,positive
rrq m latgo,positive
bismilah onic meng,negative
please alter ego juaranya,negative
aku mendukung menang aja,positive
raja dunia kok cuma menanf x mikir cil,negative
bang main byon aja,negative
lh biar seru,positive
rrq apa,negative
kingdom nangis,positive
beras min beras,negative
onic poor mact gua alter ego siapa brni,negative
tertawatertawa,positive
ererqiu main m lewat jalur subsidi face with tears of joy face with tears of joy face with tears of joy,positive
gilaak sanz,positive
alter ego juara biar tidak bosen onic mulu,negative
alter ego,negative
bismillah evos menang,neutral
kingdom tidakusah nonton udah tidakguna orang goa,positive
alter ego onic indo pride,negative
evos mana,negative
alter ego go go goo,negative
astatidak lutpii,negative
ayo bertaruh sama gue onic vs alter ego,negative
mingcun eyes purple crying,positive
evos lol kalah tertawa,negative
alter ego mode anak evos,negative
geloo rrq playoff,neutral
rrq bracket mana,neutral
alter ego mengukirr sejarahh,negative
alter ego mode anak evos,negative
gw petidakng alter ego sini jt,negative
is bak,positive
onic juara onic juara,positive
onic juara ez,neutral
bismillah onic,positive
onic medal yellow first red,neutral
nama gw alter,negative
astagfirullah siapa tuh,negative
yok gua alter ego,negative
btr kemna yah,neutral
kingdom bersama onic alter ego rusuh epos cat,neutral
bilang dunia kink alter ego is bek,negative
onic juara,positive
alter ego black heart red heart white heart,negative
alter ego tidakss bismillahirrahmanirrahim,negative
onic baba yeb grand final rrq apa masuk goa rolling on the floor laughing,neutral
clown face clown face clown face,negative
evos is backk tertawatertawalter egoktertawalter egoktertawalter egokek,neutral
rrq lolos m series,neutral
tidak kerasa dah grand final aja,negative
ayo agus gua onic,negative
nama gue mingcun eyes purple crying,neutral
tertawatertawa,positive
onic por mact,positive
ban lapu tidak dipick xepher,neutral
erereki badut,positive
skip,negative
rrq vs everybody tertawatertawatertawa lemah kalah lawan rrq sendirian,neutral
clown face,negative
onic udh,negative
alter ego menang,negative
alter ego,negative
rrq lolos m series,neutral
mpl sg guys,negative
onic baba yeb grand final rrq apa masuk goa cat with tears of joy,neutral
onic vs alter ego,negative
onic mode badut,neutral
yapping,positive
onic,positive
mingcun pleading face kok kamu jahat sih,negative
rrq vs everybody tertawatertawatertawa lemah kalah lawan rrq sendirian makanya ntidakjak temen buat musuhin rrq,negative
rrq selalu hati,positive
it ss onic time,negative
prediksi gw onic bakal menang tidak,negative
prediksi ku sih onic antidakat piala,negative
i s onic time,neutral
king alter ego,negative
bismillah onic antidakat piala,negative
onic,positive
jt alter ego,negative
yapping face with hand over mouth,positive
lama kalii bahh,negative
coach yeb turun ni kyany,negative
onic coach yeb grand final rrq apa masuk goa cat with tears of joy,neutral
si rrq rrq ntidakpain sih lu tuh dah tidak diajak yee xixixixxi,negative
alter ego gogogo tidak ajak ksowakkaka,negative
alter ego jt pd,negative
onic,positive
alter ego goo,negative
masa final tampilannya tidak spesial,negative
king onic,positive
onic hajar alter ego,positive
onic juara,positive
let go alter ego trophy,neutral
kembalilah xin eyes purple crying,negative
alter ego menang,negative
liat sg mpl tidakda cw tp coach yeb,negative
banyak bacot,negative
onic juara mpl season,neutral
onic coach yeb grand finals rrq apa masuk goa cat with tears of joy,neutral
tplh evos is bakk,neutral
udh tidak lolos playoff tidak punya piala inter kaowokw,neutral
rrq,positive
onic teamm,positive
jantidakn karna nino nangis terus kalian mau dukung alter ego,negative
alter ego ukir sejarah baru,negative
ucok becek,negative
onci,negative
bismillah onic juara allah aminn,positive
gw sih pengen alter ego juara soalnya bosen onic terus,negative
alterchamps champions person surfing,neutral
basah barges,negative
evos kegoa face with tears of joy face with tears of joy suamiq dukung evos kalau aku pastinya dukung onic dong,positive
siapapun juara tetap,positive
sembiring x lubis,neutral
hbs bakal yapping,negative
pleading face xin emang tidak sedih liat rrq sekarang,positive
alter ego pernah menang mpl tidakis,negative
onic menang nih,positive
rrq main kapan bang,positive
rrq ni boss,negative
bo,positive
onic jantidakn juara bosen,negative
kembalilah xin pleading face kingdom membutuhkan mu,neutral
sekalk rrq tetap rrq red heart,neutral
absen player epep,neutral
and wait for the day when the sky will be covered with a visible smoke encompassing all people this is a painful punishment they wil say our lord remove the punishment from us now we are believers,positive
ngood tidakmea ajak,negative
raihan miring,negative
kasi pialanya alter ego allah,neutral
keciri kingdom banyak disini,positive
skylar esport,neutral
ternyata bukan adi bermasaalh tapi player rrq nya,negative
landak kalah,negative
onic go kalahkan alter ego ayam sayur,neutral
tandain gua alter ego menang,negative
gw curitidak alter ego bakal juara,negative
raja setidakla raja,neutral
alamak,negative
juta onic,positive
yokk kasih permainan menetidakntidakan,neutral
kira kira sape juara yah,neutral
lasommuu,negative
alter ego inimah,negative
allah lama,negative
landak,positive
sonic ayam,positive
kink evos is back,neutral
onic fix juara lah,positive
ntidakpin sedih,positive
semantidakt alter ego buktikan player lokal bukan player diremehkan,negative
dm guaa sini guaa onic juta,negative
biar ukir sejarah,positive
dukung alter ego full indo,neutral
pleading face xin,positive
siapapun menang well deservee,positive
tandain gw evos menang menangis,negative
derby el kerung,positive
logo m brp,neutral
letsgoo alter ego,negative
alter ego brni taruhan rumah,negative
go pemain indonesia,neutral
kasihan liat nino gua jutidak ikut nangis loudly crying face,negative
bismillah ayo onic yo juara,positive
m won onic id,negative
pusing lihat,negative
alter ego juara jantidakn onic mulu lag,negative
go go go alter egoo,neutral
xin pleading face,positive
evos is bot,negative
m,positive
alter ego guk guk guk,negative
go alter ego full indo,neutral
evos dukung onic sjaa,positive
harapan gw alter ego si bosen onic mulu,negative
info casternya,negative
yare,positive
yalter egorr,neutral
yareuu,positive
jantidakn kasi onic pemain ph,negative
m pecundang,negative
jam brp mainya,positive
landak kalahh,negative
jam brapa oyy,positive
yareerree,positive
evos go to goa,negative
ilham bude,positive
menuu uara winking face with tongue backhand index pointing up,neutral
goo onic,positive
kasi aja piala nya king rrq,neutral
rrq lolos,positive
dukung aja full indo,positive
bukan jam,negative
bnyk fomo tlph pas jaman echo kmn,neutral
mulai tanding jam brpa min,neutral
udah kasih ajah piala nya king onic,neutral
m bukan,negative
rrq masuk m coy,positive
alter ego all in semestas,negative
dukung alter ego pasif nya nyala,neutral
mpl id maannaa suaaranyaa,neutral
menu,positive
semotidak onic menag lgi,negative
alter ego juaraa,negative
goo alter ego,negative
ivos is bakk,negative
alter ego mah cupu tenang tidakis cuma buat pasif,negative
kalilah alter ego,negative
coach yeb onic apa,negative
anjir boring final,negative
alter ego gok gok gok,negative
what time is it is onic time,positive
menu menu menu,neutral
a,positive
yo al in alter ego ato koh kokh juara koh,positive
onik juara,positive
kingdom jahat mingood tidakmeir dulu,negative
epos is bakk,negative
welcome tu isbacnk evos fans liquid id selamat datang digoa face blue smiling,neutral
belum bangun playernya,negative
tara didinu mpl,neutral
alter ego onic apa,negative
langsung aja kasi alter ego pialanya,neutral
alter ego player ph goo,negative
tapi lebih good tidakme kalau alter ego,positive
timnya tidak lolos playoff sekarang malah ngehina mpl id tertawa cat with tears of joy,negative
se,negative
goo onic,positive
rrq januari ready to m speaking head,neutral
onic sak no,positive
aku dukung onic si tapi liat perjuantidakn alter ego kek nya alter ego menang,negative
indo pride,positive
bismilah onic menang,positive
kyrex,negative
bismillah onic menang alloh,positive
semotidak onic menang allha,positive
onic alter ego apa,negative
pleading face bude aw,positive
geek fam,positive
ayo alter ego juara,negative
landak jadi badut m,negative
alter ego alter ego alter ego alter ego,negative
penontonya sepi rolling on the floor laughing rolling on the floor laughing no rrq no beras,neutral
alter ego ai love you,negative
yok yok onic clean swap,neutral
goo onic time,positive
hidup alter ego,negative
onic mau menang mulu tidak muak apa,negative
tidak rrq rame aja playoff,neutral
kata lucu evos is back,positive
alter ego oni,negative
tidak nyantidaka alter ego finall,negative
alter ego juara mpl s,negative
push rank ajalah lamax,negative
penghuni goa asli pulang kemarin face with tears of joy rolling on the floor laughing,neutral
lebih rame tidakda rrq,negative
mainkan savero face red droopy eyes,neutral
onic onic sonic sonic,positive
jantidakn block gw tidak toxic,positive
kata lucu playoff sepi,negative
bismillah alter ego,negative
alter ego jago,negative
alter ego,negative
yareuu,positive
sih jadwalmya pas sholat magrib mulu,negative
gc bang,positive
ayo kairi pleading face menang,neutral
kata lucu evos goto m bawa pulang piala,neutral
ayo bawa nex m,neutral
rrq sanji datang sang ceo klarifikasi senang tidaktidakl playoff ditendang face blue smiling,negative
jt alter ego,negative
kasian kasih alter ego aja,negative
ayoo onic,positive
savero skypler,positive
onif dm,neutral
folded hands onic juara,positive
gbu onic smiling face with halo smiling face with halo,positive
ouh,negative
alter igo gogogood tidakme,negative
onic bantai bantai face fuchsia tongue out,negative
yuiijjhu,positive
gua onic tapi gua dukung alter ego,negative
mana wa mu,negative
rrq main kapan,positive
loudly crying face loudly crying face loudly crying face,negative
goo onic,positive
kasi aja kin rrq,neutral
alter ego full indo kerenn,positive
epos is bak,positive
alter ego menang lah onic mulu anj,negative
kalau onic jadi badut m terus tim lu tidak lolos playoff apa cat with tears of joy,negative
tetap rrq,positive
onic apa alter ego nih ges,negative
rrq main kapan,positive
sapa hayo menangood tidakme,negative
semantidakt onic,negative
ar ar qiu main kapan,neutral
pleading face tolongs kairi menang,neutral
rrq malter egon jm brapa,negative
rrq onic,positive
menang alter ego ni,negative
ipos is bak,neutral
gua percaya sama lu alter ego,positive
tolongs onic mng,negative
bismilahh onic,positive
rrq kapan,negative
pengen alter ego juara tapi sisi mau lihat bangler juara,negative
liquid team flexed biceps but onic id is prime start now shushing face,neutral
ayoo alter ego antidakat piala alter ego,negative
onic goo,negative
onic otww juaraa kidss,positive
kesempatan buat alter ego dpt piala bismillah,positive
v,negative
onic timee,positive
lihat,positive
king alter ego nih boss,negative
evos evos evos,negative
rrq juara brapa tidakes,positive
kasi alter ego meanang lah bosen onic mulu,negative
alter ego jendol,negative
onic main kakek aja,negative
dapet jalur undantidakn mana nih,neutral
onic ngecheat,negative
onic putraa,neutral
alter ego juara percaxa gw,negative
onic bantai bantai face fuchsia tongue out cat orange whistling,neutral
gua onic sejuta aja wa,negative
lamawaawaa,positive
rrq juara lomba sendok,neutral
november n nya apa,neutral
onic kuat banget tapi alter ego hero pool nya banyak final bakal seru face fuchsia wide eyes,positive
alter ego mengukir sejarah,negative
alter ego juara percaya dah,negative
air air apa tidak lolos playoff face with hand over mouth,neutral
isikan alter ego antidakat piala trophy,negative
lucu banget bilang evos is back,negative
kebanyakan iklan mmk,negative
rrq jokowi,positive
onic darksistem loudly crying face,negative
onic onic onic,positive
nic alter ego,negative
red heart alter ego kalah menang udah biasa penting usaha person gesturing no,neutral
onic jt,positive
gua yakin alter ego is back les go,positive
air air que,positive
feeling ku alter ego ngood tidakmea sih,negative
goo onic,positive
pengen liat albert vs skylar grandfinal tapi nino keren loyal jutidak layak grandfinal,positive
onic fixx juara,neutral
alter ego tidaksaakk,negative
onic yes,positive
bismillah pila punya alter ego hari amin,neutral
siapapun juara dukung indonesia m,positive
king onic antidakat piala face fuchsia tongue out cat orange whistling face blue wide eyes,neutral
semotidak onic menang,negative
gue petidakng onic kalau tidak,negative
onic goo goo,negative
alter egoo go go goo,neutral
alter ego bot,negative
kasih aja piala nya onic,neutral
onic juaraa tandainn guaa,positive
nonton kebanyakan tim evos suka menghina,negative
lama banget minn,negative
good tidakme srg,negative
onic doms,positive
semotidak alter ego antidakat piala,negative
goo alter egoe,negative
washhands,negative
skylar juara bersama onic,neutral
tebak skor menang alter ego,negative
congratulatuion onic back to back champion mpl id s,neutral
hoi,negative
secret,negative
onic clown face clown face,negative
good tidakme onic ph,negative
keluartidak hati,negative
kairi kumar kumar,neutral
congratulatuion onic back to back champion mpl id s,neutral
rrq vs evos,negative
bismillah alter ego relieved face,negative
aja nungood tidakmeuin orang pulng kerja biar nonton rame hha,negative
rrq antidakat trophy trophy yellow smiling,neutral
rrq malter egon jan,neutral
ngehina onic kongdom iri,negative
good tidakme rrq main jam berpa,negative
alter egoe alter egoe,negative
go alter ego go,negative
alter ego gogogogo,negative
sini alter ego jt,negative
anjay rrq masuk final,neutral
banteng hitam alter egoo goo go go,neutral
badut asli tidak lolos playoff tidakys clown face,negative
alter ego megukir sejarah juara mpl indo,neutral
rrq menang nisc,neutral
alter ego semotidak,negative
ayo alter ego antidakat pialanya,negative
tidakseruh nya evos masuk,negative
onic onic onic,positive
onic yoo,positive
berharap onic juara karna pengen liat skylar antidakat piala tim baru nya semantidakt onic,neutral
nino player onic text green tidakme over,negative
sonic lah k nih mau sini sm gue trhan,neutral
rrq abis subuh ygy,negative
pengen liat nino antidakat piala trophy yellow smiling,neutral
latidak tani onic menang paling mepet satu skor liat aja,neutral
onic alter ego,positive
alter ego antidakat piala,negative
rrq tim drama mah drama aja,negative
alter ego menang seru sih,positive
gw petidakng budee rolling on the floor laughing rolling on the floor laughing rolling on the floor laughing,neutral
predik sp menang,positive
tingood tidakmeal nungood tidakmeu pasif alter ego doang tertawatertawa,negative
onic juaraa tandain gue,neutral
onic internasional rrq tarkam,neutral
onic ayoo bisaa,neutral
alter ego yuk,negative
siapapun menang kalian hebat,positive
sonic,positive
allah menantidakanlah onic palms up together,neutral
onic alter ego,positive
alter ego onic,negative
udah ketauan juaranya,negative
solo kill,positive
rrq masuk via underground bracket,neutral
onic all in,positive
mulai jam berapa cui,negative
go goo onic,positive
rrq,positive
mimin kerja keras rolling on the floor laughing rolling on the floor laughing,positive
rrq main jam berapa,neutral
m,positive
goo onic hundred points bismillah onic juara folded hands,positive
rrq beli uduk dulu,neutral
mulai jam berapaa,negative
alter ego menciptakan sejarah,negative
alter ego,negative
goo onic,positive
skin apa cookk,negative
alter ego onic,negative
jam mulainya,positive
t menang,positive
mana komen jt tdi,negative
onic alter ego internasional rrq tarkam,neutral
lolos m,negative
knpa jam loudly crying face loudly crying face,negative
paling songong kalah,negative
turnamen ntidakret semiskin kh tidakme rolling on the floor laughing,negative
menit lebih mulai nya,negative
simpan aj trophi nya kink rrq,neutral
lah mundur,positive
go faker,negative
onic juara,positive
njir skin layla,positive
bismillah onic juara mpl id s,neutral
onic id badut mseries,neutral
lestgo onic,positive
mulai jam berapa woii,negative
bangun pemudi pemuda,neutral
its onic timee,positive
alter ego go go goo onic,negative
alter ego lah masak onic juara onic trllu toxi,positive
go alter ego jantidakn kasih skylar piala,negative
langsung aja pialanya buat rrq,neutral
onic,positive
nya menang face blue smiling hand pink waving,neutral
mana,negative
onoc,positive
rrq main jam kapan,positive
alter ego meme q,negative
onic tidak juara petidakng kata gw,negative
for alter ego,negative
bismillah rrq juara m trophy yellow smiling,neutral
arfy kandangin skylarr,neutral
komennya bocil semua face with tears of joy face with tears of joy face with tears of joy,positive
lest goo,positive
hina alter ego biar fasifnya nyala,neutral
kapan pak ap ditidaknti,neutral
xixixiixi,positive
tutup komen provok dentidakn,negative
gua fans tapi gua pengen liat alter ego juara kasian ko delwyn meskipun atidak emosi karna evos pulang,negative
kasih alter ego tidak sih kasian blm dpt nih mpl,negative
siapapun juara mpl nya bawa pulang m nya,neutral
final nya lokal vs badut,neutral
bismillahirrahmanirrahim onic juara,positive
kasi aja langsung pialanyake onic,positive
rrq badut international,negative
komunitas mobile legends udah rusak tertawa,negative
kongdom iri sampe ntidaktain onic,negative
rrq main jam pagi,neutral
situ m series,positive
lawak banyak bilang rrq juara lol,positive
woii gc woi keburu magrib,negative
vos,positive
dukung alter ego dulu rrq tidak lolos hand orange covering eyes,neutral
lets go alter ego shushing face,negative
respect ajaa onic kalah lawan alter ego thumbs up,negative
tidakss alter ego,positive
onic antidakat piala yakin gua beaming face with smiling eyes beaming face with smiling eyes beaming face with smiling eyes beaming face with smiling eyes smiling face with sunglasses,positive
gua onic sejuta ajaa,positive
lest go rrq,positive
btr main jam berapa,neutral
kingdom jadi karbit alter ego,negative
komen doang tidakada kerjaan,negative
sepi nih grand final,neutral
melers melers,negative
badut mpl,negative
udah kasih aja pialanya rrq,neutral
siapapun menang malam ikhlas lahir batin,positive
kasih pialanya rrq,neutral
magrib mulu malter egon bg,neutral
dukung rrq final ketik speaking head,neutral
ku,positive
bismillah king alter ego juara,neutral
tebak skor onic vs alter ego benar rb,negative
sih tidakme menang mah tidaktau dah sama sama kuat cat with tears of joy,positive
let s go onic,positive
good onic goo alter ego,positive
jantidakn bacot gua sebatidaki alterchamps lihat hasilnya dulu,neutral
mulai jam brpa,negative
rrq main sama natalia,positive
m,positive
ayok alter ego menang,negative
brisik ndom mau nonton nonton aja tidakusah brisik,negative
goo onic goo alter ego,negative
mpl haram,negative
go go go onic,positive
mulai jam berapa,negative
rrq kapan main bg,neutral
kingdom baik ketik,positive
rrq menghilang lane,negative
rrq vs evos kapan,negative
dukung m tim,neutral
epos main kapan min,negative
onic yoppiee,positive
bismilah rrq juara mtolong antidakat piala m,neutral
tim jago masuk final hastag tidakusah diajak karna raja lokal,positive
rrq m,positive
onic mantap,positive
rrq m face with hand over mouth cat with tears of joy,positive
mabar,positive
let s go onic teamm,positive
rrq juara boss,positive
tetep kawal,positive
searah,negative
onic mesti menang,neutral
ketik dukung final rrq speaking head,neutral
ribut alay,negative
tidak lolos playoff aja petantang petenteng,negative
goo onic,positive
mulai mulai,positive
alter ego gok gok gok gok,negative
alter champ,positive
rrq punya lemon kagura,positive
mbah kong,neutral
landak id jadi badut m,neutral
pp,positive
onic time goodvibes,positive
kairi mode kumar kumar,neutral
rrq goa tidak usah nongood tidakmeol disimi,negative
banyak aman oknum oknum tertawa,negative
jam berapa rrq nungood tidakmeuin nih,negative
nenek nya badut,neutral
beritahu semua king alter ego datang party popper party popper party popper,neutral
siape todak,negative
mbh kong,positive
pasif alter ego nyala guis,neutral
tidak ad hubuntidakn ama ererki,negative
bingung mau dukung onic apa alter ego,negative
mnt lgi guys,negative
rrq udah m bos nungood tidakmeu final,negative
lil lil lil bahlil,positive
rrq diam aj udh goa banyak bct,negative
jam,positive
kasih aja pialanya king alter ego,negative
bismillah onic menang skylar dapet piala mpl allah aminn,positive
waktunya alter ego juara,neutral
alter ego m rrq,negative
mantapp,positive
go a,neutral
rrq goa tidak usah nongood tidakmeol disini,positive
alter ego bren,negative
rrq punya lemon jago kagura,positive
sugoii,positive
lamanyo,positive
prediksi,positive
percuma lolos playoff tapi tidak nyampe grand final tertawatertawatertawaw,neutral
ayam,positive
draffick nya jam,negative
bising x isi chat nya bocah laknat,negative
lulu lalala,negative
alter ego juta,negative
searah se,positive
intidakt alter ego bakal juara,neutral
remehin alter ego gua dongood tidakme,negative
minimal top,positive
rrq diem aja tertawaaotertawa,negative
bol,positive
oniic sih menang,negative
tidaks kan,negative
rrq kapan tanding,positive
sejuta love buat onic semantidakt jutidak buat alter ego kalian sama sama hebat,positive
king evos main jam berapa guys,neutral
btr main jam berapa,neutral
alterr egoo ketikk,negative
ayam,positive
m nya apa,negative
alter ego champions aamiinn,neutral
kukira m ternyata,negative
bismillah alter ego juara aminn allah,positive
goa diem aja,negative
woilah gw kira setentidakh,negative
woi pangood tidakmeilin kalau rrq main,negative
minimap top sama lolos playoff,neutral
rrq udh final m bg tertawa,neutral
mau mulai coy,negative
kalau alter igo menang tonton kan juta orang face turquoise covering eyes,neutral
nungood tidakmeu rrq main jam berapa,negative
rasis kingdom,positive
lama kali,positive
btr kapan main,negative
alter ego apa lawan onic,negative
langsung kasih alter ego ajah,negative
top masuk m karna indo tuan rumah,neutral
lama kalu,positive
mana rrq,positive
gua dukung nya thumbs up,positive
onic juara,positive
evos vs onic,negative
orang orang caper,negative
ban antidaka tertawa,negative
cat with tears of joy cat with tears of joy,positive
skylar mau antidakat piala m nih,neutral
juta lapantidakn,negative
rrq rrq rrq rrq rrq,neutral
jantidakn tanya rrq imani,neutral
knp pd ngetik sih,negative
tungood tidakmeu evos rrq m via undantidakn,neutral
match bakal panas,negative
cemilan tlph cat with tears of joy,neutral
alter ego menang gw bakal nguntidakapin perassan gw langsung depan orang tuanya,negative
aja namanya otaknya anak kecil,negative
brisik klian semua,negative
rine main engood tidakmeak yah,negative
bismillah alter ego juara folded hands,neutral
udah tua jadi kongdom hina,negative
hana ppq,positive
rrq ntar jam subuh,neutral
bismillah alter ego juara mpl,neutral
bh,positive
terlalu banyak cingcong tidakpenting,negative
pesan buat kingdom playoff tetep rame tuh,neutral
gw mah dukung sipa menang penting ad bawa m indo,neutral
lagunya mantap,positive
tidaks alter egoe mpl pertama,negative
mulainya jam,positive
berisik mulu,negative
udah onic juara,positive
seru ngetik,positive
yok yok alteregoo goo,neutral
uat nanya rrq main jam berapa rrq persiapan m lewat jalur snbp winking face with tongue,neutral
suara nya kenceng,negative
pepeqi jam brp bro,positive
sama goa jantidakn saling hujat face with tears of joy face with tears of joy,positive
rrq kapan main,positive
mpl ph selalu gercep woozy face woozy face yawning face,negative
seru banget ngetik,negative
alter ego go go go,negative
ayoo dastaann kamu nonton kan,positive
searah se jam,negative
good tidakmewell played,negative
ngebacotnya lamaa rolling on the floor laughing,negative
kairi mode kumar kumar dongood tidakme,neutral
jam berapa mulai,negative
berisik purnomo,neutral
onic,positive
hidup rrq poke,neutral
onic timee,positive
purnomo malu udh tua,negative
gua petidakng onic jt,negative
finger red number one,neutral
tidak sabar,negative
banyak kali komen,positive
bismillahh onic juaraa,positive
norak begini penonton indo,negative
ngetik enakin banget,positive
alter ego juara gue uninstall tidakme backhand index pointing down zany face,negative
yo alter ego yo,negative
seru banget ngetik,negative
alter ego ayoo juaraa bawa piala nyaa,neutral
siapapun juara gw iklhas btw gw sonic,positive
onic semotidak menang,neutral
tidaknyantidakan antidaka speaking head speaking head speaking head,negative
rrq mana,negative
ayoo,positive
onic,positive
kongdom out,negative
ayo onic goo piala trophy,positive
skylar tidak main kh,neutral
yok onic kuu,positive
sejarah baru kata rinz,neutral
titp yah onic,negative
panass panass panass,negative
alter ego kayak nya juara,negative
mpl enjoyer siapapun menang buktikan kemampuan strategi terbaik,positive
onic,positive
waktunya alter ego bukan onic,negative
sonic bosen liat onic juara kingdom bosen liat rrq runner up terus beda kelas cat with tears of joy cat with tears of joy cat with tears of joy,positive
kairi mode kumar ksi pialanya alter ego aja,negative
menang final lawan rrq,neutral
alter ego nihh booss,negative
bct aldy yapi,neutral
viewer indoogood tidakme nooraakk,negative
goo oniicc raised fist,negative
alter ego juara gue uninstall tidakme backhand index pointing down winking face with tongue,negative
dapet skin harley,positive
respect sepuh goa rrq hoshi,neutral
bilang dunia rrq is speaking head,neutral
enak banget ngetik siall,positive
sekedar info guys rrq main jam pagi final merebuntukan juara planet namex tonton jt views aliens,neutral
alter ego the real kuda hitam season,negative
rrq main jam berapa,neutral
rrq jam berapa malter egonnya,neutral
rrq mode ntidaklah dulu boss,negative
apalah purnomo,neutral
rrq udah bukan jamannya,negative
yoo,positive
anak pinter ngetik,positive
trio sulawesi,positive
ngiseng dulu sono face blue smiling,neutral
raikan mimpi mu skylar,positive
engood tidakmeak se,negative
norak banget ni tim badut,negative
badut lokal mending badut m,negative
dukung alter ego komen rrqq,neutral
siapun menang terbaik,positive
nino demngt,negative
rrq go go go,neutral
rrq masuk jalur undantidakn,neutral
backhand index pointing up,neutral
ntidakpasii fans tim nya katidak lolos play of panas banget,negative
bismillahirrahmanirrahim menantidakan onic allah aamiin,neutral
kalau onic jadi badut m terus tim lu tidak lolos playoff apa cat with tears of joy,negative
onic champion,positive
ketik fans onic,positive
backhand index pointing up backhand index pointing down,neutral
bismillah alter ego,negative
o n i c menyala,neutral
kelass,positive
rrq masuk goa evos m,negative
after ego bismilah,negative
raja lama vs calon raja,neutral
tenang spam artinya m yagesayaak,negative
alter ego letsgoo,negative
onic menang bismillah,positive
ph juara,neutral
squad sulawesi,positive
king alter ego gini wok,negative
landak id jadi badut m series zany face,neutral
pepeqi,positive
kasi onic aja piala nya,positive
bismillah m tantidakn onic,neutral
al alter ego,negative
rrq masuk m jalur pdbk,neutral
m,positive
penuhin komen,negative
lama woee,negative
rrq lolo m,positive
gelo rrq grand final brokk,neutral
bismillah onic let s goo,positive
menang onic,positive
maleng,negative
onic champ confirm,neutral
bismillah onic menangood tidakme,positive
onic menang,positive
rine main cuyy,positive
alter ego alter ego,negative
ez onic alter ego badut m,negative
he maleng,negative
besok tka,negative
alter ego chmpion,negative
pqq goa aja,positive
onic,positive
onic gogogogoo,negative
langsung kasih piala rrq,neutral
kok diam purnomo,neutral
nic we need this,negative
alter ego juta,negative
enak banget ngetik siall,positive
kon maleng yo,negative
ketik fans alter ego,negative
butuh juara baru,neutral
onic to m,positive
lah mirip nino si ivann jirr,negative
dukung m kedua tim,neutral
dukung siapa,positive
kata lucu evos isbeck,negative
sepele onic,negative
sonicvvcv,positive
alter ego,negative
ketemu ph jutidak keok,negative
king arfy,neutral
bukan si oren si kuning,negative
fans panass,negative
tidak sabar ngliat ayang antidakat piala,negative
alter ego menang trophy,positive
lestgoo tunjukin prince skylarr,positive
jam brp muali nya,positive
landak id badut mseries,neutral
letsgoo alter egoe,negative
face blue three eyes,neutral
alter ego jt,negative
pingin liat alter ego juara tapi disisi pingin liat skylar juara onic,positive
bawa king mu wow btw ngood tidakmeak kalah bro,positive
onic winking face with tongue winking face with tongue,positive
nt alter ego winking face with tongue,negative
spam banyaakk,positive
onic sudh sering antidakat trophy kasih alter ego aj tidak sih,negative
all in onic,negative
admin kasih piala rrq aja,neutral
padu onic,positive
onic check mark button alter ego,neutral
mpl ig asw lama banget ajh,negative
jt petidakng onic,negative
mau king alter ego king onic menaang terserah winking face with tongue backhand index pointing up,neutral
onic,positive
siapa menang tidakskeun,negative
onic all inn,positive
letsgoo alter egoe,negative
alter ego go go go piala mpl bonus have fun lads,neutral
face red droopy eyes lama,negative
apa anak anak yaa rrq tidak lolos play of face with hand over mouth cat with tears of joy,neutral
mana yahh,negative
alter ego go go go,negative
alter ego gogo home,negative
letssgoo alter ego,negative
alter ego is bakk,negative
eei jantidakn sok asik sama alterchamp cuih,negative
detik,positive
ahooyy onic,positive
is rrq time,neutral
semotidaka mengood tidakme alter ego allah,negative
banyak bocil kingdom nyamarr,negative
go oniv,neutral
tiket m berapa,neutral
nama allah alter ego kalah,negative
mana jalur undantidakn m nya kingdom,negative
like dulu,neutral
go go home,neutral
bismillah alterego alterchamm,neutral
ho alterego go face blue smiling,neutral
landak id badut m series zany face,neutral
alter ego jt,negative
onic,positive
kasih alter ego tolongs,negative
okk,negative
bismillah onic juara mpl id s masuk m,neutral
bismillah rrq,positive
onic beli srinz biar menang,neutral
tidaks,negative
bismillah alter ego face orange frowning,neutral
onic jt,positive
bismillahirahmanirahim semotidak onic menang perjalananya mudahkan amin,positive
kink alter ego tandain,negative
alter,positive
goo,positive
tidaks,negative
aja komen,positive
it s time onic,neutral
go,neutral
tidakss onic,negative
alter ego,negative
goo,positive
minimal lolos m,neutral
ayo,negative
ayo rrq,neutral
jantidakn pernah kasih perhatian pad aini ragebaited guys,negative
onic juta nih,positive
alter ego jt lawan,negative
onic,positive
dentidakn nama allah aku doakan onic manang aminn,neutral
yoo,positive
budee,negative
lestgoo,positive
sonic mana suaranya,negative
karma dulu ketik sekarang tidak lolos playoff mpl menjelang m,neutral
mulai,positive
r,negative
dukung alter ego kebanyakan kingdom,positive
squad sulawesiroam kiboymid sanzjungle yazukeexp gobsgold skylar,neutral
let s goo,negative
goo oniicc,positive
alter ego win,negative
pengen hp baru samsung,neutral
bismillahirrahmanirrahim yaallah semotidak rezekinya alter ego juara mpl id malem,neutral
partying face partying face partying face,positive
feeling gw alter ego menang ni,negative
udh diramal sma alter ego juara cetak sejarah,neutral
halo rrq,neutral
onic yono,positive
mainin srinz,negative
menang lawan rrq,positive
lovee youu,positive
tipis and trik,positive
alter ego t,negative
menang tetap onic tapi sanz skylar lumpuh kan pemenang alter ego,neutral
main jam betapa sih,negative
onic nih jt folded hands,positive
rr,positive
alter ego jt,negative
bismillah alter ego juara go go,neutral
onic juta,positive
lama banget dah,negative
goo oniicc,positive
semotidak alter ego menang amin onic badut lokal,positive
bismilah go alter egoe,negative
alter ego nih juta,negative
landak id the real badut mseries,neutral
kalau new champ,neutral
sini alter ego satu juta,negative
kapan saldo gopay gratis,neutral
ngetik nya jantidakn nangis mposs cat orange whistling face blue smiling,neutral
kasih alter ego aja lah kasih menukir sejarah,negative
all in onic bisaa nihh juara lagii letsgoo,positive
alter ego juta,negative
alter ego champ,negative
pilih merah apa kuning,negative
bismilah alter ego,negative
alter ego lets goo,negative
rrq mendem aje goa,negative
onic juta,positive
onic jt red exclamation mark red exclamation mark red exclamation mark red exclamation mark double exclamation mark double exclamation mark double exclamation mark double exclamation mark double exclamation mark double exclamation mark double exclamation mark double exclamation mark double exclamation mark double exclamation mark double exclamation mark double exclamation mark,neutral
rrq juara rill,neutral
alter egoo,negative
kasih tontonan seru,positive
rrq juara m percayalah,positive
rrq bisaa,positive
wow,positive
onik kalah,negative
egoo,negative
all in alter egoe,negative
bantu,negative
rrq main jam brp bang,neutral
alter ego nih jt lawan,negative
dukung lh alter ego onic tidak apanya elbowcough,negative
rrq main jam berapa bang,negative
tidaks onic juta mana ayo,negative
keren,positive
serius aja onic nih jta,positive
onic m,positive
jirr banyak kongdom ternyata ntidakdu domba disini rolling on the floor laughing rolling on the floor laughing rolling on the floor laughing,positive
go alter ego gooik,negative
bis,negative
lets goo alter egoe,negative
hbis ni kabar onic bawa piala m face savoring food,neutral
sabar kocak kan dah jadwalnya gmn sih,negative
alter ego tolongs,negative
bissmillah alter ego palms up together,positive
kairii,negative
coment pick fans evos tertawa penyakt hati,neutral
lama cuki,negative
alter egogogo,negative
yah kena prank,negative
banyak bener stiker,positive
trilion onic,positive
tertawatertawaw tidak muntidakin cuma modal dor dor main m tertawatertawa,neutral
alter ego juara suapaya engood tidakmea aja menang raja baru,negative
alter ego time,negative
udah onic sih,negative
yok double champion onic id,neutral
alter ego jt lawan,negative
sini gua onic juta,negative
googo rrq,neutral
alter ego menang,negative
penting punya msc,neutral
onic,positive
ayo pasep,negative
onic,positive
rrq m let s go,neutral
iphone pro pilihan terbaikmu,positive
alter ego jt,negative
bismillah onic,positive
onic woman dancing,positive
ayoo alter ego bisaa,negative
ikn,negative
letsgo alter ego,negative
goaa jarintidakn yaa,negative
gogo alterigo,neutral
epos,negative
petidakng alter ego jt ayo siapa lawan,negative
lama ah mobile legendss,negative
salah pilih lokasi playoff,neutral
air air apa tidak masuk po,negative
gc,negative
oneii,negative
yok yok alter ego juara go go goo,neutral
viva ererqiu,positive
rrq main sctv main film jdul nya badut mpl,neutral
onic cc cc,positive
tidakyakin onic menang,negative
bantu ketik,negative
kapan dah main yah,neutral
kiboyy,positive
bismillah onic juara yaallah,positive
bude clara,positive
anak alter ego tidak duit,negative
alter ego onic goo,negative
sejarah baru alter ego,negative
rrq nih bos,positive
gua dukung semuanya siapapun menang antidakat kepala kalian buktikan kalian pantas jadi pejuang m kalah this is not the end raihlah piala m region indo senantidakt,positive
akankah piala onic piala pertama alter ego,neutral
epos paling sering face with tears of joy face with tears of joy face with tears of joy,positive
alter ego mode play off,negative
alter ego juara,negative
pas timnya kalah ngilang pastituh taruhan tertawa,negative
dilema mau dukung onic alter ego suka semuanya melting face,negative
evos ayam,negative
jt onic,positive
yuk bs yok,neutral
luthpii,positive
rb onic nih lawan,negative
punya msc rrq punya apa,neutral
goa jarintidakn,negative
onic juara mpl,neutral
jt alter ego,negative
alter ego jt,negative
dukung menang,positive
tidakss onic juta sini gw tampung,negative
onic badut terus tim kalah onic apa dong,negative
piala m udah kantongin rrq boss cat with tears of joy cat with tears of joy cat with tears of joy,positive
duelan alter egovsonic w onic jt,neutral
alter ego kali aja folded hands folded hands folded hands,negative
sampah semua komenan mpl id face with tears of joy,negative
terlalu banyak iklan,negative
aku mau alter ego menang,negative
apa hubuntidakn masuk m sama tidak lolos playoff bocil fomo,neutral
berarti hijume kali final yak,neutral
gelo geloo,positive
toxic hei,negative
elbowcough,positive
purnomo badut rrq love you gesture money mouth face,neutral
bismillah alter ego juara allah,positive
tolongs kasih alter ego dong piala nya onic,negative
ban lapu,neutral
onic punya msc rrq punya apa,neutral
sanzz,negative
hidup jokowii,positive
haii,positive
baru dateng,negative
kasih alter ego meang,negative
onic gogogo ghost,neutral
tidakss juta onic,negative
rrq udh nungood tidakmeu final m,neutral
onik juara skyler ntidakntidaket piala mpl trophy yellow smiling,neutral
rrq main jam berapa sih bertanya dentidakn nada tingood tidakmei,negative
tandain gw onic alter ego,negative
juara baru let go alter ego,neutral
my kairi face with tongue backhand index pointing up,neutral
hedgehog,negative
allah semotidak bang ler juara pertama nya tim onic juara m amin,positive
rrq badut mpl,negative
kata ererqi alter ego tidakda tidakmeplay,negative
alter ego,negative
hand pink waving hand purple blue peace,positive
yeb tolongin yeb,negative
alterchamp handshake sonic jantidakn mau disusupin,negative
pulantidakan oniicc,neutral
ngetik nya jantidakn nangis dekk mposs cat orange whistling face blue smiling,positive
pp,positive
pleading face,positive
rrq juara m,neutral
sepi,positive
bismillah alter ego juara allah folded hands,neutral
bau alter ego juara,negative
kasih alter ego menang tolongs,neutral
ayo onic,negative
good luckk onic,positive
jam berapa main,negative
anjay rame banget,negative
bismillahirrahmanirrahim allah yok,positive
er er qi main jam berapa bang,neutral
barikah,positive
