message_clean,sentimen
halo mpl,netral
tidak sesuai jadwal,negatif
it s onic time,positif
jam paling lambat jam malalter egom haha,negatif
jantidakn bahas tidak,negatif
rolling on the floor laughing rolling on the floor laughing rolling on the floor laughing,netral
orang jadwal nya aja,netral
ntidakret,negatif
lah jam,netral
mpl id scamming,negatif
kobtoll,positif
rrq malter egon habis subuh,negatif
woi kelamaan,negatif
kasian evos kalah ama king alter ego,negatif
tidur aja dulu gess jam,netral
its onic time,positif
its onic time nauseated face nauseated face nauseated face nauseated face,netral
mpl wacana cuki,netral
woi duit bukan,negatif
lah katanya,positif
onic,positif
hallo,netral
pembohonk publik,negatif
mpl ntidakntuk,netral
udh jam bali,netral
jam malam kont,netral
akun uda mulai live,netral
mulai wehh lama kali,negatif
kalian nungood tidakmeu apa jam kocak,negatif
noob vs noob,netral
stress tidakush bikin jadwal jam sgini akhir nya malter egonn nya malemm mahh,negatif
undur kocak,positif
nya jam,netral
guys,positif
palintidakn antar jam,netral
udah ribu nungood tidakmeuin loh loudly crying face loudly crying face,netral
al in onic,netral
woi manawoi,negatif
onic,positif
lah gw kira telat,negatif
kocak udah hampir jam,negatif
kapan we,negatif
admin tll,netral
jam pas keknya,netral
udh ki,positif
sih kek kemarin,negatif
mana final oii,positif
jam brp,netral
hadehh,negatif
php in sma atmin mpl jirr cat with tears of joy cat with tears of joy,netral
scam sidai ramai,negatif
kapan mulai nya woy,negatif
mpl kocak,positif
dah lewat jam nih,netral
c,positif
woii tepat waktu napa,positif
bilang cemilan ph pindah aja lu ph,negatif
udh yappingnya,positif
papua udh jam,netral
ez server vs ez server,netral
nahh,positif
akhirnya,positif
akhirnya tertawa,positif
batu mulai,negatif
udah,positif
atmin ntidakpin sih,negatif
ntidakret,negatif
gelo,negatif
go onic time hedgehog red heart,netral
sabar,positif
geloo cendol,negatif
nah,positif
let s go,netral
alter egoalter ego,negatif
iklan nya lamaa,negatif
yeszz,positif
malter egon jm,negatif
nah tuh bru,negatif
ntidakret woi,negatif
onic kroco,negatif
lu manado jakarta jutidak belom mulai nih mpl,negatif
sapa tadi bilang jam,netral
lama banget,negatif
lets goo alter egoe,netral
woilah nungood tidakmeu mnit,negatif
bener jam berapa tot,netral
alter ego mbapuk,negatif
hahah kene scammed baru on lagu,negatif
baru yanyi yanyi sampe setentidakh jam,netral
liat postintidakn terbaru mpl jam mulainya,netral
alter ego,negatif
bismillahh onic,positif
kapan rrq main,netral
hahaha,positif
ntidakret wee,negatif
alter ego,negatif
woi cendy pulang,negatif
mulai tidakpenting dlu inii jam baru match nya,netral
telat setentidakh jam,negatif
bismillah onic,netral
selamat menungood tidakmeu mnt lagii loudly crying face,positif
caster nya siapa sekarang,negatif
yanyi dulu menit tertawaakak,negatif
goo onic,positif
gw kira gw pertama face with tears of joy face with tears of joy,netral
onic time,positif
admin hbs makan ayam geprek,positif
tidakss,negatif
tertawaktertawa musuh fans alter egoron,negatif
onic,positif
alter ego filling gw,negatif
awas alter ego jadi jadian rolling on the floor laughing face with tears of joy,netral
lets go alter ego be the champion,netral
onic alter ego,negatif
gogogo,positif
yos,positif
cendyy,positif
tidaks alter ego yakin menang,positif
alter ego mengukir sejarah,netral
ngopi dlu nungood tidakmeu,netral
ayoo onic goo onic,positif
goo onic,positif
jir bang cendy,negatif
semantidakt alter ego salam malaysia,positif
bismillah skylar petidakng piala mpl,netral
kekny jm mulai matchny,netral
let s goo,netral
final seru sama kuat tp lebih kuat bakal jadi juara,positif
tadi minutes,netral
bissmilaah onci goo,positif
katanya mulai udh mau jam blum apa apa,netral
goo alter ego,negatif
mainnya jam keknya,netral
rrq main jam brpa,netral
alter ego letsgoo,negatif
alter ego go go go,netral
min clip youtube orang grand final uda main,netral
rrq goa,netral
goo onic,positif
alter ego pulang aja,negatif
semantidakt landak lucu red heart,positif
intinya membohongi publik,negatif
alter ego go go go,netral
onic menang,positif
what it s time,positif
goo sonic,netral
bismillah semotidak onic pleading face pleading face,positif
terserah menang tim apa karna duaduanya tim favorit ku,positif
bismillah alter ego,netral
awas alter ego jadi jadian winking face,negatif
its onic time,positif
its onic timee,positif
ndasmu go go go,netral
beras,positif
lahh cendol tertawatertawa,positif
nino maaf koh face blue smiling,netral
main nyaa jm,netral
lah fun match,positif
nungood tidakmeu jam,negatif
semantidakt onic,positif
semotidak onic menang salam blantidako,positif
lama menit,negatif
onic juaraa clip,positif
squinting face with tongue backhand index pointing up,netral
letsgoo alter ego,negatif
onic lest go,netral
magrib mah mulainya guys,netral
tenang onic juara,positif
apa kok cendy,negatif
yok onic bisaa,netral
lama,negatif
kebanyakan sarkas player sebenarnya iri player malter egon tidakme terus dapet tidakji,negatif
berharap onic juara sih,positif
dukung onic mana suaranya,positif
bismillahirrahmanirrahim semotidak onic menang,positif
jam mulainya,netral
semotidak alter ego juara biar juara baru warna baru jantidakn team aja juara,negatif
tidaksabar liat skylar juara onic,positif
onic,positif
mulainya jam berapa woii,netral
akhirnya lipe,netral
letsgoo alter ego,negatif
lets goo kink alter ego vs skyking onic,netral
vii,negatif
onic,positif
yok alter ego yok,negatif
sepi tidak king rrq,negatif
alter ego mau pulang sendiri apa pulangin onic,negatif
alter ego lokal pride,negatif
alter ego,negatif
jir lama banget jam,negatif
lama,negatif
kapan mulainya woi,negatif
kalau lihat permainan juara baru season,positif
onic,positif
alter ego go go go,netral
mnt belun ngobrol,negatif
alter ego alter ego alter ego alter egoe,netral
alter ego juara,positif
badut,negatif
kalimat lucu alter ego mengukir sejarah,netral
mnt,negatif
dah selesai yaa,netral
alter ego juara yokk,positif
wtf cendy,netral
face red droopy eyes,netral
lama,negatif
onic my heart,netral
scam,negatif
mpl id dentidakn tetidaks menentang setidakla bentuk perjudian mendukung kompetisi adil berintegritas bangun komunitas menghormati nilai nilai sportivitas dunia esports,netral
woi,negatif
jam brp grand final mulai,netral
langsung aja kasih piala mpl nya onic piala m tlph face blue smiling face blue smiling,netral
siap siap king alter ego antidakat piala,negatif
jam lama kok sdah rame aja,negatif
setidaknteng dibilang badut face with tears of joy face with tears of joy,netral
alter ego go go g,netral
let s go alter ego,netral
tandain gw onic juara gw botak pile of poo,negatif
apaa dulu,negatif
mulai nya kapan dah,negatif
go go onic,positif
alter ego mengukir sejarah baru,netral
rrq juara nih,positif
udh sonic tidak usa nonton alter ego bakal juara,positif
grandfinal mulai ntar subuh kocak,positif
evos evos divine tidakada apanya,negatif
m kapan,negatif
alter ego juara catat,netral
dah tau siapa juara nya,positif
jutaan ayok gw alter ego,negatif
lagu shinbi jier,netral
onic alter ego,negatif
onic lh jls,negatif
onic juara,positif
tidaks onic,negatif
lahh kok bang crispy,positif
alter ego juara fix,positif
semotidak kejutan buat alter ego,negatif
seketika banyak ntidaku sonic face with tears of joy,netral
onic juara catat,netral
fans karbitan,negatif
rrq kapan main,netral
skip cendyy,negatif
alter ego onic tidak usah bawa tim,negatif
jta onic,netral
alter ego cik juara sonic out aja,negatif
jm brp mulai ntidakb match satu,netral
sonic lari nek,negatif
ssmotidak onic lose,negatif
rrq juara goa rolling on the floor laughing rolling on the floor laughing rolling on the floor laughing,netral
onic menangood tidakme,negatif
alter ego juara,positif
onic timee,positif
dah main ngood tidakmea sih,negatif
nungood tidakmeu jam baru mulai,netral
kasihh alter ego aja piala nyaa,negatif
jam berapaa main,netral
onic juara tandain guee red heart,netral
xepher jenius njir,negatif
sonic lahir nek,negatif
diatas onic alter ego rolling on the floor laughing,netral
bismillah onic,netral
jam brp,netral
onic jt sini,netral
onic,positif
sepi tidak disana,negatif
jam brpa malter egon nya,negatif
go alter ego go alter ego go,netral
alter ego juara kerana alter ego on fire and lama menanti sedantidakan onic masi posisi selesa,positif
nya alter ego juara,positif
delwyn dellost nih guyss,netral
onic go to goa lah alter ego juara,positif
bismillahirrahmanirrahim semotidak onic juara,positif
p,negatif
kasih terbaik aja kedua team,positif
petidakng ererq jt all in,netral
rrq tidak diundang kasihan huahahahhaa,negatif
alter ego,negatif
jam baru mulai,netral
nt onic,negatif
rrq kapan,netral
alter ego onic,negatif
alter egoe juta,negatif
onic lose boss,negatif
fans onic berjejer blng anic time,netral
ntidakpain kesian,negatif
catat tidakiss alter ego juara,positif
lama kali cok,negatif
jam berapa sih mulainya,netral
rrq main nya jam brp,netral
onic skylar,netral
fokus diri masing aja,positif
yapping,positif
hidupp rrq,positif
alter ego juara ni,positif
ngetik alter ego win sonic jmbd,netral
savero main,netral
diatas onic rrq,netral
ceban,negatif
alter egoe lah onic udah gbkln juara kemaren udah juara tidak muntidakin juara lagii,negatif
alter ego gogogogo,negatif
rrq jam brp main,netral
sonic kumpul squinting face with tongue backhand index pointing up,netral
alter ego champion,negatif
jam mulainya,netral
onik,negatif
ntidakak bacanya loudly crying face,negatif
opet,negatif
jam brp kak,netral
main jam brapa,netral
rrq dah juara m woyy,positif
alter ego onic,negatif
hujan redah nya cuyy,negatif
onic,positif
jam mulainya,netral
alter ego,negatif
final rrq vs tlid rolling on the floor laughing,netral
counter tlph cuman onic tidakys face with hand over mouth,negatif
jt onic,netral
t,negatif
onic alter ego,negatif
onic posisi udah selesa cuma belum piala m series piala mpl udah banyak kalau onic kalah sini no effect apa apa alter ego on fire jadi aura nyaa kuat,positif
rrq mainnya jam berapa yak,netral
mat seru ni,positif
rrq dah juara m woy,positif
tandain mvp nya yazukee,netral
misi balas dendam alter ego ni face blue smiling,negatif
counter tlph cuman onic tidakys face with hand over mouth,negatif
ayok onic it s onic time,positif
onic menang,positif
mnit,negatif
match jam berapa,netral
alter ego mengulang apa tlid lakukan,negatif
fun match harusnya undang badut rrq,netral
semotidak alter ego menag yaallah,negatif
inioc,negatif
cendy ntidakpain,netral
bismillah onic juara,positif
jam main udah live hahaha,positif
kok bawa bawa rrq dah,negatif
apa onic,negatif
yeahh mnit lgi,negatif
main jm berapa,netral
ayo landak kuning hedgehog,negatif
go alter egoe,netral
fans fanatik rrq mana nih tertawaw face purple crying,netral
ayo onic ayo alter ego kasih perlawanan asik,positif
bismillah semotidak onic menang palms up together,positif
semantidakt alter ego,negatif
onic onic,negatif
king alter ego siap bantai,negatif
lah bang cendol tertawa,positif
solat dulu ges,netral
sejarah mpl s is bsck,netral
skylar kairi dikantongin yazukee,netral
rrq goa belajar tembak toy toy toy,netral
go kairi red heart hedgehog,netral
bismillah alter ego juaraa,positif
mana,negatif
main jam berapa,netral
semotidak onic menang allah smiling face with halo folded hands,positif
mama aku m,netral
mulainya terlalu sore,negatif
go alter egoe,netral
onic m bismillah,netral
ko blm mulai,negatif
onic back to back champions,netral
lembar merah onic,netral
albaniakbar caper banget kurang perhatian ortu,negatif
semotidak hari keberuntuntidakn buat tim kesukaan ku menang onic,positif
onic onic onic,negatif
bismillah semotidak alter ego juara loudly crying face,positif
rrq mengukir sejarah,positif
ayo alter ego tolongs kalian bisaa,negatif
lama njit,negatif
mulai jam ges,netral
onic onic,negatif
sekali onic tetap onic,positif
jam brpa main,netral
lamaa,negatif
mamah aku m,netral
jam,netral
baru baca langsung hilang face with tears of joy,negatif
onic sama madrid jarang kalah difinal,positif
alter ego bismillah,netral
ez onic inimah,negatif
bismillah onic menang,positif
sorry end thenk you it s my stail,negatif
juta alter ego,negatif
ayo ajak lembar merah gua alter ego nih,negatif
mulai jam ges,netral
mulai jam berapa,netral
jt yuk aku pengood tidakmeang alter ego,negatif
baru mulai,netral
semotidak onic kalah,negatif
mana notif munn,negatif
semuanya bilang terima kasih sutsujin alter ego m atas statement bilang alter ego tidak tidakmeplay buktinya alter ego punya tidakmeplay lolos m,negatif
juta onic,negatif
ayo gua onic,netral
jam lima baru mulai,netral
juta alter ego sini gua tampung cat orange whistling,netral
juta onic,negatif
fg dr,netral
gd g df,netral
dfg,negatif
fd g,negatif
fd,positif
gfd,positif
jt onic berani ngood tidakmea,negatif
hi,positif
menang alter ego,negatif
person turqouise waving,netral
kapan mulai si,negatif
kontak kontak,netral
ayo semantidakt onic,positif
m,netral
onic main jam brp bng,netral
sorry koh gw ngecewain lu,negatif
jt aku petidakng budhe,negatif
shushing face,positif
masi lama co,negatif
jt gw onis sini,negatif
jam berapa sih mulainya,netral
ayo jantidakn hilantidakan,negatif
jam berapaa,netral
juta alter ego,negatif
langsung aja kasih pialanya onic,netral
tidak berjudi kalau kalian taruhan pake uang sama aja dentidakn berjudai,negatif
tolongs remehin alter ego biar menang,negatif
yo gua tampung nih mau berapa juta,netral
jt berani gw onic,negatif
bismillah alter ego menang,positif
bismillah onic antidakat piala palms up together red heart,netral
sini evos jt,netral
text green tidakme over,positif
jt gw onic sini,netral
alter ego,negatif
sini evos jt,netral
sepi,negatif
gua alter ego nih,negatif
admin sibuk ngespam tertawatertawak,negatif
dukung onic mana suaranya elbowcough,positif
onic dong,negatif
lama jirr,negatif
napa si cendol tertawak,negatif
onic gw,positif
alter ego tidakss,negatif
mulai nya,positif
alter ego vs onic jam brpa,netral
sini rrq m,netral
rrq jayaa,positif
gua onic mna evoss jt sini,netral
goo goo onic,negatif
nicc,netral
udah jam nihh woyy,netral
dikira tlph doang apa jago tertawatertawa srg jutidak jago woyy,negatif
semua bilang sutsujin membuat alter ego m,negatif
jt alter ego,negatif
onic jta,netral
sih malter egonnya,negatif
kindom goa sinyal buat nonton serius nanya,netral
goo alter egoe,negatif
pov papan atas bukan,negatif
jt gw alter ego sini,negatif
onic,positif
skyleerr,positif
onic go go go,netral
grand final belum final,netral
petidakng evos sini gua alter ego jt,negatif
juta onic,negatif
mulai jam berapa,netral
mau jt gw petidakng alter ego,negatif
alter ego tidak da tidakmeplay,negatif
bang gue live tapi sepi,negatif
laah ntidakpain fun match,positif
onic,positif
landak landak ntidakrep juara alter ego nih gua,negatif
onic go go,positif
gua onic bakal juara alter ego cupu,positif
alter egoe,negatif
cendoll,positif
kasih langsung piala onik,netral
juta onic,negatif
alter ego bego bego bego,negatif
jam brpa mulai nya,netral
aku onic jta,netral
bawa trophy gh alter ego no,netral
jt onic,netral
langsung aja min,netral
biar senam jantung,positif
alter ego menangood tidakme,negatif
alter ego,negatif
hand pink waving,positif
onic alter ego sanz mvp,netral
gue pilih menang aja rolling on the floor laughing,netral
lets goo onic,netral
all in jt alter ego,negatif
alter ego pulang aja juara onic,negatif
lama yak,negatif
geloo ketuaa,negatif
kena kencing lg,negatif
persib,netral
alter ego goo,negatif
t onic,negatif
alter ego,negatif
yokk nic,netral
milliar rrq,positif
alter egoe,negatif
paling ntar mulainya jam kek kemaren,netral
onic,positif
akwoakwoka,negatif
tempek,negatif
bravo nino,positif
jt alter ego,negatif
siapa aja juara gw happy,positif
w pengen liat alter ego menang tp pengen liat skylar membuktikan baru main juara,netral
onic alter ego,negatif
onic,positif
jam mainnya tungood tidakmeuin aja,negatif
letss go onic,positif
onic,positif
panic,negatif
alter ego yok champion,negatif
jt all in alter ego,negatif
hujat alter ego fansnya kongdom,negatif
sanz mvp,netral
its rrq time,positif
jadi judii,negatif
gw mau liat nino nangis antidakat piala mpl,netral
onic,positif
perebutan piala,netral
onic,positif
alter ego,negatif
siapa santidaka,negatif
piala onic,netral
jt all in onic,netral
alter ego,negatif
woo,positif
menang ditungood tidakmeu king rrq m orange heart,positif
onic alter ego,negatif
siapapun juara semantidakt terus heart suit,positif
lama habis magrib mainya,negatif
angood tidakmeota dri mpl tidak byr uang taruhan gua anjuga,negatif
alter ego nii broo,negatif
nino nangis antidakat piala mpl,negatif
let s go final rrq cat orange whistling,netral
alter ego,negatif
kali,netral
walaupun onic kuat tapi gw tetap sokong alter egoe,negatif
all in alter ego,negatif
mpl nyari beras,netral
alter ego yok,negatif
onic juara,positif
bocil fomo onic diem aja lah,negatif
let s goo alter egoo,netral
yng menang rrq,positif
udah onic kasih aja piala alter ego kasihan nino winking face with tongue winking face with tongue winking face with tongue,negatif
lest goo alter ego,netral
alter ego ayo,negatif
o n i c,netral
gw metidakng alter ego sini,negatif
onic goo,positif
gw kingdom alter ego kalah,negatif
rrq m lewat jalur panarukan,netral
alter ego broo,negatif
ayaloh alter ego,negatif
mpl sentidakja keknya grandfinal awal bulan,netral
goonic,positif
onic bismillah,positif
goo onic,positif
alter ego kalahh tertawatertawawakkw,negatif
onic timee broo,positif
statement sutsujin mimpi bilang alter ego tidak tidakmeplay liat tuh alter ego m tertawatertawatertawa aduh ujin ujin mending mpl my aja ujin tidak usah sama tim badut m series,negatif
jt metidakng onik sini,negatif
alter ego alter ego alter ego,negatif
alter ego win,negatif
go nic,netral
tlph dibagi telor ama rrq tlph mah team ez,netral
gogogo alter ego,negatif
udah ditebak juaranya onic,positif
jt gua petidakng rrq face fuchsia tongue out,netral
lma,positif
alter ego juaraa sih,negatif
motidak rrq juara,positif
liat onic kalah ntar,negatif
onic timee,positif
go alter egoe dove,netral
seketika banyak ntidakju jadi sonic face exhaling,netral
lama cokk,negatif
gue kindom gue dukung alter ego,negatif
alter ego yo bikin ko delwyn seneng,positif
indo indo,positif
mana tadi petidakng alter ego gw tampung,negatif
alter ego menangood tidakme ezz,negatif
jam brp mulai,netral
ayo alter ego,negatif
waktunya alter ego bukan onic face blue smiling,netral
siapapun juaranya gua tetep respect buat alter ego sama onic team selalu respect sama lawan nya thumbs up,positif
tid is onic time,netral
nn,positif
waktunya alter ego bukan onic face,negatif
alter ego championss,netral
rrq juara m,positif
id ikut,netral
lah cendy,positif
alter ego menang hebat sii,positif
semotidak alter ego juara,positif
alter ego,negatif
final onic vs evos jam brp,netral
bismillahh goo onic,positif
ayo onic,netral
mulainya jam wib adik,netral
alter ego juara sih,positif
santidak cooll,positif
yalter egolah gua selasai goreng telor blm mulai,negatif
alter ego gogogo,negatif
alter ego it s time,netral
prediksi,netral
lets goo alter ego,netral
fans alter ego buru udah kalah jutidak,negatif
rrq goa cuak,negatif
semuanya hujat aja sutsujin bilang alter ego tidak tidakmeplay liat alter ego m omontidakn sutsujin omong kosong,negatif
saatnya juara alter ego,positif
onic alter ego,negatif
atas langit onic,netral
alter egoe menangood tidakme,negatif
onik lah juara nya,positif
alter ego gope dm gua,netral
blok admin judi tertawa,negatif
final onic vs evos jam berapa,netral
goo alter ego,negatif
let s gooph,netral
alter ego lu tong,negatif
bismmilah onic,positif
waktunya onic,netral
pastii bisaa onic,negatif
el family is back,netral
semotidak alter ego menang,negatif
prediksi,netral
waktunya onic bukan saluting face,negatif
saatnya onic bukan alter ego,negatif
bismillah alter ego juara,positif
let s goo kairuu,netral
rrq goa tidak keluar keluar,netral
tl,netral
alter ego apa lah alter egoe,negatif
all in alter ego,negatif
jt petidakng alter ego,negatif
alter ego,negatif
prediksi menang siapa ges,negatif
onic back to back,negatif
onic handshake alter ego,netral
semotidak alter ego menang juara mpl id s,netral
butuh juara baruu,positif
kira jam brp matchnya,netral
kirain evos vs onic,netral
alter ego sih,negatif
p e p e q q o n t o l k o n g o m,netral
alter ego juara gilo ng skylar,negatif
rrq main jam berapa hand orange covering eyes,netral
alter ego mpl king onic m bismillah,netral
walaupun gwe sonic tp gwe pgn liat alter ego menanh,negatif
sholat dulu guys,netral
rrq lu mending main pou aja,negatif
kasih aja alter ego onic biar mpl indo tidakbosen lu terus juara,negatif
rrq main jam brp,netral
onic id juara,positif
this is alter ego time,netral
bo lama banget atuh,negatif
let s goo onic vs alter ego siapapun pemenangnya terbaik s next bawa pulang piala m,netral
let s go king arfy,netral
alter ego,negatif
waktunya alter ego bren bukan onic trophy yellow smiling,netral
yok onic,netral
lets go alter ego,netral
info rrq vs persib jam berapa,netral
alter ego dipulangin sama onic winking face with tongue,netral
jt sini gua onik yok,netral
dm,netral
sini petidakng alter ego jt tadi,negatif
ayolah onic kasih piala nya alter ego aja,negatif
alter ego king,negatif
goo onic,positif
come on alter ego,negatif
onic mendapatkan tiket m let s go onic ku,netral
aku,positif
semotidak onic menang tapi kasih scor alter ego,negatif
alter ego champion,negatif
rrq main jam berapa elbowcough,netral
ayo alter ego,negatif
merah lembar petidakng onic,netral
siapapun menang gua senengood tidakme,positif
rrq main,netral
seterah siapa menang,negatif
alter egoe rb,netral
langsung aja kasi pialanya alter ego biar mpl tidak membosankan tertawa masa onic ters juara tertawatertawa,positif
alther ego go go go,netral
tolongs alter egoe,negatif
semua bilang sutsujin jantidakn rrq mending srg rrq badut m series tambah tidaktidakl playoff,negatif
king alter ego,negatif
onic handshake alter ego,netral
gua dukung menang,positif
face purple crying,netral
alter ego hokinya udh habis tub yakin gw,positif
alter ego go,netral
jam,netral
onic menang,positif
votenya mana min woyy,netral
alter ego bismillah win mpl pertama kali nya,netral
onic jt tidakss,negatif
semantidakt jumengood tidakme siap mukbang king krab,positif
exsper farming aura,netral
letsgo,netral
siapapun menang gua seneng,positif
onic juar,positif
nino wujudkan impianmu,netral
indopride tidakess,negatif
yok alter ego alter ego jaya juara antidakat piala,netral
alter ego gogogo,negatif
admin tidak peka nih,negatif
lamaa,negatif
nya tim keren humble,positif
siape kite,positif
ngood tidakmeak rrq dukung alter ego juwara,negatif
alter ego edwi face blue smiling n striming,netral
mulai,netral
jt onic,netral
petidakng alter ego jt tadi mana woii dm gua,negatif
bjir anomali mulu,negatif
nino goat,negatif
both lose both nob,negatif
goo todak,negatif
indo indo rolling on the floor laughing rolling on the floor laughing rolling on the floor laughing,netral
todak,negatif
bro nanya rrq juara berapa,netral
tolongs jantidakn bangood tidakmeain alter ego kalau fans alter ego wajib under kkan alter ego,negatif
ayoo alter ego juara pengen banget liat nino juaraa smiling face with halo smiling face with halo,positif
alter ego mengukir sejarah part,netral
xepsre,positif
votenya mana min oyy,netral
siapa fun match coba lah undang mantn pro player old jutidak seru nya,positif
lontee,negatif
sonicalterchamps,netral
onic menang karna legend mm hayper sekailar kairi,netral
mana metidakng alter ego juta sinih dm gua,negatif
david gengood tidakmeek,positif
lama banget,negatif
gue alter ego juta,negatif
ayo final oi,positif
alther ego go go,netral
high domino,positif
anomali,negatif
sutsujin statement nonsense,netral
alter ego go go go go go,netral
nino goat alter ego king,negatif
oi jugan provokator jir,negatif
dejavu,netral
mulai jam brp ni final,netral
menuu m,negatif
rrq main jam berapa,netral
alter ego mending suren aja,negatif
knp cendy anj,negatif
ntidakpain cendi jir,netral
spam vote guys,negatif
tidakss,negatif
u,positif
alter ego wajib juara sih,positif
st place medal trophy,netral
serius tidak vote nya ni min,negatif
dm gua petidakng alter ego jt,netral
ayo aktifkan pasif alter ego,netral
tidak tim tidak viewers nya hahaa indo indo rolling on the floor laughing rolling on the floor laughing rolling on the floor laughing,positif
rrq gogo,netral
biar admin kerja,netral
alterchamp,positif
final jam broo,positif
mana woii,negatif
goo alter ego,negatif
onic juara balaskan kekalahan evos,netral
vote,netral
tidakmau onic dah kebanyakan piala mpl nanati onic m aja,negatif
alterchamp mana suaranya,negatif
alter ego juaranya,positif
rrq go,netral
cendy drak sistem,netral
go rrq,netral
vote min,netral
chip chip domino,netral
alter ego onic,negatif
m,netral
gf nta rrq lawan mana gess beaming face with smiling eyes,netral
alterchamp goo,netral
rrq raja setidakla raja goa,netral
m tidaks,negatif
tlph dibagi telor ama rrq tlph mah team ez onic mah tim apaan,negatif
woii,negatif
admin ntidakntuk,netral
rrq kapan malter egon,negatif
indo indo indo rolling on the floor laughing rolling on the floor laughing rolling on the floor laughing,netral
trophy yellow smiling onic,netral
hahahahah egood tidakmepos kapan malter egon gess,negatif
sematidakt,netral
onic trophy yellow smiling,netral
sini jt gw petidakng onic face blue smiling,netral
go rrq go to the bank tidakme,netral
alter ego go go go go go go,netral
votenya mana min,netral
ayo onic,netral
rrq badut,negatif
kingdom ayam,netral
nyo rekber tidak,negatif
onic kalah,negatif
gue alter ego juta serius,negatif
kiukiu,negatif
jantidakn cari tidak ads,negatif
bandar qq domino,netral
grand final nya rrq vs mana gess face with hand over mouth,netral
yt yt yt yt,negatif
alter ego is next the champion,netral
index pointing up clown face,netral
kelamaan astatidaka,negatif
butuh vote,netral
let s go alther ego,netral
evos kapan main,netral
kiumiu,positif
rrq turu sleepy face sleepy face,netral
waktu uang,negatif
hm,negatif
eek,negatif
remehin alter ego biar juara moai,negatif
juta alter ego,negatif
onic menang lah,positif
alter ego semantidaktt,negatif
juta alter ego,negatif
kurumu,negatif
berani taruhan juta onic vs alter ego,netral
my kairi loudly crying face loudly crying face,netral
kingdom dukung alter ego karna nino jutidak dukung alter ego karna benci onic face with tears of joy fakta,negatif
lest go alter ego,netral
this is onic timee,netral
tidaks alter ego jt,negatif
onic jatuh dr langit,negatif
udh onic menang,positif
match mentidakndung beras,netral
gelo cendy,negatif
rrq,netral
rrq juara mulu bosen jadinya,negatif
onic vs alter ego sejuta sinii wa,netral
alter ego gokgokgokgokgok,negatif
lama banget mulainya,negatif
alter ego tim apaan rrq punya lemong jago kagura speaking head,negatif
jam berapa mulai nya,netral
dong alter ego juara,positif
tidaksken,negatif
card red penalty,negatif
domino,positif
draf bagus hero pool byk,positif
bismillah onic juara trophy,netral
tidak sejarahnya badut juara mpl,negatif
mulai jam beralter egopa,netral
siapa dukung onic komentar bawah gess,negatif
alter ego go go go,netral
goceng onic nichh,positif
onic,positif
onic vc alter ego gua onic sejuta wa,netral
alter ego,negatif
popcorn yellow striped smile,netral
jt alter ego lanjut dm aja roqs,netral
ar juara,positif
rrq juaranya,positif
tidaks jt up,negatif
bismillah alter egoe,netral
onic team apaan rrq punya lemong jago kagura speaking head,negatif
onic juaranya liat aja,positif
hah rrq yakin,positif
kingdom nyamar jadi fans alter ego,negatif
hidup jokowi,positif
tidakss onic,negatif
alterr egoo,netral
apapun hasilnya onic juaranya,positif
let s go onic,netral
googoo alter ego,negatif
alter ego lah,negatif
alter ego selama nino kiamat tidak bakalan juara,negatif
dukung onic tp kalau alter ego juarapun tidak pp ikhlas kalau guamah,negatif
rrq jelek,negatif
fans fomo karbit oknum jutidak kumpul disini ahahah face with tears of joy rolling on the floor laughing rolling on the floor laughing,netral
drama iklan,negatif
rrq tim apaan,negatif
viva rrq,netral
abden kang,positif
jm brp mainnya ni,netral
bismillah alter ego juara,positif
score nya,positif
rrq miskin,negatif
jt onic,netral
juta alter ego menang,negatif
bismillah alter ego juaranya,positif
ku jual mobil gue kalah onic,negatif
mulainya jam tungood tidakmeu aja,negatif
winking face with tongue,netral
rrq,netral
face exhaling,netral
rrq biadap,negatif
alter ego juara biar mpl ida tidak jadi litidak tani bosen onic mulu,negatif
letssgoo rrq juara,positif
onic juara lah,positif
bosannyaa head shaking horizontally,negatif
prediksi guaa juaranya salah satuu nihh handshake,positif
evos kapan main,netral
lemon the goat mobile legendsbb,netral
alter ego juaraa,positif
hidup joki,negatif
alter ego kyknya sieh,negatif
dukung rrq tidak ush nonton mewek,negatif
goo,positif
onik sama rrq bubar aja alter ego juara,negatif
tidaknti music nya bosen,negatif
gua dukung onic tapi alter ego kasih perlawanan,negatif
mulai nya jam berapaa inii,netral
king alter ego tolongs,negatif
lah ad si cendy skip dulu daah,negatif
alter ego jt sini,negatif
jt onic,netral
top global rrq go,positif
onic main j brp,netral
alter ego ribu,negatif
apaan si sini tidakada fomo an fun aja,negatif
rrq kapan main,netral
rrq baduttyy face blue smiling,netral
admin memmejkk,netral
alter ego juaraa,positif
onic fiks,positif
taruhan tidakme,negatif
rrq main jam berapa,netral
goaa,positif
alter ego mengukir sejarah,netral
kingdom nyamar jadi altercamp,netral
tlph dibagi telor ama rrq tlph mah team ez onic mah tim apaan semua benci rrq cuman iri ama rrq,negatif
hidup joki ajing biji hilang satu,negatif
alter ego punya doa jalur langit,netral
rrq raja setidakla raja,positif
winking face with tongue backhand index pointing up,netral
rrq juara nontonin play op,positif
rrq kapan mainnya,netral
jantidakn taruhan tim kalian dukung kalah tidakmau bayar face with tears of joy,negatif
lah,positif
alter ego ribu,negatif
bocil kingdom nonton jutidak,negatif
ayok onic kalian menang lg flexed biceps,positif
lemon the real goat lemon lemon lemon,netral
onik jt,negatif
tidaks alter ego,negatif
yuu alter ego,negatif
ucup jarko,positif
gooaa,positif
alter ego jago banget,positif
rrq kapan main min,netral
w,negatif
iklan trus,negatif
gook alter ego,negatif
iklannya masayaaallah tabarakallah,positif
evos,positif
entah gua yakin onic juara tapi semantidakt aja apapun hasilnya kalian lakukan terbaik,positif
mn nih,netral
jugan lupa respek banned,negatif
mana suaranya sonic antidakat pialaa,negatif
nino,positif
kesuween,positif
aku lah sang kingdon,positif
rrq aja tidak lolos gimana mau main cat with tears of joy face holding back tears cat with tears of joy,negatif
yamet kudasai,negatif
onic sans landak kuning flexed biceps,netral
onic tolongs,negatif
kingdom banyak tidaknti skin jadi alterchamps tertawa,positif
onic,positif
kasih,positif
astaghfirullah,negatif
onic jt,netral
iklan dlu,netral
alter ego yok kasian nino belum ngerasain juara,negatif
rrq kapan main,netral
kelqmaan,negatif
onic lah juaranya,positif
jt alter ego,negatif
onic menang,positif
kapan mulai,negatif
yuk alter egok piala pertama,netral
inget,positif
onic,positif
uda kasih alter ego ajha piala nya guys,netral
alter ego bott,negatif
bismillah folded hands alther ego,netral
kurangin gengsi up mental let s go antidakat trofi alter ego,negatif
malter egonnya jam setentidakh kan,negatif
penduduk asli goa hitam pepeqii,netral
onicv,positif
alter ego woyy face blue smiling,negatif
udah ketebak,negatif
respect alter ego kasih alter ego juara,positif
alter ego all in,netral
bismillah semotidak alter ego menang aminn,positif
semantidakt perwakilan m from kingdom,netral
ayo alter ego ukir sejarah,netral
respect,positif
jam brp star nya,netral
mau taruhan sini,netral
katanya doang main jam tapi mulainya subuh kebiasaan,negatif
yok yok onic,netral
ungood tidakmeer,positif
onic goo,positif
bgian tim apa,negatif
king onik bos,negatif
alter ego or onic,negatif
skip iklan,negatif
lama banget jir,negatif
onic vs alter ego,netral
sahronic,positif
jam brp mulai nya,netral
m,netral
malter egon jam brpa guys,negatif
langsung aja kasih pialanya king rrq face blue smiling,netral
raja goa,positif
siapa main hari we,negatif
diatas langit apa,negatif
milyar gue petidakng onic,negatif
tim nya tidak lolos playof jantidakn berisik,negatif
samsung frame drop,negatif
katanya jam malam rrq vs evos,netral
onic menangood tidakme,negatif
alter ego aamiin face blue smiling,netral
berani taruhan tidak,netral
ayokk landak juara,positif
kasih aja pialanya alter ego,negatif
kindong bersama altercamp,netral
bila mula,netral
alter champs go go,netral
percaya tidak alter ego juara,positif
rrq mana katanya final lewat undantidakn parah ni mpl face purple smiling tears,negatif
jt aja onic,negatif
alter ego menantidakan lah,negatif
rrq kok tidak mian,negatif
bismillah alter egoo,netral
lamaa,negatif
nungood tidakmeu apaan dah lama mulai nyaa,negatif
jam berapa yaa mainnya,netral
nungood tidakmeuin apaan jir mainnya lama woi,negatif
alter ego onic bismillah folded hands alter ego juara,positif
hala madrid,negatif
iklan sue,negatif
gw metidakng onic,positif
rrq badut clown face,negatif
final rrq vs evos kapan tidakis,netral
iklan,negatif
alter ego juara nih,positif
mantidakn,positif
rrg raja setidakla raja,positif
alter ego menang,negatif
onic vs alter ego,netral
sayaa rasa onic mentidaklah,negatif
kingdom bersama altercamp,netral
kelas,positif
lma kli,negatif
rrq majn ntr jam pagi,netral
samsungood tidakme,negatif
alter egoe juara nih,positif
rrq juara,positif
jom tengok rrq goa speaking head,netral
lama nian woy,negatif
jam brp sih mainnya,netral
raja setidakla renner up etss,netral
banyak iklan,positif
alter ego let s go,netral
onic kalah jt,negatif
nonton ribu like cuma ribu body blue raised arms,netral
lesgoo,negatif
bismillah onic juara yaallah aminn,positif
gjls iklan,negatif
tidaklaxy s,negatif
main nya jam broo,netral
mulainya,netral
all in onic,positif
alter ego sepele kidss,negatif
sule klarifikasi,netral
anjir malter egonnya,negatif
berapa jam si,netral
alter ego mengukir sejarah,netral
iklan setidakban wak,positif
taruhan dosa besar,negatif
rrq raja setidakla badut clown face,netral
mulai jam brp,netral
ntidakntuk min,netral
score feeling,positif
alter ego letsgoo,negatif
tidakme menit iklan jam tidak malu apa mobile legend sama tidakme moba,positif
alter ego sepele,negatif
bolabdia,positif
bolkoajta,netral
onic or alter ego,negatif
logo mpl id nya mau diturunin sendiri apa mau diturunin king alter ego,negatif
goo rrq juara,positif
alter ego jt sini dm gua,netral
jam berapa sih,netral
jam brpa,netral
bolokokata,positif
udah rame aja nih,positif
nungood tidakmeu gorentidakn dibagikan face blue smiling,netral
jam anj mulai nyaa,netral
woi koh delwyn live dong,netral
harap,netral
min sung alter ego,negatif
fix rrq goa,netral
alter ego suka sepelein catat,negatif
haus broadcasting,negatif
mulaikhaa,positif
rrq tidak lolos oi,negatif
wong irreng,positif
iklan wok,negatif
deg detidakn aa smiling face with tear,netral
rrq atas onic,netral
loh,positif
alter ego mana suaranya,negatif
onic jt,netral
onic onic onic,negatif
admin pusing beaming face with smiling eyes,negatif
mainya jam,netral
udah sore kali,netral
deh jantidakn bawa bawa tidak tidak sini dukung main,negatif
gua pengen eek,netral
lo ee lo ee,negatif
onic sentidakja mentidaklah,negatif
bismillahirrahmanirrahim semotidak onic menang amin palms up together,positif
onic jt,netral
alter ego menang gua tandai,negatif
seru nih,positif
menang lawan ererki,positif
set woy malter egonya,negatif
raja setidakla raja,positif
rrq kapan main,netral
alter ego sepele coach starsayandrom,netral
nonton ribu like cuma ribu body blue raised arms,netral
alter ego jt,negatif
alter ego jt ayo berani,negatif
koh live dong koh,netral
alter egolah taruhan jt makan aja pakai telor,negatif
lamaa,negatif
katakan dunia king evos pulang goa tertawatertawa,netral
apaah tertawaw,negatif
alter ego fiks,negatif
go go go m,positif
main jam,netral
hape xiomi sok taruhan,negatif
alter ego tidaks,negatif
elbowcough elbowcough,netral
alter ego jt adakah,netral
kingdom jntidakn kepancing sentidakja hina kingdom kingdom ramai dsini,negatif
loudly crying face loudly crying face,netral
onic lah,negatif
banyak fans bocil,positif
go kairi hedgehog red heart,netral
onic semantidakt,positif
triliun,positif
jt aja petidakng alter ego gw,negatif
nungood tidakmeu m,netral
ayo ayo bismillah onic menang,positif
mu vs,netral
malah judi face with rolling eyes hidup melarat so so an judi taruhan,negatif
lets goo onic id semantidakt onic,netral
fiks alter ego tidur aja,negatif
llama sekali yaa,positif
alter ego jt,negatif
bismillah folded hands alter ego juara,positif
masi lama,negatif
anj menit,negatif
lama cuk,negatif
onik jt,negatif
onic juta adakah,netral
tolongs jantidakn harepin alter ego menang biar pasif nya aktif moai moai moai,negatif
menuju babak plyof grinning face with sweat,netral
m apaan,negatif
alter ego antidakat trofi trophy,netral
final rrq vs siapa,netral
onik sekarang kahh,negatif
nonton ribu like cuma ribu body blue raised arms,netral
bosen onix lolos terus tapi tidak pernah bawa piala mseries,negatif
alter ego dark sistem,negatif
jam brp sih,netral
yapping nya,positif
kapan mulai matchnya,netral
yalter egola sejam lebih nungood tidakmeu,negatif
malah judii,negatif
nic alter ego,negatif
langya pa to,netral
this alter ego time not onic time,negatif
sejam setentidakh wak,negatif
lama njir menit,negatif
dukung onic ketik,netral
this alter ego time not onic time,negatif
halo,netral
alter ego juara,positif
ban yss jasuke,netral
nonton ribu like cuma ribu body blue raised arms,netral
onic jt cari lawan,negatif
yapping,positif
yuk alter ego juara,positif
onic menang udah,positif
menit gelo,negatif
bismillah evos is back,netral
alter ego tidakbakal menang,negatif
stop taruhan woy,negatif
mana woii,negatif
judi,negatif
mabar,negatif
goodluck alter ego group stage exit secured in m,netral
mana katanya ipos is bek face with tears of joy face with tears of joy face with tears of joy,negatif
alter ego let s go,netral
dinda orang dinda,negatif
main jam berapa bre,netral
onic alter ego,negatif
onic onic,negatif
mahal bang eyes purple crying,negatif
gelo menit loh,negatif
alter ego gok gok gok,negatif
puyatan matatapos laban alas,negatif
jam berapa tidakme nya bg,negatif
alter ego bakal pecah telor juaraa,negatif
rrq main jam berapa,netral
good luck alter ego letsgooww black heart black heart black heart,positif
jantidakn harepin alter ego menang biar pasif nya aktif moai moai moai,negatif
kasih si biar dk bosan mpl jugan onic mulu,negatif
karbitan alter ego banyak tertawatertawa,negatif
baru rbu view,netral
lets go todaak,positif
main jam berapa ni,netral
bismillah folded hands alter ego juara,positif
alter ego menang dentidakn score,netral
bismillah semotidak ngood tidakmea karbitan,positif
kalah biasa,negatif
menit lgi brp jam jier,netral
ayoo onic id semantidakt onic kalahkan alter egoo onic match panas hari,netral
onic juara mpl,positif
go alter ego,negatif
onic jt,netral
lagood tidakme,negatif
ayo pilih alter ego ketik pilih onic ketik,netral
ff,positif
main jam brp bg,netral
nonton ribu like cuma ribu body blue raised arms,netral
ciee final sepi tidak da evos rrq,negatif
onic kalah,negatif
udah mulai bg,positif
kendy,positif
aku sonic tpii feeling ku menang alter ego loudly crying face loudly crying face,positif
lets go alter ego bantai onic face fuchsia tongue out,netral
aq pendukung onic pngen sii onic menang tpi aq jutidak pengen alterigo menang karna terharu sama nino nya season season tidak lelah berjuang onic ntidaklah dulu lah kasih nino kebahagiaan impiannya,positif
setia alterchamps s,netral
alter ego,negatif
siapa berani gue alter ego meliyar,negatif
miskin aja sok mau taruhan,negatif
kendi,netral
siapa cok,negatif
ukir sejarah is real,positif
kendy siapa kocak,negatif
mulai jam berapa tidakis,netral
onic menang guys,positif
baru mulai,netral
face blue smiling,netral
cendy crispy iy,positif
onic banget,positif
tidak dulu deh,negatif
alamak cendy,positif
rrq jadwal nya kapan,netral
menit kocakk,positif
sepi karna belum mulai boy,negatif
si retplek kata pens debu ungu,negatif
dica ricardo siapa,negatif
beneran cendy jing tertawatertawaw,negatif
si sanz sakit katanya,negatif
alter ego gogogo,negatif
aihh lama,negatif
juara tetap onic adik,positif
opet tertawa,negatif
rrq kapan main,netral
gelok public enemy,negatif
jam berapa mulainya bang,netral
s marketing face with tears of joy face with tears of joy face with tears of joy,netral
rrq kapan oi face red droopy eyes,netral
psti,negatif
beda sama dibawah pleading face kalau menang koar koar,negatif
yuka cuy,positif
we own this,netral
yok lah alter ego juara,positif
jam berapa mulai yh vg,netral
alter ego m winking face with tongue,netral
onik jt aja sini,negatif
cepet mulai,positif
ogogo alter ego,negatif
thanks,positif
iklan ni,netral
menang alter ego gua mimpi tidakme terakhir arfy savage,negatif
cendy bala bala y,negatif
cebdy,positif
jam cuma buat iklan face blue smiling,netral
onic ni,negatif
gue petidakng alter ego m siapa berani,negatif
woy lama gua mau liat final rrq face red droopy eyes,netral
weuy jantidakn judi,negatif
mainnya,positif
face red droopy eyes face purple crying,netral
skip dah,negatif
cendy alyssa,netral
tired face,positif
caper,negatif
meskipun alter ego musuh tapi alter ego rispek sama tim lawan,negatif
mainkan elzard,netral
bercanda wee,negatif
rrq main jam berapa bwang clown face,netral
bukan onic menang,negatif
crispy cendyy,positif
tidakya lu,negatif
ayoo onic menang onic kasih alter ego tidakme ajaa,negatif
onnik nih,netral
bangun sendi cari kerja sono,negatif
ramaikan kolom komentar dentidakn,netral
eyes purple crying,netral
parakan,negatif
onic bantai alter ego,negatif
kata lucu epos is bekk,netral
chou kejut cendy tertawa,negatif
aku alter ego,negatif
egood tidakmepos ntidakrep m,netral
congrats onic id,positif
nonton ribu like cuma ribu body blue raised arms,netral
haa,negatif
woe mpl id yapping,negatif
misikn teriak miskin lucu face with tears of joy,negatif
waktunya alter ego juara bismillah,positif
mas sandy mas sandy tertawatertawatertawa,netral
penting ngomong,positif
lama,negatif
woy rrq kapan malter egon,negatif
onic anj,negatif
jantidakn pamerin iklan lu,negatif
alter ego,negatif
cendol dark sistem jiing,negatif
alter ego mental nasional blm internasional,negatif
rrq jam berapa serius nanya,netral
mulai jam kelama,negatif
gua dukung alter ego kok hapus komen gua,negatif
evos mimpi kemarin guys,netral
onic alter ego gue mau onic juara tapi ntidak pengen alter ego kalah,negatif
jam berapa mulai nya,netral
se sempurna apa si lo sampe nge hina bang cendy,negatif
jam brp mulainya,netral
jam berapa main,netral
sapa fans masuk gua aja sono,netral
mainnya jam jugan tungood tidakmeuin,negatif
harinya alter ego,negatif
onic,positif
mingcun jahat pleading face,negatif
jantidakn kasi kiboy hero inisiator,netral
kureng sendi,negatif
jam brp main,netral
koh tenang nino usahain bawa trofi gh alter ego trophy,netral
match mpl vs mpl,netral
yapping mulu,negatif
nt oppo cendy,netral
llq goa,positif
dah keluar,netral
grand final sepi,negatif
ntidak berani sama gue petidakng alter ego m,negatif
onic main,netral
lama yaping,negatif
onic champion mpl indo n champion m,netral
cepot cepot,negatif
jam berapa sih,netral
lama ajuga,negatif
nafari out,netral
info main jamber,netral
nonton ribu like cuma ribu body blue raised arms,netral
alter ego go go go,netral
jam,netral
pemuda pancasila tidak,negatif
onic grup konsisten,positif
buat lama aja cecunguk,negatif
rrq main jam berapa,netral
jam berapa si mulainya,netral
kok sepi kursinya bnyak kosong,negatif
ego juara,negatif
rrq,netral
misi king onic bentar antidakat piala,netral
nairana brisik caper bngt lol,negatif
onic,positif
my kairi,positif
evos evos disini evos evos disana,netral
rrq,netral
nonton ribu like cuma ribu body blue raised arms,netral
match nya mulai pukul berapa bang,netral
face fuchsia wide eyes,netral
kalah bukan musuhnya jago pleading face,negatif
cangood tidakmeung,positif
ayam cuih,positif
winking face with tongue,netral
sepi karna belom malter egon,negatif
kapan mulai nya,negatif
katanya tidakme jam,negatif
mulainya lama jam,negatif
judol buset,negatif
cuan cuan cuan,negatif
my kairi loudly crying face loudly crying face,netral
rrw,netral
lawan kalah asal jantidakn sama evos pleading face,negatif
nairana brisik hama,netral
skip aja ni,negatif
info in dana alter ego,netral
tq,positif
tidak palter egodahnya banyak cakap,positif
pialanya kasih alter ego aja onic,negatif
matchnya mulai jam berapa sih,netral
albert badut,negatif
jam brapa mulai,negatif
onic lesgow,netral
kok banyak nanya air air qyu,negatif
memeq,positif
maaf tapi onic borong piala bawa balik piala m series indo,netral
mulai nya cok,negatif
kasih alter ego juara tidak sih onic,negatif
onic juara nih mah,positif
rrq kpn main,netral
jamber guys mulai,negatif
kairi sumedang tertawatertawa,netral
ktertawatertawakw kairi,netral
goww,positif
match cuan,positif
kairoo,positif
kairul loudly crying face,netral
match jam,netral
rrq fans nya bocil tertawa,positif
a,positif
kan rrq,netral
bersama koch adi siap tsunami tropi hugood tidakmeing face hugood tidakmeing face hugood tidakmeing face,netral
rrq aneng,negatif
pede onicvv,positif
dz,positif
s,positif
mah kumar,negatif
alther ego,negatif
alter ego onic belom dateng pik,negatif
berharap alter ego menciptakan sejarah baru mpl id season,netral
jam set wib kan,netral
tidakss onic kuu,negatif
lah kairi mullet woii tidaktau tertawa,negatif
gogogo onic,netral
iya bang iya rrq tidakda tidakusa banyak bacot,negatif
z,positif
stopp rrq kapan main rrq tidak lolos play off,negatif
bismillah onic juara mpl s,netral
benak onic fans mimpi mata altercham saatnya menghujuntukan mimpi terkubur,netral
kairo,netral
onik fiks juara,positif
nonton ribu like cuma ribu body blue raised arms,netral
juara ikut piala agustusan,positif
lamanya loudly crying face,netral
pleading face waktunya bukan onic,negatif
mana,negatif
langsung intinya face with tears of joy face with tears of joy,netral
muntidakin,negatif
tidakcor,negatif
alter ego go,netral
lama,negatif
mulai jam brapa,netral
bismillah onic menang aamiin,positif
rrq mana rrq,negatif
dimulainya kapan btw,netral
okay,positif
bismillah onic yok yokk,netral
goo onic,positif
onok,negatif
mulai jam brp,netral
lama,negatif
nt dah,positif
letsgo onic,netral
bismillah alther ego juara,positif
onic,positif
langsung piala nya kasih king alter ego,negatif
bjir ai,positif
rrq ayam,negatif
ayamm,negatif
backhand index pointing up winking face with tongue,netral
sabar kocak org tidakada mau nonton kuis kya gini nungood tidakmeu mulai dlu,negatif
bismillah semotidak onic juara,positif
jam brpa main jing,netral
goo anic,netral
mulai jam,netral
on international champion onic,netral
main menit lag,negatif
voting bre,positif
rrq bot,negatif
jam berapa mulainya,netral
lamanya yaping jutidak,negatif
epos tlph,netral
woii atidak cepetan dikit,negatif
rrq pulang beaming face with smiling eyes,netral
tes,netral
belum mulai kan,negatif
tidakis mainnya,negatif
llaammaa,positif
mah apa samsung busuk,negatif
ereri ko gda tim ayam,netral
backhand index pointing down winking face with tongue,netral
es teller,netral
ketik,netral
nonton ribu like cuma ribu body blue raised arms,netral
q,positif
mana nih blm nonton,negatif
mama aku mseries,netral
winking face with tongue winking face with tongue winking face with tongue,netral
rolling on the floor laughing rolling on the floor laughing rolling on the floor laughing,netral
rrq,netral
sorry end thenk you,negatif
face blue wide eyes face blue wide eyes,netral
spam semua jir,negatif
lama ntidak sabar pengen lihat onic hari akhir,negatif
ketik,netral
btr badut play off clown face clown face clown face,netral
sorry end thenk you eyes purple crying,negatif
memk,negatif
rrq menang hari,positif
waktunya onic bkn rrq,netral
pak ap,netral
rr,negatif
min running text nya kurang spasi mpl indonesia season harusnya spasi,netral
apa bang,negatif
mtidakpain sih komennya,netral
goa,positif
keburu mau cas hp gw,negatif
backhand index pointing down winking face with tongue,netral
alter ego jt,negatif
cristiano ronaldo nomor is the goat rrq hastag goat,netral
body blue raised arms,netral
pleading face lawan siapapun kalah asal jantidakn evos pleading face,netral
cat with tears of joy,netral
comment an orang indonesia paling tidak bermutu pantes bnyk miskin,negatif
gw alter ego jt,negatif
spam rrq,negatif
hama,negatif
cuma evos cuma evos cuma evos cuma evoss,netral
percuma masuk playoff kalau tidak final,negatif
alter ego jt,negatif
waktunya alter ego juara,positif
titidak ll,positif
jam brp mulai,netral
evos pulang,negatif
predik alter ego juara,positif
atas langit onov,netral
backhand index pointing down,negatif
mulainya jam berapa cok,netral
alh feler,positif
waktunya bukan onic pleading face,negatif
langsung aja kasih rrq pialanya,netral
alter ego jt,negatif
tim cendy,netral
king of,positif
penuh arti piala onic urutan si tim jago,positif
mulai jam brapa pler,netral
it s time alter ego menjadi juara,positif
goo alter ego buat cetak sejarah bawa piasa mpl jadi final m aamin,netral
m nya apa,negatif
face orange raised eyebrow,netral
king,positif
rrq rrq,netral
is back evos,netral
lama ktl,negatif
nice alu,positif
xie baru lolos play off,netral
penguin blue waving tear,netral
aku suka tuan alter ego,positif
tolongin lah evos pleading face,negatif
nak,positif
predik alter ego juara finals mvp nino,netral
kingdom sedang menyamar,netral
grinning face grinning face,netral
bencyanaa,positif
serius aku nonton dri jam,netral
oke,positif
king rr back,positif
alter ego juaraa,positif
king ivis is bick,netral
jam berapa mulai nya,netral
alter ego menang,negatif
mpl dentidakn yapping terbanyak,netral
berapa jam,netral
mulai nya jam brp,netral
kot,negatif
full tidak stage,negatif
m backhand index pointing down backhand index pointing down winking face with tongue,netral
jam berapa,netral
go o,positif
emang goa sinyal rrq,netral
kapan mulainya min,netral
rrq poke,negatif
kink iposs back to goa,netral
asik jutidak nih event nya pilih hero hero rolling on the floor laughing,positif
semotidak coach adi ngood tidakmek respect ban yss,positif
les goo alter ego,netral
belzing duet from skylarkk,positif
suara gemini imut jir,positif
kebanyakan yapiing,negatif
face with tears of joy face with hand over mouth,netral
ayo semua pilih alter ego ketik,netral
yazuke cuma yss haya,netral
onic juara good tidakme onic,positif
mulai,netral
alu sma miya jir tertawaktertawatertawa,netral
kink alter ego vs kink onic,netral
gemini darksistem anying,negatif
semantidakt alter ego lu juara,positif
stop yaping,negatif
rrq,netral
saaveeroo,positif
mpl id mpl dentidakn yapping terbanyak,netral
nonton rb like rb subrcribe jt sekarang jam,netral
good tidakme onic,positif
iya njir,negatif
rrq kg main,negatif
evos jm brpa,netral
kawal terus,positif
rrq lawan apa final nya,negatif
udah coyy udah gosong jantidakn dimasak ntar makin gosong face with tears of joy,negatif
alter ego mengukir sejarah trophy yellow smiling,netral
aokwos miya,negatif
goo onic,positif
pak ap nangiss,negatif
topi bimo picky pick,netral
evos baru lolos play off,netral
yaping yaping yapinh,positif
hero darksayastem tapi player nya bukan darksayastem face with hand over mouth,netral
onic menang gw botak,negatif
mainnya setentidakh sore adik adik,netral
pak ap kembalikan skylar pleading face,netral
semantidakt alter ego flexed biceps,netral
pasif onic coach adi,netral
oo perintidakat rrq,netral
buffering buffering buffering buffering buffering buffering buffering buffering buffering buffering buffering buffering buffering buffering buffering buffering buffering buffering buffering buffering,netral
lamaa,negatif
take a long time,positif
number kok msuk goa person turqouise waving,negatif
rrq kingdom x lokal,netral
kasih pialauntuk king alter ego,netral
m maksudnya,netral
cr,netral
mulai jam berapa bang,netral
harusnya perintidakat ikut m,netral
finger red number one medal yellow first red after ego,netral
mau nanya main jam berapa,netral
ayam rrq,positif
kapan mainnya,netral
hai,netral
lets go alter ego mengukir sejarah,positif
gemini darksayastem,netral
rrq menang amiin,positif
ngetik evos fam tertawa,negatif
alter ego menang allah,negatif
cendy dark sistem gua sering liat live nya mas dean,netral
gua petidakng onic alter ego tim apaan face with tears of joy face with tears of joy,netral
letsgi alter ego,negatif
prediksi alter ego onic face orange biting nails,netral
backhand index pointing down squinting face with tongue,netral
uu,positif
banyak okum gini gokil,positif
rrq main jm berapa,netral
coach adi jantidakn ban yss yazuke,netral
alter ego vs onic rrq menang,netral
bet,negatif
spam tuh sdm rendah tidakmpang provok,negatif
gemini kapan rrq m series,netral
eeq menang,positif
face with tongue,positif
rinz the cringe udh alm,netral
fans rrq,positif
pe ape,negatif
komen rusak jirr main siapa face green smiling,negatif
er er ki main jam berapa,netral
gio,netral
kucing berak sekebon tertawatertawa,negatif
miskin yatim piatu sok mau taruhan,negatif
jam brpa mulai main nya,netral
november o nya apa onic,negatif
req menang,positif
l mpl,netral
lama bngt ni mpl bisan nonton,negatif
goa peruntukan reguler or julukan goa moai,netral
alter ego onic,negatif
jantidakn miya lah winking face,negatif
maju jauh ujungnya tidak lolos,negatif
lama anjir,negatif
mulainya jam berapa si,netral
jawab main jam berapa,netral
jantidakn nyalakan pasih alter ego folded hands folded hands folded hands,netral
let s go rrq rolling on the floor laughing,netral
lamanya,negatif
albert dibeli rrq bareng brusko,netral
tebak siapa menang alter ego onic,negatif
goa nomor udah nongol,netral
apaan dahh lama bangt anj,negatif
maksud nya apa,negatif
tidak penting langsung match aja,netral
kalian dukung mna onic sini deh merapat,netral
onic turu walter ego,netral
bismillahirrahmanirrahim goo onic wiin,netral
main nya jam guyss,netral
november n nya apa navi tim apaan rrq nih squinting face with tongue,negatif
alter ego wwiinn,negatif
alter ego onic face orange biting nails,netral
crispy cendy ikut main mobile legends,netral
adik adik mainnya,positif
he,negatif
lah mm lah,negatif
udh bner tidak rrq kalian mobile legendsah bahas rrq mulu bukannya tenang kalian malah bikin brisik,negatif
pakai saber aja winking face,netral
apipi,positif
oktober bersearah,netral
jam berapa main nya,netral
liatin tidakme nya lah mpl woi,negatif
malter egon jam brp guyd,negatif
gw mekkah berdoa onic semotidak menang,positif
alterego bismillah,netral
alter bego go go,negatif
liat tidakmeplaynya woy,negatif
kpn malter egonnya ee,negatif
alter ego good luck berproses semotidak menang,positif
emot kairi dulu guys winking face with tongue backhand index pointing down,netral
tidakring,negatif
kingdom iri liat tim nya playoff aja tidakbisa,negatif
squinting face with tongue,netral
let s go king alter ego,netral
mana tidakme play na,negatif
its alter ego time,positif
menang lawan rrq,positif
kapan malter egonnya etdah malah tidakjelas,negatif
mpl makin kesini makin bnyk drma tidakring,negatif
cendy bot,netral
laamaa,positif
goa nomor pala nya nongol,negatif
jam ntidaksal,netral
nah bener udah tidakada aja bahas terus sebenernya mau tidak rrq ngood tidakmeak sama aja grinning face with sweat grinning face with sweat,negatif
alter ego mengukir sejarah onic ntidaklah aja hand orange covering eyes,netral
dinda sok asik,negatif
challenge tidak penting,negatif
malter egon jam brp,negatif
rrq posisi jadi langsung lolos m,netral
mulai aja langsung tot,netral
oo tidak,negatif
alter ego menang sih,negatif
rqq jam berapa main,netral
gua mimpi alter ego juara,positif
mulai jam brp,netral
alter ego pede,negatif
alter ego mengukir sejarah onic ntidaklah aja hand orange covering eyes,netral
tidak ajak,negatif
kingdom,positif
belum mulai,negatif
mpl tidakring publik min lihatin,negatif
jauh sono,negatif
langsung kasih aja piala mpl buat alter ego minn,netral
mpl gring publok poke liatin,negatif
alter ego gw tetap mendukungmu meskipun tahun berlalu,positif
alter ego gogogogo,negatif
kingdom tau tidak hand orange covering eyes,netral
yakali tidakda malter egon miya,negatif
kapan mulai bg,negatif
piala pertama alter ego,netral
day terakhir mpl,netral
publik poke main liatin odang mau liat pro player malah liatin pkke poke,negatif
piala mpl onic brp,netral
x nomor koar face blue smiling,netral
kasih trofi nya kek alter ego kali,negatif
darat,positif
onic alter ego kapan,negatif
rrq ukir sejarah,positif
onic alter ego bingung gw,negatif
alter ego alter ego,negatif
subscriber mpl jt,netral
rrq malter egon,negatif
fanny darat yawning face,netral
funy darat,positif
fany darat rolling on the floor laughing rolling on the floor laughing,netral
percuma playoff tidak juara,negatif
darat njiirr,positif
jam brpa mulainy,netral
lama kh main nya,negatif
tidak energi maksa ektertawa,positif
bo,negatif
darat bener,positif
darat vanget,positif
inilah nyatanya darksayastem squinting face with tongue rolling on the floor laughing,netral
rrq punya scoc tim tidak punya wlee elbowcough,netral
ntidakntuk,negatif
maksa make funy hahahaha,negatif
sok make fanny darat,negatif
jam berapa main nya ges,netral
tidakya tidakyaan lu main fanny cable angin gtu,negatif
rrq main yah,netral
wts tiket grand final legend tidak datang sakit folded hands,negatif
langsung kasih pilanya onic esport gelloik,netral
darat ks,positif
funy epic,positif
goo onic,positif
publik rank,positif
darat nat,positif
jam berapa main nya,netral
tidak ajak sok asik,negatif
faniy darat,positif
fanny panuan ktertawaw,netral
tidak fannyy,negatif
bo kan,negatif
jam berapa main nya,netral
rrq vs onic,netral
poke nah rajeh,negatif
admin mpl live final nya jam brp jing malah nyuguhin tontonan tidak bermutu,negatif
mawi,positif
udh miss banyak tintidakah,positif
jam we jam,negatif
rrq malter egon kejuaraartn rw,netral
lama banget jam brp,negatif
fanny darat,positif
penonton nya dikit karna tidakda rrq raised hand cat with tears of joy raised back of hand,negatif
oke makasi,positif
evos cuma punya m karatan face purple crying,negatif
x hastaq nibos,positif
kocak mpl tidak jelas,negatif
mulainya jam brp jir,netral
rrq main,netral
tidakda rrq penonton nya cuma dikit smirking face pinching hand,negatif
rrq nnti malter egon kejuaraan kecamatan,negatif
rrq kapan,netral
tertawatertawatertawatertawa,netral
nanya fanny darat lu malter egon tidak face blue smiling,negatif
wib,netral
evos juara kecamatan,positif
tidak badut jadi sepi,negatif
untung gua dukung menang,positif
wib woi baru main,negatif
g bermutu,negatif
grand final jam brp,netral
alter ego juara goodvibes,netral
lila,positif
sorry tertawa goodvibes,negatif
jahat mana,negatif
jm final main,netral
lama ck,negatif
btr best team in the world,positif
hahahaha darat recall,positif
iya tidak badut jadi sepi padal kemarin pas lawan alter ego badutnya jadi rame,negatif
mid baru rrq,netral
recall face blue smiling,netral
gua taruhan jt metidakng onic,negatif
tidakda rrq tidakda penonton jamet kampuntidakn,negatif
semantidakt alter ego juara,positif
evos team purba m karatan nih boss face blue smiling,negatif
miya brawlyy,netral
coo darat banget,positif
apaa,negatif
pascol,netral
kapan mainnya onic,netral
a,positif
kocak,positif
latidak tani moai,netral
kira pascol,negatif
gw jutidak lawan fanny,negatif
mod berkerja tertawa,positif
alucard muntidakin muncul,netral
rrq main kapan bang sorry baru liat mpl,netral
kongdom caper,negatif
buat tidak tau onic vs alter ego jam wib,netral
jual skin beli skill,netral
apalah nih main kaya bucah epicc,negatif
tidak sabar liat rrq nich,negatif
tertawatertawa,positif
rrq masuk gua lol,netral
kapan main nya bjir,netral
fanny nya tertawatertawa,positif
war apa,negatif
tidak makro nyaa,positif
kasian esme main sendiri,negatif
darat epic,positif
esmeralda nya jago,positif
rrq masuk gua wokotertawawtertawak pemain ampas semua,negatif
mpl tidak butuh streaner,netral
rrq klub padel,netral
retri nya jual indomaret moai,netral
aldi taher aktertawaw,netral
yahahaa tidakda rrq,negatif
evos malter egon kejuaraan kecamatan,netral
war epic njir,negatif
kongdom anak smp tidur aja dek dek,negatif
mulai nya kapan bro,netral
team lawak,positif
req team hina,negatif
mulai jam berapa,netral
m karatan tapi kok tidak tertawatertawa kocaak,negatif
miya natidak hitam bro,negatif
rrq team hina,negatif
evos pemain bagus tapi tidak dapet tiket m,negatif
alu retri woi,negatif
udah retri tidak dapet,negatif
acara apaan,negatif
raccoon nangis goa tertawtertawaw,negatif
apalah niat nonton final mobile legendsh nonton kek gini,negatif
rerti woi,negatif
nico curang,negatif
live tidakmeplay ranked tertawawokwok,negatif
se sulit m world katanya karatan,negatif
bot semua,negatif
kapan mainyaa co,netral
jt cemilan rrq match brow jdi klau bahas nonton aq cumn ktawa si,netral
dico nya retrii,netral
disini diliat kingdom cari perhatian,negatif
iya soalnya tidak badut tertawatertawa,positif
cuma evos cuma evos punya m,netral
face orange biting nails,netral
evoss modal piala karatan duang susah kan masuk mseries,negatif
evos tidak main lgi kahh,negatif
tidakada rrq lebih tenang,positif
perbedaan rank publik player mpl,netral
tidak sabar liat juara onic,positif
finalnya jam njing,netral
rrq aib esport indo,negatif
ntah apa org mw nnton match grand final bkn tidakme ppkmmcm,netral
goow alter ego bawa fialaa,netral
m karatan,negatif
gemini my istri,negatif
king rrq,positif
rrq cuma berisik racoon jantidakn ngetik nangis,negatif
jam,netral
cuma evos punya m,netral
mpl ledies kapan,netral
entoudfams semantidakt,positif
terus rrq lu kira bakal bikin mpl rugi,negatif
masa jam,negatif
grapik mentok,negatif
karatann m,negatif
tertawa alu,positif
celiman gw semua,positif
kapan mainyaa,netral
mulai jam berapa tidakis,netral
tidakme ppk apa cepat start la,negatif
tertawa,positif
rrq ngikutin alter ego sih,negatif
tidakme apa cookk,negatif
penungood tidakmeu goa pala nya nongol,positif
this is not even onic vs alter ego bro,negatif
evos terus evos terus punya m tidak bosen apa,positif
alu beban,negatif
mana jama jam jir,negatif
dark sistem kocak alu,negatif
gelo miya pascol,netral
evoss susahh kann main internasional m karatann,negatif
udh bubarin gw mau liat final,netral
tertawatertawa alu open war,netral
jam brapa cok,netral
lucu,positif
match grand final manaa tidakme ppk,negatif
war epic,positif
rrq lawan tim gini jutidak kalah,negatif
tidakmeplay solo player ranked tertawawokwok,negatif
miya skylar muncul,netral
jam mulai,netral
war kaya gitu glory imo jokian tertawaw orang kaya duit boss,negatif
tidak seru,negatif
duhh meni lila kie,negatif
skip aja grand finalnya pialanya bakal onic jutidak,negatif
tim lu tidak piala mseries,negatif
ngelagood tidakme,negatif
jam berapa mulainya,netral
finalnya diundur besok selasa njingood tidakme,negatif
main pk tidake,negatif
rrq yatim face with tears of joy face with tears of joy,netral
lamaa bngt apaansi,negatif
belom mulai coy,negatif
rebutan tiket po rrq malah bahas tiket nonton grinning face with sweat grinning face with sweat,netral
tim lu tidak punya mseries,negatif
baru mulai,netral
host dark sistem,negatif
onic piatu,negatif
dis ain t onic and alter ego,negatif
lama menit jir,negatif
kapan woii,negatif
belum mulai alter egolah,negatif
apacoba,negatif
iya iya,netral
tidak rrq aja sbg tidakme hiburan pertama kan badut lucu tertawa,negatif
biar nonton dikit tp tidak toxic,positif
lama menit,negatif
tidak perlu tanding inimah,positif
ituu rrq,negatif
jam yaping jam pertandintidakn mpl,netral
rrq lawak,positif
rrw,netral
tertawakw,positif
juta,positif
adek racoon tidur aja,negatif
prediksi tidakme,negatif
badut m series apa,negatif
mkn tuh juara rolling on the floor laughing,positif
rrq,netral
kapan onic alter ego,negatif
face green smiling,positif
menuu,negatif
rrq,netral
ererki eyes purple crying,netral
apa,negatif
kindomg panass,negatif
mulu volcano green lava orange,netral
buset,negatif
tidakda rrq penonton nya cuma sepi smirking face pinching hand,negatif
asis herell,negatif
jagoan fani gua,positif
rrq yatim,negatif
face blue wide eyes,netral
rrq badut m series,netral
apaan cookk,negatif
tidak lolos playoff loudly crying face rolling on the floor laughing,netral
jam yaping jam pertandintidakn mpl,netral
goa nomor,netral
datang beli tiket katanya tiketnya tidak laku rolling on the floor laughing rolling on the floor laughing,negatif
rrq evos,netral
hero secret skylar muncul,netral
rrq kepanas an pojok,negatif
klasemen rrq,netral
block aja racoon cat with tears of joy,negatif
u,positif
apa rrq,negatif
apa,negatif
yahh gw tidak kesana jadinya tidak dapet,negatif
rrq mobile legendsbb trophy international,netral
lama banget,negatif
hmm,positif
woy lh,negatif
alu kill hand,negatif
badut m series clown face,netral
main jm berapa gren final,netral
alter ego jantidakn lupa menang,negatif
datang sonic champs bayaran dikira dunia cuma kingdom,negatif
tidakda rrq penonton nya sepi smirking face pinching hand,negatif
alunya woyy rolling on the floor laughing rolling on the floor laughing,netral
bot banget kek evos face blue smiling,negatif
tidak ntidakruh sama ranking fifa,positif
wakakak,positif
lama mpl,negatif
sanz tidakda bapak,negatif
acara nobarpun good tidakme ad pihak tim pelit streamer koar koar beras lumpuh sbelah masi perdebat,negatif
lama jam,negatif
rrq kapan main,netral
afa iya face blue smiling,netral
comeback tertawa,positif
tidak ntidakruh sama rantidaking fifa menang,positif
hahahahahahahaha,positif
tidak sepi kok,positif
belom mulai yak,negatif
tertawa,positif
blunder semua v,negatif
inii bencanaa,negatif
jdwal iam mact jam kocak mpl,netral
sanz buset,negatif
sepi lah pinter mulai aja belum cil,negatif
afa iya face blue smiling,netral
gelo,negatif
percaya tidak alter ego menang,negatif
bapak main mobile legends,netral
gila nunuuye,negatif
kpn mulai woy,negatif
sini gua aj malter egon alu,negatif
onik jam berapa,negatif
boomer main,negatif
fanny poke,negatif
lama matchnya,negatif
muyal jm brph bos,netral
hero secret skylar tidaksabar nih,negatif
kapan onic vs rrq,netral
inikapan mulai,negatif
jamberapa,negatif
raccoon bakik goa aja sana,netral
tidak rrq tidak kiamat rolling on the floor laughing,positif
bot,negatif
no rrq no drama,negatif
mulai,netral
tidakje,positif
fanny nya lucu,positif
alter ego tidaks kann,negatif
jantidakn cari tidakada,negatif
face red heart shape,netral
menang onic vs alter ego ngelawan rrq,netral
kapan woyy,netral
sanz tidakda bapak yahaha,negatif
yappingood tidakme,negatif
lama jir,negatif
by one,netral
jam matchnya,netral
lama woii,negatif
no rrq mpl sepii,negatif
lama banget anj,negatif
cuma indo parte tmbhn,netral
sayaahronic,positif
jam brpa mulai,netral
lama yapping,negatif
langsung alter ego min malter egon,negatif
bubar bubar,negatif
jikapun nnt tembus jt amal kingdom buat streaming,netral
rrq lawakk,positif
semua tidakra jule,positif
bubar,negatif
lammaa,positif
mulai nya jam woyy,netral
tidakusah nntn,positif
yth kongdom mana,netral
tantidakap sayhroni skarenag,netral
kapan main,netral
onic juara tidak perubahan udh kek litidak ingris,positif
rrq tetap ramaii,positif
rrq tukang ngcilik,negatif
jam kocak,positif
epic epic,positif
bubar aja udh,negatif
rrq malter egon jam berapa,negatif
sabar kocak jadwal jam set jutidak,positif
harusnya sblum mulai kasih match sepuh kaya r rekt lah vs biar seru,positif
kebanyakan yapping,negatif
nt cendy,positif
kingdom banyak karbitan,negatif
jam berapa cok finalnya,netral
cih,negatif
langsung kasi pialanya onic,netral
ez,positif
tlph juara m series,positif
rrq main jam berapa,netral
rrq main grandfinal kecamatan,netral
paling mulai draf nya,netral
lama lama lama,negatif
lama lama lama lama,negatif
tertawaw ntidakntuk,negatif
cair cair,positif
final jam,netral
cendol,positif
bohong cendi,negatif
nt cendy save cendy,netral
lama woy,negatif
lamaa annjugaood tidakme,negatif
gimick,positif
jam set baru mulai kingdom,netral
ajuga opet,negatif
mulai nya lu jam segini udh sini ntidakbisin kuota,negatif
lb,positif
janji nya jam tapi masi bnyk omong,negatif
kirain ketingood tidakmealan tnyta blm main,negatif
up purbaya,positif
mainnya jam bang,netral
biasanya nonton jutaan rolling on the floor laughing,netral
yaping tetus,positif
lb satset,netral
diam diam lama lama lama,negatif
buzzer,negatif
onic main jam cuyy,negatif
ponic poke,positif
dico dark sistem,netral
thumbs up,netral
sekelas samsung fun match nya orang orang ginian grinning face with sweat,positif
penyepung handal,positif
langsung sajaa alter ego jt nihh,netral
congrats alter ego piala mpl pertamanya,positif
ayok remacth king onic,netral
blum dateng pemain nyaa,negatif
lama indo indo,negatif
good tidakme,positif
tidak seru,negatif
sempat maghrib bru berisik main nya,negatif
apa ha,negatif
alter ego ready to m good luck for team,positif
onic all in tidakes yahh,negatif
apa coba tertawatertawa,negatif
alter ego jt nih tampung lah,negatif
buset dah lama mulai nya,negatif
lama tidak seru,negatif
this is alter ego timee boyy,netral
langsung,positif
face with sayambols on mouth,netral
mulai jam berapa ges,netral
mainnya jam set lol,netral
selama ucihaa tidak bakal juara ktertawatertawakwmw,negatif
apaan tau tertawatertawaw,negatif
cpt,negatif
miskin lama,negatif
when yah punya hp gitu,netral
jt onic,netral
alter ego jt sini,negatif
kalau udah main pastikan satu juta bang,netral
jt onic nih,negatif
king alter ego ayo remacth king onic rebutan piala mpl indo beaming face with smiling eyes,netral
tidakguna tidakada denger,negatif
brp brp woi,netral
onic tapi semotidak alter ego lama m,negatif
apasih tertawatertawa,negatif
onic pulang catat eyes purple crying,netral
si sendy ntidakpain,netral
jt onic,netral
tandai gue kink alter ego menang,negatif
onic jt sini winking face with tongue backhand index pointing up,netral
onic pastii menangood tidakme,positif
dana,netral
waww hahaha keren keren,positif
akirnya ler antidakat piala face with hand over mouth,netral
jam berapa tandingnya,netral
yappyy,positif
engood tidakmea kaya mplph indo no good,negatif
undang veteran mobile legends kek fun match apa tertawaktertawaw,netral
oi sendi,positif
suka buang data penonton,negatif
dah mulai blm p,netral
huu apa cb,negatif
buang masa,negatif
cari lawan disini onic jutq,negatif
kasih aja piala m nya tlph,netral
go oinc,netral
banyak ngomong lama banget,negatif
onic jt tidaksken sini,negatif
uan onic cuma satu uara mpl uara m,netral
samsung enk banget jujur buat tidakme sinyal kuat perfmanya good tidakme banget,positif
ngukir sejarah kalau menang alter ego karna tidak pernah petidakng piala rolling on the floor laughing rolling on the floor laughing rolling on the floor laughing,positif
ntidakpain,negatif
evos udh nungood tidakmeuan final tertawatertawaw,netral
brp brp ni,netral
onic semantidakt,positif
bacot mainin final nya,negatif
alter ego sama sonic kapan,negatif
alter ego siap kalah lawan onic,negatif
onik kasih alter ego juara dong,positif
gopay,negatif
lama,negatif
onic tampung,negatif
juta aku pilih onic,netral
stayhome,positif
allah semotidak onic menang aku serahkan doa ku entidakau allah,positif
motidak alter ego hokinya belum habis,negatif
ketahuan cari berasnya hahaha,negatif
lama eu,negatif
tevos udh nungood tidakmeuan final,positif
selama aada ucihaa kairi tidak bakal juara m seriess ktertawaktertawa,netral
kapan main wok alter ego onic,netral
rrq final rolling on the floor laughing rolling on the floor laughing,netral
jt alter ego,negatif
yapping mulu lama,negatif
tidak peduli oi lahh face red droopy eyes,negatif
lanjut tidak kelamaan nih yapping nya,positif
lets go alter ego lu,negatif
kapan sih main,netral
alamakk lamanyoo,positif
tidakbutuh yapping buruan mulai,netral
banyak oknum memecah belahkan sonic elfamilia guys,negatif
mulainya jam woi,negatif
rrq vs onic,netral
alter ego siap kalah lawan onic face blue smiling,netral
this is alter ego,negatif
lasung tidakme play tidak,negatif
lama lamain,negatif
yeeyy menangood tidakme selamaat,positif
udh kash alter ego percaya tidak alter ego menang,negatif
paling tidakmenya suruh lama,negatif
anjay,negatif
tidak dukung sia,positif
jam la gi,netral
face purple crying lamaa,negatif
bosen bos banyak cakap,negatif
bilang lama baca jadwal gblk mulai jam,negatif
yapping tross,negatif
tidak butuh yapping min,netral
jam mainnya,netral
sebenarnya manusia harimau,negatif
mana tadi bilang alter ego sini gua onic,negatif
goo onic shushing face backhand index pointing up,netral
lama nyaa,negatif
yok alter ego dulu tidak sih bang juara,negatif
kebanyakan ngoceh,negatif
jam perjalanan teamnya,netral
uciha kairii kalau lawan ph pastii bapukk ktertawatertawaktertawaw,netral
go go alter ego,negatif
tidak dukung siapa karenaa sesama,negatif
catat onic menang,positif
alter ego nihh ayo,negatif
lamaa,negatif
blm mulai,negatif
main nya jam brp,netral
tidur siang dulu cil,netral
mainya,positif
alter ego juara gua botak,negatif
mandi oi,netral
cendy siapa alter egoron ni bos,negatif
penyepong samsung,negatif
alterigo jt,netral
onic vs siapa,negatif
kebanyakan produk sponsor buruab mulai,negatif
onic sih gua,negatif
calter egor calter egor calter egor calter egor,netral
siapa,negatif
catat alter ego menang,netral
promoo doang,negatif
howak,negatif
rrq mah,positif
uan alter ego jadi uara season onic mau uara mpl uara m,negatif
buzer samsung yapping,netral
bocil udah jago nyepung ye,positif
alter ego onic,negatif
jadi intidakt sama promosi buts rolling on the floor laughing rolling on the floor laughing rolling on the floor laughing,netral
good tidakmemu,positif
buzzer samsung yapping,netral
catat alter ego menang jt alter ego,netral
onic jt,netral
rapsky meningood tidakmeal catat face blue smiling,netral
kalah menang aku tetap dukung onic onic selalu hati,positif
gua dukung menang,positif
onic menang no debat,negatif
coba kalian tonton dh buts pake samsung rolling on the floor laughing,netral
kapan mulai nya,negatif
cepat woy,negatif
rrq mana udah kalah habis posisi cat with tears of joy cat with tears of joy,negatif
main jam brpa,netral
alter ego ready to m,netral
kebanyakan ngober,negatif
rrq m,netral
lamaa,negatif
awaas skaylar mbapuk go alter ego tertawakw,negatif
hp isinya,netral
waktunya rrq bukan onic,netral
cepat lah,positif
relieved face,positif
main jam berapaa,netral
tragedi tlph tidak sih alter ego,negatif
alter egoo,negatif
jam mulai nyaa,netral
ynwa,positif
woilah cik cat with tears of joy,netral
nabati isintidak sama teh pucuk,netral
cepatlah tidak sabar liat onic juara,positif
ujan wokk cat with tears of joy cat with tears of joy,negatif
ngejek rrq kek bocil,negatif
alter ego juara fix,positif
nabati isintidak sama teh pucuk,netral
mna king evos,netral
evoss malter egon jam berapa,netral
bosen litidak tani,negatif
kpn mulainya oyy,netral
jam bang,netral
w samsung,netral
nonton cuma k rrq tidakmain,negatif
kpn mulainya,netral
lama kebanyakan gimmic,negatif
huh lama,negatif
sudahi yapping nya batre sisa loudly crying face,netral
sentidakja alter ego kasi kalah biar pelajari gem play onic,negatif
bosen wuu,negatif
nabati isinya sama teh pucuk,netral
alter ego go go go,netral
kiri tidakusah malter egon mobile legends jatidak parkir aja,negatif
kapan mulai,negatif
match papan bawah,positif
tlph mukbang landak,netral
ban pdip,netral
onic fokus m aja tolongs,negatif
alter ego in,negatif
buruan bangs,positif
oi,positif
tidakis mainnya,negatif
langsung kasih piala airairqiu squinting face with tongue backhand index pointing up,netral
indo kelamaan,negatif
what time is it,positif
jam berapa mulai nya,netral
ngober mulu,negatif
rrq main pnntnya biasa juta,negatif
goo onic,positif
alter ego mengehentikan petani mpl catat red exclamation mark red exclamation mark,netral
lama,negatif
sekarang lgi yapping sana sni dlu,negatif
alter ego in m,netral
onic juara,positif
lama oi,negatif
in bukan mpl ph mpl indo bnayk drama,negatif
onic ktemu btr,netral
raja kok tidak lolos playoff,negatif
onik,negatif
habis juara mpl juara m,netral
buru napa,negatif
go go alter ego,negatif
gua onic id m,netral
info rrq main jam berapa,netral
matchnya jam berapa guys,netral
titidak kata lucu evos is back,netral
onic m,netral
kapan mulainya,negatif
alter ego walk out rrq in awotertawao,netral
sabar jam setentidakh enam woy,positif
skor match,netral
buat nanya rrq rrq persiapan m lewat jalur snbp cat with tears of joy,netral
kebanyakan yapping mpl id pler,negatif
lama jantidakn lama,negatif
lama nihh,negatif
lah kok match nya belum mulaii,negatif
alter ego juara bosen litidak tani,negatif
apaan coba,negatif
rrq mainnya kapan,netral
bismilla,netral
goo onic,positif
mulainya jam jam lewat gitu tidaksi kek biasanya,netral
perkiraan,netral
rrq match brpa,netral
alter ego juara bosen litidak tani,negatif
blom mulai aja udh keliatan onic antidakat piala,positif
ayoo rrq,positif
samsung terbaik,positif
gokil,positif
kok aku kemarin ngood tidakmeak liat rrq,negatif
alter ego ni,negatif
kayak kemaren nih mulainya jam wib grinning squinting face thumbs up thumbs up,netral
cepat dikit,positif
kebanyakan supporter rrq bilang onic pulang padahal rrq tidak lolos,negatif
jelas alter ego mengukir sejarah hari,positif
ayolah,positif
smiling face backhand index pointing up,netral
wel,positif
samsung tidaklaxy s ultra ngefremm,netral
indo tidak tu tepat waktu,negatif
alterego mengukir sejarah,positif
evos is back haha tertawatertawatertawa lucu,positif
dos wedos aku penyok,negatif
mulai jam,netral
dpt hadiah plintidakn beli discont,netral
aku jua mau s fe,netral
bukan buzzer namanya promo lagian smsung support mpl kok,netral
yaping,positif
evoss panas,negatif
evos,positif
penuhin komentar dentidakn,negatif
jam berapa cok,netral
viva rrq,netral
bang rekomendasi hp,netral
evos panas,negatif
baju putih mirip kars,netral
kok lama,negatif
rrq mimpi masuk m,netral
evos lama,negatif
lama mpl kon,negatif
ayoo tidak bakal takut biarpun bully,positif
samsung ngeframe jir,netral
udah malter egon,negatif
jam mulai,netral
laki normal foto jempol rolling on the floor laughing,netral
langsung aja kasih onic,netral
goa pantau stage mpl nihh,netral
macannya jadi kucing,negatif
sesuai spoiler guys onic bakal juara,positif
bot a,negatif
kpn mulai bang,netral
samsung hp nya bagus tidak ngeframe,negatif
jam rrq main,netral
kumarr,positif
aftidakn ncan kehed,negatif
lama cok main,negatif
sudahi yapping nya dong loudly crying face backhand index pointing up,netral
cuma menghayal rrq masuk m,negatif
sepii penontonnya,negatif
goa pantau nihh hahaha,positif
samsung ngeframe siapa suru beli samsung sejutaan,negatif
vc c vs nk cg cc bh bngn,netral
ell kumarr,positif
goo alter ego alter ego goo,netral
msi lama jir,negatif
evos masuk goa,negatif
wib baru mula,netral
kelamaan woi,negatif
q,positif
jam lewat cokk mainnya gf,netral
samsung hpnya bagus tidak ngeframe,negatif
lame,negatif
bismillahirrahmanirrahim alter ego juara,positif
hape buat tidakming samsung,netral
baxia masuk rumput,negatif
onic,positif
perthankan nya smpai m guys,positif
sue,negatif
on,positif
dj alex kunci alter ego,netral
tertawaaktertawawak,positif
woi hero gua struk cok,negatif
kingdom nangis season,negatif
alter ego juara red exclamation mark red exclamation mark,netral
kata lucu tidakda pake onic,negatif
alter ego nih,negatif
rrq sepi dekk,negatif
gogo onic,negatif
belum mulai udah inpo skor dong,negatif
ipos main jam berapa,netral
evos panas kalah sama alter ego,negatif
onic winking face with tongue,netral
yapinh,positif
yve tangerang,netral
berapa matchnya,netral
evos bertahun m seris msna,netral
ipos main jam berapa,netral
ngespam antidaka jir loudly crying face,netral
evos ntidakrep grand final lawak,netral
ip enak,positif
komen kelamaan emng msh lama kocak mainnya ciill,negatif
alekk mengukir sejarah,positif
lama su,negatif
hugood tidakmeing face backhand index pointing up,negatif
evos kocak,positif
lawakan apa,negatif
bima jmbd,netral
sepi lah mainya aja jam malam,negatif
alter ego juara bosen litidak tani,negatif
mulai nya jam malam,netral
jam berapa mulai,netral
semantidakt,positif
jugan mimpi dek mau,negatif
alter ego juara,positif
tidakme nya lama cok,negatif
bismillah,positif
kode reedem zoaazzmkkna,netral
pkb mendukung alterego,netral
evos panas squinting face with tongue squinting face with tongue squinting face with tongue squinting face with tongue squinting face with tongue squinting face with tongue,netral
kocak onic,positif
go go go,positif
rrq jam berapa,netral
onic,positif
lamaa anying,negatif
alter ego juara bosen litidak tani,negatif
bissmillah goo onic,positif
gw tandain lu bang cendy tertawatertawa,netral
onic selalu,positif
please remehin onic biar menang,negatif
sheess,positif
anic,netral
mpl id udah tidak ntidakngood tidakmeep rrq mending bubarin aja rrq sampah,negatif
alter ego go go goo,netral
malter egonnya jam woii,negatif
start wib,netral
bissmillahh onic,positif
l,positif
alter ego juara bosen litidak tani,negatif
mau menang mau kalah alter ego selalu hati,negatif
tebak skor ges,netral
o,positif
lama tasa ngomong,negatif
n,positif
kebayakan iklan kayak sinetron indosiar,negatif
lama anjuga,negatif
alter ego menang,negatif
i,positif
alter ego siap mengukir sejarah,positif
c,positif
semua predik alter ego waduh bahaya ni pasif onik keluar bakal buntidakam semua ni mulut org org,negatif
ayo ambil,netral
mending onic lawan rrq dri pda lawan alter ego,negatif
alter ego phokee wokk mana menang,negatif
dothefive,positif
apa diliat co,negatif
main jam kaahh,negatif
bismillah,positif
dapet apa bang,negatif
amin,positif
alter ego onic go go go,netral
skin banyak kemarin evos is back sekarang anterego,negatif
woi cil mainnya emng jam wib ntidakpain ngomel bilang kelamaan,negatif
baca chatku bg,netral
tiba tiba cendol jing,negatif
iya jam,netral
dukung menang aja,positif
evos m series goa bareng rrq rolling on the floor laughing rolling on the floor laughing rolling on the floor laughing,netral
dapet skin balmond sanrio jirr,positif
jam brpa sih mulai nya bang,netral
kapan main botakss,negatif
jambet main,negatif
alter ego menang,negatif
jamber main,negatif
lesgo aalter egoe,netral
bismillah alter ego juara,positif
botak mainin,negatif
jam berapa inii,netral
jam berapa mulaii nya,netral
king alter ego nih bos,negatif
ayo dukung alter ego bosen litidak tani tidak si,negatif
onicv,positif
king evos udh final,netral
jam brp mulai,netral
info rrq main jam brp,netral
kebanyakan yapping lol,negatif
jam berapa mainnya wee,netral
bocil evos karbitan banyak ternyata yah sampe ngood tidakmea terima kalau rrq diundang gof juara internation tapi rrq kelas dunia,positif
feeling sih alter ego menang nih,negatif
lama sat,negatif
sepii,negatif
face blue smiling,netral
for onic,positif
bismillah onic menag palms up together,netral
jawaban nya,positif
elter ego go go go,netral
mah,positif
mah,positif
mah,positif
mah,positif
mah,positif
mah,positif
lamaa kalii,negatif
tidakme paling lama indonesia tertawatertawakw,negatif
bang,positif
kata lucu tevos m,netral
tidakme starting time,negatif
ffd eon,negatif
lama nya,negatif
jm berapa main yh bg,netral
mah,positif
mah,positif
rrq lwan apa nh,negatif
yapping mula et dah,netral
mainnya entar wib,netral
znbvhdbx,positif
buat nanya rrq main jam berapa rrq persiapan m lewat jalur snbp cat with tears of joy,netral
mh,netral
mh,netral
jam brp mulainya bang,netral
evos kemarin sentidakja ntidaklah biar alter ego ngerasain grand final kasiann,negatif
kata lucu ipos is bakk,negatif
silit,negatif
pentidaklihan isu tetap kawal,positif
alter ego,negatif
langsung kasih aja pialanya onic,netral
apaan dulu malter egon fun match,negatif
face vomiting,positif
cepaat,positif
cepat woy mie gw keburu abis nih,negatif
lama banget loudly crying face loudly crying face,negatif
onic,positif
lama bener,negatif
andryjunianto pendukung pepequ,netral
alter ego,negatif
kan jam jadwal jelas jam tidak usah berisik,positif
skrg rrq digoa dlu rrq suka banget cencengin onik pas s skrg dmna lo rrq,positif
pepequ m,netral
makin besar tim makin banyak pengusik,netral
inget cuman evos punya mserie,netral
start the tidakme,negatif
onic juaranya tau tidak lhu,positif
kelamaan yaping kasih aja piala nya onic,negatif
alter ego god god god,negatif
onic,positif
rrq kemanaa,negatif
setintidakn,positif
rrq jam berpa,netral
tauu aja gw iri,negatif
dlu onic menang s dikatain tidak pantes sama fans ererqi skrg rrq wlee,negatif
orang sendiri mah,negatif
hari orang orang zalim berkata tuhan hilantidakanlah siksaan beriman,negatif
kelamaan,negatif
halah hoax org dalem,negatif
kata lucu evos is bakk,negatif
ketik alterchamp,netral
scamm,negatif
viva babadut,netral
onic bakal dipress,netral
ud tidaks aja mainya,negatif
kebanyakan yapping doang,negatif
isinya hp oppo tertawa,negatif
mulai tidakmenya kan,negatif
go baby,positif
evos is baok,negatif
lamaa mgebosenin ni pembawa acara orang,negatif
jam keknya mulai draft rolling on the floor laughing,netral
yappingood tidakme mulu,positif
alter ego bakal buka puasa hari,netral
kok samsung,negatif
winking face with tongue backhand index pointing down,netral
ordal tertawa,positif
jtidak orangnya jtidak,negatif
mulu perasaan,negatif
tertawatertawa bukan hp,negatif
nt samsung,netral
evos is bak,negatif
rrq apa jadi restrem semua sekarang member nya,negatif
semotidak onic menang juara aamiin yaallah smiling face with halo yellow heart sparkles,positif
penipuan,negatif
lalu biarlah berlalu sekarang lh saatnya evos is bakk,negatif
bilang aje iri tidak dapet hp,negatif
jam brpa,netral
ma,positif
yokk alter egoe juaraa bismillahirrahmanirrahim,netral
weitss tidakusah ketauan samsung sejutaan,positif
anak ayam,negatif
kebanyakan bacot tidak mpl yaa,negatif
tidakss,negatif
buru pamit,netral
iri bilang isinya oppo,negatif
alter ego bakal buka puasa,netral
gocap alter ego nih,negatif
redeem dimanaa,negatif
rrq malter egon jam brp,negatif
evos sentidakja ntidaklah sama alter ego soal nya tidak ntidaklah ntar evos punya m series,netral
fans rrq masi denial onic sejago rrq skrg masi inget tidak s onic dikatain kingdom lmao,negatif
winking face with tongue backhand index pointing up,netral
spam lama,negatif
onic kesayantidakn mobile legendsbb padahal banyak fans nya rrq,negatif
yuh ndang mulai,negatif
hp gw spek nya diatas samsnug,netral
tu ju h,netral
kpan mulai,netral
alterego go go go,netral
host talter egoe,netral
kabanyakan judol mpl,negatif
dukung alter egoe,negatif
bilang lama lihat jadwal mulai matchnya lah,negatif
evos evos evos,netral
sepii,negatif
lamaalamaa,negatif
lah belum mula,negatif
malter egon jamber,negatif
bilang lama sabar napa jam,negatif
lama,negatif
rrq skin m,netral
tidak lolos playoff tidak ajak,negatif
epos is bag,netral
setintidakn parahh,negatif
lamaa,negatif
spamm lama,negatif
lamaa woy,negatif
tidaksabar nonton rrq jam,netral
setentidakh jam lgi mulai,netral
alter ego dulu bukanlah sekarang intidakt alter ego juara red exclamation mark red exclamation mark,netral
alter ego juara season,positif
onic aningood tidakme,negatif
woyy,negatif
sejam anyink,netral
lamaa woyy,negatif
sabar makanya,positif
rrq skin claude m,netral
abis maghrib aja sekalian mulai nya,netral
anjai sidai,negatif
lama woi,negatif
mulai jam,netral
lah lama banget,negatif
yuk alter egoe,netral
masihh lama jirr loudly crying face loudly crying face,negatif
bilang lama bego,negatif
nino mode serius jangn main loh,negatif
konoha,positif
rrq jadi restream aja jantidakn main mpl pemainnya,netral
jam mulainyaa,netral
jadi orang tuh jantidakn dongo dah match nya kapan mulai mikir begoo,negatif
info nobar bali dong,netral
katakan pd dunia evos back,netral
jam kurang,negatif
nama tuhan yesus all in alter ego selama penantian panjang,netral
alter ego yuk,netral
fans baik diam,negatif
tidakss ken,negatif
yak semotidak,positif
alter ego bakal buka puasa hari dentidakn alek menjad final mvp,netral
kata lucu rrq goa face red droopy eyes,netral
skin m rrq nanang,netral
laama woy,negatif
adohh lamonyoo,positif
mikir lh udh dikasih waktu buat nonton waktu buat sponsor byk banget ngeluh lama kalau tidak gini ntidakpain brand kasih sponsor kalau tidak tampilin,negatif
lamaa,negatif
rrq koncet,negatif
moderator kerja keras,positif
lama co bubar aja mpl,negatif
bilang lama bego,negatif
astatidak menit tertawaqkw,negatif
menit,netral
alter ego next champion,netral
luamaa,positif
main nya jam malam,netral
mulai jm setentidakh,netral
gera ombeh,negatif
lamaa aa,negatif
bosan cepat sii,negatif
buat nanya rrq main jam berapa rrq persiapan m lewat jalur snbp winking face with tongue,netral
entah alter ego onic menang penting sama sama m,negatif
bilang lama bubar aja mpl bego,negatif
makanya liat jadwal mpl nama jadwalnya,netral
bantu jadi lebih baik dentidakn mengisi link berikut,netral
samsung jelek,negatif
gila lama banget jam lebih cok,negatif
semotidak onic juara,positif
main nya ajam set,netral
alter ego juara yok yok,netral
alter ego lah juara bosen onic mulu,negatif
sudahi yapping nya batre sisa,netral
lama lama bapa lu suruh bikin acara biar cepet jantidakn acar orang lu bilang cepet,negatif
yuk keluar dulu buang data,negatif
onic alter egoe,negatif
alter ego siap mengukir sejarah,positif
el el qi main mcgh,netral
sidai,positif
ko bukan evos,negatif
babahahaahahha,positif
semotidak rrq juara tertawa,positif
kasian pake kuota tertawatertawa,negatif
astagfirullah,negatif
noh menit,netral
nino mode tidur,netral
disidai sampah kering,negatif
mana nih raja setidakla raja cuman gos noob si,negatif
lama menit,negatif
menit,netral
woy lah,negatif
lama ni ajugaood tidakme,negatif
lama kali,negatif
onic let s goo,netral
timur jam cokk,netral
m nihh,netral
lama k,negatif
jantidakn beli samsung jelek,negatif
all in alter ego bosen liat onic juara,negatif
sama aja selesai maghriban,negatif
habis isayaa jutidak mainnya,negatif
alter ego onic,negatif
bilang lama minim literasi bjir udah tau waktu mulai nya aja protes,negatif
ko bukan epos,negatif
woilah sejam,negatif
mpl edan mau magrib baru mau main,negatif
pqk pulung alhamdulillah,positif
onic jt nih,netral
lm kmbing,negatif
woi mpl lama kali,negatif
lamaa banget,negatif
masi jam ntidakpain,netral
lol,negatif
info skor,netral
tertawatertawa mampuss,positif
jam dentidakr yapping jir,netral
lama mau ngobrol ngobrol dulu tidak,negatif
kingdom tapi s baru bsa juara mpl rolling on the floor laughing rolling on the floor laughing,positif
ntidakpain buru buru,negatif
lama cuk jelas cari cincin aja ama trophy yah onic lah,negatif
makanya sekolah belajar ngitung jam jantidakn main doang,negatif
cok,positif
lama lebay bngt bnyk acara,negatif
paling engood tidakmeak isayaa main,positif
iklan nya sintidakirin tidak loudly crying face loudly crying face loudly crying face,negatif
lalu biarlah berlalu sekarang lh saatnya evos is bakk langsung tlph kata adeh,netral
info loker,netral
gimmick hadiah,negatif
let s go alter ego,netral
pemenang,positif
alter ego onic boom,negatif
alter ego bismilah,negatif
grand finals rrq sepi tertawatertawa,negatif
onik ayam,negatif
jam njir,negatif
nungood tidakmeu jm anying blm mulai,negatif
muani mas amba nerd face,netral
kalau lama suruh bapa lu bikin acara sendiri,netral
mas cen buntidakuk,negatif
filing ku alter ego beruntung hari,negatif
onik vs auterigo,netral
folded hands,negatif
alter ego menang,negatif
kongdom nangis aja goa sana,negatif
bubar buang kuota mau magrib baru main,negatif
besok mulainya nih,netral
jeje offlen pindah sini,netral
info loker pak,netral
udahlah onic menang cabut kelen,negatif
seru si tapi sorry alter ego piala mpl buat onic,negatif
alter ego m jir lah,negatif
mn,negatif
alter ego go go goo,netral
semotidak rrq menang amin,positif
ptg start,negatif
yohh lamaa,negatif
good tidakme alter ego,negatif
katanya rrq sekarang beli pemain kamboja,netral
menang onic,positif
letsgo onic letsgo alter igo,netral
goonikk,positif
alterego go go,netral
kementidakn tipis,negatif
jam berpa main nya ni,netral
fungsi iklan,netral
udh inimah onic menang,positif
b,positif
oii tidaks laa,negatif
bla bla ble ble blu blu,negatif
dentidakn pd katakan dunia evos is bakk,negatif
ayolaah kasi piala mpl alter ego,negatif
semotidak rrq menang,positif
onic,positif
alter ego kalah,negatif
apasih kongdom cat with tears of joy cat with tears of joy,netral
lokal,negatif
its onic tkme,positif
onic,positif
kaya tlph,negatif
mikin bisir tim mikin binyik pingisik,negatif
langsung bnyk orng fomo dukung onic,netral
main pukul sore,netral
mau menang grand final brp match,netral
kingdom tidak main,positif
benget sia edoy,negatif
alter ego go go goo,netral
albert berat pungood tidakmeung,negatif
semantidakt buat kedua tim kasih perlawanan asik buat tonton,positif
mulai bawa piala karat m,netral
kongdom,positif
apalah,negatif
alter ego goo juaranya,positif
bilang mpl sepi rrq kata menghibur kingdom goa kocak badut rolling on the floor laughing rolling on the floor laughing rolling on the floor laughing,netral
lama beud,negatif
u onic,negatif
onic,positif
bismillah semotidak rrq menang,positif
sekolah batidakiman besok sekolah apa gua betidakdang aja kaliya tapi terlambat ahh strees,negatif
hidup onic time,positif
adu penalti aja,negatif
les go,netral
evos main jam brpa,netral
mseven,positif
bismillah alter ego,netral
gope nih gua king onic,netral
evos punya m,netral
mikin bisir tim mikin binyik pingisik,negatif
go go go alter ego,negatif
onic go go go go,netral
tetap lah rrq jantidakn pindah,netral
apa hp layar smooth mabar makin good pake tidaklaxy s fe dapetin total bonus hingood tidakmea juta pake kode promo mtolongf beli sekarang bit ly sfexmtolong,netral
yy,positif
rrq besok,netral
alter egoo letsgoo,negatif
evos udah juara tlol,positif
prediksi skor,netral
kasih aja piala trophy trophy nya ecvos face with tears of joy,netral
rrq tim cari cuan bukan juara tidakes yaa,negatif
gope nih gua king onic,netral
onic time onic time,netral
grand final brroo,netral
rrq malter egon jam berapa moai,negatif
mau liat nino antidakat piala tolongs semotidak alter ego menang aminn,positif
ppq mana kok tidak,negatif
lama lama lamma,negatif
raised fist red apple m rning sun jantidakn lupa bertekuk lutut tuhan intidaktlah tuhan sesungood tidakmeuhnya tidaklah berpenglihatan layaknya makhluk tuhan ciptakan ketahuilah apa diperdebatkan,negatif
onic lg nih menang,positif
finalnya rrq v evos,netral
ketahuilah jantidaknlah lupa mentidakaji al qur an karna al qur an kamus rumus mengharapkan keridhoan kehidupan person turquoise waving speech,netral
tarohan jt gua onic,negatif
kasih alter ego aja lh boss kasian,negatif
alter ego mengukir sejarah,netral
toll,positif
alter ego landak,negatif
kasih alter ego pialanya onic dh bnyk woii,negatif
ererki tim cari cuan bukan juara tidakes yaa,negatif
go go go onic,positif
dukung alter ego,negatif
evos is back,netral
bismillah onik,positif
ererki malter egon jam bro match,negatif
alter ego juara nih boss,positif
lets go alter ego,netral
navi,netral
rrq main jam malem,netral
penuhi komentar dentidakn alter ego,netral
juta gue alter ego,negatif
alter ego menjadi juara season petidakng omontidakn w,netral
yokk alter ego,negatif
full respect alter ego juara aamiin,positif
alter ego go go home,netral
rrq menungood tidakmeu m,negatif
evos lgi sedih,negatif
go go onik,positif
tidakya banget juta,negatif
ererq tim cari cuan bukan juara tidakes yaa,negatif
gw sonic tapi pengen alter ego juara,positif
lohh jam mau nungood tidakmeu adehh,negatif
rrq jaya jaya jaya,netral
oke dahh,positif
karna udh bosen menang terus winking face with tongue,negatif
dikit,negatif
alter ego skylar pentidakruh buruk,negatif
woww,positif
tertawaw evos is bakk katanya bre,negatif
alter ego mode ngemis piala onic,negatif
evos is turu,negatif
jeeti boss,positif
semantidakt onic,positif
walupun alter ego tidak menang penting alter ego mewakili indonesia m,negatif
vivaa rrq,netral
kingdomm larang liat takut iri face with open eyes and hand over mouth,negatif
kasih aja pialanya king onic,netral
onic masuk goa inimah,negatif
lah,positif
guys ketik buat onic,netral
onic alter ego,negatif
onik menang aduh kebelet ekek,negatif
rrq main jam bfp,netral
katidakk banget bang lewat jalur snbt loudly crying face rolling on the floor laughing,positif
tidaks,negatif
alterego,positif
sana dulu deh oknum,negatif
onic dah banyak pialanya ntidaklah lah sama zero piala,positif
b,positif
goo onic,positif
rrq tetap terbaik,positif
lebih hina bintang,negatif
dewa united,positif
onic final batidakikan real madrid ucl broowe,netral
bo brp guys,netral
season juara baru biar seru,positif
bismillah alter ego champion,netral
karltry ketawain alter ego sama btr pas live,negatif
sumpehh,negatif
ayo dukung alter ego,negatif
onic timee,positif
air air apa ngood tidakmeak lolos play off air air qyu tertawatertawakw,negatif
rrq jam berapa main,netral
dentidakn pd katakan dunia evos is bakk bukan gimana yah tapi malu loh face blue smiling,negatif
bismillah menang yok onic,netral
winking face with tongue,netral
hizumeengood tidakme,negatif
bismillah onic champion,netral
kata gua mah,netral
rrq apalah suruh rinz jadi pembantu gh aja jir,negatif
go go go onic,positif
bissmillah alter ego,negatif
spam,negatif
its onic time onic time,positif
rrq lawan evos jam,netral
lama yapping mulu,negatif
onic gogogo,netral
o,positif
lestgoo onic,netral
skyler mau bwa onic runner up apa juara,netral
alter ego letsgoo alter egoe,negatif
mau taruhan,netral
aja hina rrq padahal timnya jutidak pulang,negatif
alter ego,negatif
evos kalah tidak lolos rrq disalahin tertawakw,negatif
kayak nya,positif
masi lama ege,negatif
cepe dah cepe lu tidak punya mah gw alter ego lu onic,negatif
onic backhand index pointing down winking face with tongue,netral
klip karltzy ketawain tim indo pas alter ego vs btr live,netral
gua kingdom tapi pengen lihat alter ego juara,positif
evos tidak pulang bg evos nungood tidakmeu goa,negatif
come on alter ego,negatif
gua sonic tapi kasih buat alter ego lah biar koh delwyn nanges,negatif
iklas gw klau alter ego juara,positif
semotidak alter ego jadi juara mpl s,positif
cocok buat evos karna udah kali tertawaw,positif
ah msh lama,negatif
minimal full indo cil,netral
lama mpl,negatif
hemm,negatif
btr downcast face with sweat,netral
stop normalisasikan antidaka,negatif
sangihe onic,netral
apa spam kelen jutidak udh pulang goa,negatif
sayonara,positif
karbitan merajalela,negatif
rrq tidak undang m,netral
mabar ayo gua goldlane,negatif
alter ego badut mpl,negatif
ayo bang taruhan yok mumpung belum main gw metidakng alter ego,negatif
tar kesini msh lama,negatif
onic sllu hati,positif
solo kill,negatif
percaya lah onic sprti evos m juara lalu bnyk pensiun,positif
onik mah juaranya,positif
ayo mabar,positif
fans onic siapa menang respec penting bawa m,netral
letss goo onic,positif
onic udh jelas,netral
let s goo alter ego,negatif
onic juara berkali kali karna ph nya coba full indo jadi ampass,positif
onic,positif
good tidakme alter ego onic,positif
onic sepele,negatif
alter egoe,negatif
udh jls sonic mah klw main lettidakme kalah,negatif
kok rrq masuk goa squinting face with tongue rolling on the floor laughing,netral
undur terus ampe lebarann,netral
ngespam bocil doang kebelet tenar,negatif
onic masuk goa,negatif
m tidaktidakl ply,positif
goo onikk,negatif
habibat asli rrq g upss,negatif
rrq mode jalur undantidakn mentidakcak acak tim ph camkan smiling face with horns,netral
alter ego positive,negatif
main jam lame,negatif
goa goa,positif
mimpii,negatif
caperr,negatif
kingdom dilarang nonton sakit hati,negatif
fans onic siapa menang respec penting bawa m,netral
yuk alter ego,negatif
tertawa tidak sadar brapa kali,negatif
ppq,positif
letssgoo onic alter ego kalahh,negatif
well well well,positif
bawa r indonesia loudly crying face loudly crying face,netral
ererq mpl champion m,netral
evos isbek,negatif
hijume on fire sekarang,netral
woyy blm mulai kann yaa,negatif
alter ego kalah,negatif
yareu,positif
bawa m ka indonesia memang m nya,positif
kebanyakan iklan acra tidak penting mpl org cmn mau nnton pertandintidaknny bdok,negatif
yare,negatif
menuu uara,negatif
evos jam brpa,netral
raja langit juara tidak kyk raja lokal,negatif
tim masuk goa rapat,netral
rrq tim terbaik indonesia,positif
yareu mukbang rrq,netral
sapa menang lawan rrq final of final,positif
rrq jam brpa,netral
yukk tidakass tidakme,negatif
evos main jam brp btw,netral
alter ego gogogoo,netral
m juara bawa pialanya indoesia tolongs,positif
rrq udh nungood tidakmeu m,netral
onic defending champion,netral
lama anjii,negatif
bilang fkk,netral
rrq main fun match,netral
menuu juara face blue smiling,positif
rrq jam berapa main rolling on the floor laughing,netral
tetep aja viral hesteg,negatif
tidak rrq tidak makan,negatif
rrq jam brp,netral
eposs,positif
gua dukung alter ego,negatif
all in onic moai,positif
eposs goo goo,positif
m hidup tertawa,positif
onik vs krocoo,netral
evos jam brp main,netral
mending mancing roblox nungood tidakmeu,positif
rrq skarenag sekelas rebelion,positif
onic mah menang fix,positif
face blue spam shape,negatif
rrq beras,netral
kuncinya jantidakn lepas lapu lapu buat onic bkalan jadi badut tu onic,negatif
eh buset,negatif
epos is bakhh,negatif
alamak nungood tidakmeu,negatif
jam,netral
sekali evos is back tertawatertawa,netral
rrq udh nungood tidakmeu super grand final,netral
alter egoo mana suaranya,negatif
bawa pialanya indonesia tolongs jng kecewain yah,negatif
siapa kitee,negatif
epos isbak,negatif
santapan ph,positif
skylar beban,negatif
bismillahirrahmanirrahim onic juara,positif
volcano green lava orange,netral
msh lama,negatif
emg rrq jualan beras cat with tears of joy,netral
backhand index pointing down squinting face with tongue backhand index pointing up,netral
evos is bakk kokop mic,negatif
is back,positif
lesgioo,netral
eeppoossass iss baakk,positif
eposh esbakhh,positif
aw,positif
al in alter ego,negatif
grand final langsung ntidakntidakat piala bang,netral
koh delwyn nonton stage,netral
epis ez back,netral
koh delwyn blm live,netral
mau onic alter ego pokoknya indo usahakan bw piala m,netral
epos is back goa,positif
jam lgi,netral
rrq ap,negatif
masa lawan chicken,negatif
bocil bocil komen,negatif
alter ego juara kayanya,positif
langsung,positif
koh delwyn g live,netral
allah menantidakan alterego,positif
sekali msuk m series tpi lgsg juara evos kelass tidak tuhh face with tears of joy,positif
rrq ko tidak masuk tertawatertawa,negatif
epos es baakk,negatif
epos bakhh goa,positif
poke,positif
alter ego mode serius jangn main,negatif
evos kok tidak masuk,negatif
takut ha akunnya hilang lgi,negatif
m yareuu,positif
ez back cat orange whistling,netral
epos bakk,negatif
al in onik,negatif
egpos isbakk,negatif
evos rrq,netral
bismillah go go onic palms up together,netral
evos kok jadi badut,negatif
by one id,netral
balik lg nnt,netral
dukung onic kumpul,netral
evos back,negatif
epos kontlo,negatif
gwe mau liat ko delwyn nangiss go alter ego go hhahahahahaha,negatif
mau masuk m mimpi vos,netral
cepet babget final nya bowok,positif
epos isbakk,negatif
onic juaraa,positif
udah rb aja nonton,netral
apasi bawa bawa rrq,negatif
onic behaa,positif
mainnya malam mah grinning face with sweat,netral
rrq kapan main bang,netral
yoo onic siap juara menantidakan m lesgoo onic,netral
alter ego menang nihh,negatif
grand final langsung ntidakntidakat piala,netral
by one cok id gw,netral
onic menang,positif
mana skin grager m nya pos hero kok granger only,negatif
tuhan yesus semotidak alter ego menang amin folded hands,positif
hujan guys,negatif
rrq mobile legendsu kena butuh beraskah,netral
borrq,negatif
jt gue alterego,negatif
onic lahh,negatif
viva onic,netral
lama jembot,negatif
tebak sekor,negatif
ascchanell jt doank yauda tidakpapa gw alter ego tidakss,negatif
hujan,negatif
bocil epos ramein predator dong evos valo mau mulai ni,netral
lama jumpboat,negatif
semua spam tlph,negatif
bismillah ererqi,netral
onic,positif
sepi kali wee moai,negatif
ayuh onic tunjukkan taringmu juara go onic,positif
yok jt gw alter ego,negatif
onic lokal,positif
evos,positif
alter ego juaraa kayanyaa,positif
nanya jam berapa main jam,netral
alter ego juara tahun,netral
tandain gua kalah alter ego,negatif
halo tidakess,negatif
weh m ges,negatif
rrq menang beaming face with smiling eyes,netral
ayo rank match,netral
metidakng alter ego kirim sosmed,negatif
onic menangood tidakme,negatif
alter ego go go go,netral
ad,positif
rrq malter egon jam berapa,negatif
prr,netral
gua mm,netral
jam main kya nya,netral
predator tidakming indo dulu evos mau mainn,netral
juara baru alter ego,positif
buat onic ntidaklah kasih piala mpl buat alter ego kalian piala m aja,negatif
inpo rank,netral
alter ego juara st place medal amiin,positif
mau manapun juara mpl tetep ph juara m,positif
rrq main jam barapa,netral
geta aja bintangnya enam masa onic cuma satu clown face,negatif
rrq main tentidakh malem tungood tidakmeuin aja,negatif
evos main jam brp,netral
pengen lihat juara baru alteregoo,positif
sok sok an taruhann kok sini cuma tulisan doang jt jt tulisann doang,negatif
alter ego juara trophy,netral
super biji badag,positif
kiboy kalau serius hero nya apa,negatif
jam limakk,netral
gw alter ego seribu lawan,negatif
yok alter ego bawa piala mpl onic bawa piala m,netral
rrq raja kok tidak lolos play off huahahaha,negatif
hem,positif
rrq main dalem goa,netral
layla bini ge jir,negatif
main nya jam berapa,netral
lamaa oii,negatif
evos cm jadi badut,negatif
semotidak alter ego,negatif
kok tidak awl,negatif
evos jam brp,netral
kingdom mana suaranyaa,negatif
onic badut,negatif
goo onic,positif
evos jam brpa,netral
evos kok ngebadut,negatif
geta aja bintangnya enam masa onic cuma satu ucapan salah satu clown face,negatif
kingdom tidak ajak,negatif
kak awl mana,negatif
onic juara gw tidur nyenyak,positif
alter ego sii,negatif
rrq djuara,netral
lamanyo moai,negatif
alter ego juara gua jalan tidak pake baju jam siang,negatif
aduhh bacotnya,negatif
dentidakn kesadaran penuh hatiku tetap sama onic onic onic,positif
letsgo liquid,netral
inpo nomor hk,netral
rrq kpn main,netral
banyak omong,negatif
jt buat onic semotidak menang,positif
tertawa kingdom keluar goa buat yaping evos kalah doang face with tears of joy face with tears of joy face with tears of joy,negatif
onic menang gua kayang,positif
lestgo liquid,positif
evos kok badut,negatif
komen banyak kongdom sakit hati,negatif
goo rrq,positif
guys tau saluran wa mobile legendsbb ditutup,netral
love you gesture backhand index pointing down,positif
go go bude,positif
kecewa onic,negatif
epos juara,positif
ayo alter ego reput piala mpl,netral
yok alter ego sonic internasional thumbs up,netral
onic runner up,positif
onic menang,positif
evos cbg cuma granger,netral
raja badut,negatif
taruhan sini mau tidak,negatif
tes kesabaran admin,positif
alter egoo,negatif
rrq raja setidakla raja ngood tidakmek sih,negatif
lama kuota gua keburu abis,negatif
lets goo barcelona,netral
permalukan oninc,negatif
onic mode grand final ngeri,negatif
rrq no conter,netral
pulang kaan onic,negatif
saluran mobile legendsbb wa tutup woy,netral
onic juara aminn,positif
rrq kapn main,netral
alter egoe,negatif
alter ego juara besok gua masuk kerja,negatif
alter ego go go go go,netral
gw alter ego,negatif
lah onic lu piala dah banyak kasih dong alter ego aja,negatif
good tidakme epos,positif
lunox anak gs,positif
alter ego,negatif
jadwal evos kapan,netral
ucok lubis barges,negatif
lestgo alter ego,negatif
gilaa sanz,negatif
belum mulai ternyata maklum baru nonton rrq valoran antidakat piala,netral
lama,negatif
goo oniic,positif
epos ikut masuk goa,netral
semotidak alter ego mengukir sejarrah,positif
evoss manaa bangood tidakme,negatif
kok sepi yah,negatif
badut,negatif
tidakndeng lah,positif
tidaktidakl m ahh evos,negatif
alter ego mengukir sejarah,netral
ayo onic bikin nino nangis tertawatertawa,positif
sholat dulu,netral
epos kpn main,negatif
cuma indo grand final lama lamain semua indo ntidakretin kocak,negatif
slesai tuh onic,positif
gelo layla,positif
onic time ficks,netral
let s go alter ego bren,netral
sama goa tidakusah debat tertawatertawa,positif
alter ego juara gue uninstall tidakme beaming face with smiling eyes,netral
animasi keren,positif
rrq kan rajanya jadi suka suka mau lolos tidak beaming face with smiling eyes,positif
biasakan memangood tidakmeil rinz dentidakn sebutan king,negatif
spam ntidakpain cil masuk goa jutidak nya,negatif
gua evos fams dukung alter ego hand pink waving,netral
kok kalah sih layla pleading face sama alfa,negatif
onic bismillah,positif
biasakan memangood tidakmeil rinz dentidakn sebutan king,negatif
alter egoo go go goo,netral
yok yok,netral
kapan final evos vs rrq,netral
lamo,negatif
petidakng perkataan gw alter ego ntidakntidakat pialanya,negatif
gua rrq dukung onic,netral
berikan terbaik alter ego kudukung selalu semotidak menang,positif
oonniicc,negatif
alter ego onic,negatif
kalau prediksi ku menang alter ego,negatif
evos dukung alter ego tandanya tidak terima tertawatertawa,negatif
welcam tuh epos ribzz,positif
buja g,negatif
ayo onic,netral
jam kli,netral
go go go alter ego,negatif
piks onic menangood tidakme,negatif
rrq kapan main bang gw mau liat rrq juara malam hari bismillah,netral
alter ego kalah,negatif
ppk,netral
tidaks alter ego salam dri evos semotidak juara baruu aminn,positif
onic kalh gw push up kali tertawatertawa,negatif
gogogogogoogogogoalterego,negatif
onic afk aja siksa,negatif
rrq goo,netral
bismillah alter ego juara jantidakn onic mobile legendsu bosen jijik gua tertawaw,negatif
welcom tuh onic rinzz mahall,negatif
mampus egood tidakmepos kalah tertawaktertawaw,negatif
alter ego lose,negatif
tidak level spam cil balik goa jutidak,negatif
alter ego siap kalah lawan king onic,negatif
rrq juaraa,positif
saatnyabalas dendam,negatif
alter ego siap mentidakcak acak sonic,netral
rrq kapan main bang gw mau liat rrq juara hari bismillah yuk temen,netral
mcgood tidakme serius turnamen,negatif
bnn,netral
onic,positif
alter ego menang gua kayang,negatif
req main jam berapa,netral
welcome to onic rinz,netral
udh intinya tidak rrq tidak evos sama badut mending diem,negatif
siapapun juaranya bawa pulang m indonesia,positif
gue onic tapi alter ego,negatif
pikir cr,negatif
all in alter ego nino bukan pens,negatif
rrq main jam yah adik adik,netral
uzb text green tidakme over,positif
alter ego go,netral
oniq kalah gua live colmek,negatif
ayos alter ego muak juara nya onic evos rrq aja paling liquid s,negatif
woi sapa gua dong ges,negatif
winking face with tongue backhand index pointing up,netral
hejin jahat sama mingcun,negatif
udah gf,positif
langsung aja kasih king onic pialanya,netral
tidakda sejarah alter ego kalah sama onic,negatif
evos is back back home,netral
judol noo,negatif
semotidak alter ego juara musim,negatif
alter ego bismillah,netral
taruhan mau tidak sini,negatif
kok rrq malah main lgi guys bntu jawab tah,negatif
admin tidakje chat onic dihapus,netral
penasaran skylar dendam srg,positif
onic bismilah,netral
alter ego menang pleasee gua bangood tidakmea banget lu menang,negatif
banyak karbitan tertawatertawaw,negatif
rrq hari main yah,netral
alter ego menang gua botak live,negatif
diluar arena nobar tidak tu,netral
admin nya kingdom,netral
evos masuk m series langsung juara lah tim lu tidak pernah,positif
evos is backk home,netral
final,positif
alter ego yuk,netral
alter ego menang tidakpapa tapi gw lebih pengen onic,negatif
bingung gua perasaan evos taunt tidak pernah terlalu over dah taunt jutidak paling cuman lambai tantidakn lawan,negatif
muka kya tutolong kacang so taruhan,negatif
kasih onic pialanya langsung biar mingood tidakmeu depan m,netral
apa sih mau lihat komen alter champ sama sonic malah ngomenin tim tidakmasuk,negatif
onic onic ionic,netral
ketik rrq lolos m,netral
pikir terus menuju m,negatif
evos is back homee,netral
kingdom allin alterego,netral
evos vs rrq jam malem,netral
alter ego alter ego kong,negatif
m,netral
alter ego juara mah,positif
nunung uye by one fanny fanny lu jelek tertawa,negatif
alter ego mainnya rapi banget,positif
rrq nungood tidakmei m kink,negatif
admin kongdom jantidakn berisik,negatif
shelterin,positif
hidup rrq,positif
semotidak alter ego hokiu,negatif
allin alter ego yokk,negatif
satu satu nya indoo broo tim lu pda mana punyaa,netral
ketik,netral
juta subscriber,positif
siapapun menang tidakpapa penting indo menang m series,positif
tidak pernah taunt katanya tertawatertawa kocak swalow taun lol,negatif
m,netral
diluar nobar tidak bro,netral
onic udah punya tropi mau ntidakpain punya kasi juara baru lah kalian tk bosan onic juara mulu,negatif
kapan mulai nih,netral
katauan karbitan,negatif
onic nih jt,netral
udah tau lahya bakalan menang siapa,positif
nyebut rrq dsini kon toll kalian semua,negatif
saatnya alter ego mengukir sejarah,netral
komen sampah semua jir,negatif
go alter ego go alter ego goo,netral
aku karna skylar speaking head,netral
gua alter ego,negatif
alter ego menang pleasee,negatif
caper ketik spamm,negatif
kasih piala kink onic,netral
jantidakn kasih kendor onic soalnya prince skylar belum antidakat mpl onic,netral
alter ego onic,negatif
rrq jam brapa,netral
alter ego ayo juara jntidakn onic mulu bosen,negatif
ea,positif
onic jatah m aja,netral
info predik skor onik sama alter ego,netral
mulai jamber,negatif
yeb yeb,negatif
h,positif
menang alter ego the real plot twist face green smiling,netral
rrq main litidak dangdut aja,netral
rrq main m lewat jalur subsidi face with tears of joy face with tears of joy,netral
rrq vs evos malter egon jam malem guys,netral
fomo,positif
onic alter ego,negatif
assalamualaikum final m evos vs rrq,netral
bismillah onic,netral
percaya tidak juaranya onic tebak score onic alter ego text green tidakme over,positif
ayo alter ego,negatif
onic m aja alter ego mpl folded hands,netral
onic alter egor,netral
fomo,positif
rrq m latgo,netral
bismilah onic meng,positif
please alter ego juaranya,negatif
aku mendukung menang aja,positif
raja dunia kok cuma menanf x mikir cil,negatif
bang main byon aja,netral
lh biar seru,positif
rrq apa,negatif
kingdom nangis,negatif
beras min beras,netral
onic poor mact gua alter ego siapa brni,negatif
tertawatertawa,positif
ererqiu main m lewat jalur subsidi face with tears of joy face with tears of joy face with tears of joy,netral
gilaak sanz,negatif
alter ego juara biar tidak bosen onic mulu,positif
alter ego,negatif
bismillah evos menang,positif
kingdom tidakusah nonton udah tidakguna orang goa,negatif
alter ego onic indo pride,netral
evos mana,negatif
alter ego go go goo,netral
astatidak lutpii,negatif
ayo bertaruh sama gue onic vs alter ego,netral
mingcun eyes purple crying,netral
evos lol kalah tertawa,negatif
alter ego mode anak evos,netral
geloo rrq playoff,netral
rrq bracket mana,negatif
alter ego mengukirr sejarahh,negatif
alter ego mode anak evos,netral
gw petidakng alter ego sini jt,negatif
is bak,negatif
onic juara onic juara,positif
onic juara ez,positif
bismillah onic,netral
onic medal yellow first red,netral
nama gw alter,netral
astagfirullah siapa tuh,negatif
yok gua alter ego,negatif
btr kemna yah,netral
kingdom bersama onic alter ego rusuh epos cat,netral
bilang dunia kink alter ego is bek,negatif
onic juara,positif
alter ego black heart red heart white heart,netral
alter ego tidakss bismillahirrahmanirrahim,negatif
onic baba yeb grand final rrq apa masuk goa rolling on the floor laughing,netral
clown face clown face clown face,netral
evos is backk tertawatertawalter egoktertawalter egoktertawalter egokek,negatif
rrq lolos m series,netral
tidak kerasa dah grand final aja,positif
ayo agus gua onic,netral
nama gue mingcun eyes purple crying,netral
tertawatertawa,positif
onic por mact,netral
ban lapu tidak dipick xepher,negatif
erereki badut,negatif
skip,negatif
rrq vs everybody tertawatertawatertawa lemah kalah lawan rrq sendirian,negatif
clown face,positif
onic udh,positif
alter ego menang,negatif
alter ego,negatif
rrq lolos m series,netral
mpl sg guys,netral
onic baba yeb grand final rrq apa masuk goa cat with tears of joy,netral
onic vs alter ego,netral
onic mode badut,negatif
yapping,positif
onic,positif
mingcun pleading face kok kamu jahat sih,negatif
rrq vs everybody tertawatertawatertawa lemah kalah lawan rrq sendirian makanya ntidakjak temen buat musuhin rrq,negatif
rrq selalu hati,positif
it ss onic time,positif
prediksi gw onic bakal menang tidak,netral
prediksi ku sih onic antidakat piala,netral
i s onic time,positif
king alter ego,negatif
bismillah onic antidakat piala,netral
onic,positif
jt alter ego,negatif
yapping face with hand over mouth,netral
lama kalii bahh,negatif
coach yeb turun ni kyany,netral
onic coach yeb grand final rrq apa masuk goa cat with tears of joy,netral
si rrq rrq ntidakpain sih lu tuh dah tidak diajak yee xixixixxi,negatif
alter ego gogogo tidak ajak ksowakkaka,negatif
alter ego jt pd,negatif
onic,positif
alter ego goo,negatif
masa final tampilannya tidak spesial,negatif
king onic,positif
onic hajar alter ego,negatif
onic juara,positif
let go alter ego trophy,netral
kembalilah xin eyes purple crying,netral
alter ego menang,negatif
liat sg mpl tidakda cw tp coach yeb,positif
banyak bacot,negatif
onic juara mpl season,netral
onic coach yeb grand finals rrq apa masuk goa cat with tears of joy,netral
tplh evos is bakk,negatif
udh tidak lolos playoff tidak punya piala inter kaowokw,negatif
rrq,netral
onic teamm,netral
jantidakn karna nino nangis terus kalian mau dukung alter ego,negatif
alter ego ukir sejarah baru,netral
ucok becek,negatif
onci,positif
bismillah onic juara allah aminn,positif
gw sih pengen alter ego juara soalnya bosen onic terus,positif
alterchamps champions person surfing,netral
basah barges,negatif
evos kegoa face with tears of joy face with tears of joy suamiq dukung evos kalau aku pastinya dukung onic dong,positif
siapapun juara tetap,positif
sembiring x lubis,netral
hbs bakal yapping,netral
pleading face xin emang tidak sedih liat rrq sekarang,positif
alter ego pernah menang mpl tidakis,negatif
onic menang nih,positif
rrq main kapan bang,netral
rrq ni boss,netral
bo,negatif
onic jantidakn juara bosen,positif
kembalilah xin pleading face kingdom membutuhkan mu,netral
sekalk rrq tetap rrq red heart,netral
absen player epep,negatif
and wait for the day when the sky will be covered with a visible smoke encompassing all people this is a painful punishment they wil say our lord remove the punishment from us now we are believers,netral
ngood tidakmea ajak,negatif
raihan miring,negatif
kasi pialanya alter ego allah,negatif
keciri kingdom banyak disini,netral
skylar esport,netral
ternyata bukan adi bermasaalh tapi player rrq nya,negatif
landak kalah,negatif
onic go kalahkan alter ego ayam sayur,netral
tandain gua alter ego menang,negatif
gw curitidak alter ego bakal juara,positif
raja setidakla raja,positif
alamak,positif
juta onic,negatif
yokk kasih permainan menetidakntidakan,netral
kira kira sape juara yah,positif
lasommuu,negatif
alter ego inimah,negatif
allah lama,negatif
landak,negatif
sonic ayam,netral
kink evos is back,netral
onic fix juara lah,positif
ntidakpin sedih,negatif
semantidakt alter ego buktikan player lokal bukan player diremehkan,positif
dm guaa sini guaa onic juta,netral
biar ukir sejarah,positif
dukung alter ego full indo,netral
pleading face xin,netral
siapapun menang well deservee,positif
tandain gw evos menang menangis,negatif
derby el kerung,netral
logo m brp,netral
letsgoo alter ego,negatif
alter ego brni taruhan rumah,netral
go pemain indonesia,netral
kasihan liat nino gua jutidak ikut nangis loudly crying face,negatif
bismillah ayo onic yo juara,positif
m won onic id,netral
pusing lihat,negatif
alter ego juara jantidakn onic mulu lag,negatif
go go go alter egoo,netral
xin pleading face,netral
evos is bot,netral
m,netral
alter ego guk guk guk,negatif
go alter ego full indo,netral
evos dukung onic sjaa,netral
harapan gw alter ego si bosen onic mulu,negatif
info casternya,netral
yare,negatif
yalter egorr,negatif
yareuu,positif
jantidakn kasi onic pemain ph,netral
m pecundang,negatif
jam brp mainya,netral
landak kalahh,negatif
jam brapa oyy,netral
yareerree,positif
evos go to goa,netral
ilham bude,netral
menuu uara winking face with tongue backhand index pointing up,netral
goo onic,positif
kasi aja piala nya king rrq,netral
rrq lolos,netral
dukung aja full indo,positif
bukan jam,negatif
bnyk fomo tlph pas jaman echo kmn,netral
mulai tanding jam brpa min,netral
udah kasih ajah piala nya king onic,netral
m bukan,negatif
rrq masuk m coy,netral
alter ego all in semestas,netral
dukung alter ego pasif nya nyala,negatif
mpl id maannaa suaaranyaa,positif
menu,positif
semotidak onic menag lgi,negatif
alter ego juaraa,positif
goo alter ego,negatif
ivos is bakk,negatif
alter ego mah cupu tenang tidakis cuma buat pasif,negatif
kalilah alter ego,negatif
coach yeb onic apa,negatif
anjir boring final,negatif
alter ego gok gok gok,negatif
what time is it is onic time,netral
menu menu menu,netral
a,positif
yo al in alter ego ato koh kokh juara koh,positif
onik juara,positif
kingdom jahat mingood tidakmeir dulu,negatif
epos is bakk,negatif
welcome tu isbacnk evos fans liquid id selamat datang digoa face blue smiling,netral
belum bangun playernya,negatif
tara didinu mpl,netral
alter ego onic apa,negatif
langsung aja kasi alter ego pialanya,netral
alter ego player ph goo,netral
tapi lebih good tidakme kalau alter ego,negatif
timnya tidak lolos playoff sekarang malah ngehina mpl id tertawa cat with tears of joy,negatif
se,positif
goo onic,positif
rrq januari ready to m speaking head,netral
onic sak no,negatif
aku dukung onic si tapi liat perjuantidakn alter ego kek nya alter ego menang,negatif
indo pride,positif
bismilah onic menang,positif
kyrex,positif
bismillah onic menang alloh,positif
semotidak onic menang allha,positif
onic alter ego apa,negatif
pleading face bude aw,positif
geek fam,negatif
ayo alter ego juara,positif
landak jadi badut m,negatif
alter ego alter ego alter ego alter ego,netral
penontonya sepi rolling on the floor laughing rolling on the floor laughing no rrq no beras,negatif
alter ego ai love you,positif
yok yok onic clean swap,netral
goo onic time,positif
hidup alter ego,negatif
onic mau menang mulu tidak muak apa,negatif
tidak rrq rame aja playoff,negatif
kata lucu evos is back,netral
alter ego oni,negatif
tidak nyantidaka alter ego finall,negatif
alter ego juara mpl s,netral
push rank ajalah lamax,negatif
penghuni goa asli pulang kemarin face with tears of joy rolling on the floor laughing,netral
lebih rame tidakda rrq,negatif
mainkan savero face red droopy eyes,netral
onic onic sonic sonic,netral
jantidakn block gw tidak toxic,positif
kata lucu playoff sepi,negatif
bismillah alter ego,netral
alter ego jago,negatif
alter ego,negatif
yareuu,positif
sih jadwalmya pas sholat magrib mulu,negatif
gc bang,negatif
ayo kairi pleading face menang,positif
kata lucu evos goto m bawa pulang piala,netral
ayo bawa nex m,netral
rrq sanji datang sang ceo klarifikasi senang tidaktidakl playoff ditendang face blue smiling,netral
jt alter ego,negatif
kasian kasih alter ego aja,negatif
ayoo onic,positif
savero skypler,netral
onif dm,netral
folded hands onic juara,positif
gbu onic smiling face with halo smiling face with halo,netral
ouh,negatif
alter igo gogogood tidakme,negatif
onic bantai bantai face fuchsia tongue out,negatif
yuiijjhu,positif
gua onic tapi gua dukung alter ego,negatif
mana wa mu,negatif
rrq main kapan,netral
loudly crying face loudly crying face loudly crying face,netral
goo onic,positif
kasi aja kin rrq,netral
alter ego full indo kerenn,positif
epos is bak,negatif
alter ego menang lah onic mulu anj,negatif
kalau onic jadi badut m terus tim lu tidak lolos playoff apa cat with tears of joy,negatif
tetap rrq,positif
onic apa alter ego nih ges,negatif
rrq main kapan,netral
sapa hayo menangood tidakme,negatif
semantidakt onic,positif
ar ar qiu main kapan,netral
pleading face tolongs kairi menang,positif
rrq malter egon jm brapa,negatif
rrq onic,negatif
menang alter ego ni,negatif
ipos is bak,negatif
gua percaya sama lu alter ego,negatif
tolongs onic mng,negatif
bismilahh onic,positif
rrq kapan,netral
pengen alter ego juara tapi sisi mau lihat bangler juara,negatif
liquid team flexed biceps but onic id is prime start now shushing face,netral
ayoo alter ego antidakat piala alter ego,negatif
onic goo,positif
onic otww juaraa kidss,positif
kesempatan buat alter ego dpt piala bismillah,netral
v,negatif
onic timee,positif
lihat,netral
king alter ego nih boss,negatif
evos evos evos,netral
rrq juara brapa tidakes,positif
kasi alter ego meanang lah bosen onic mulu,negatif
alter ego jendol,negatif
onic main kakek aja,negatif
dapet jalur undantidakn mana nih,netral
onic ngecheat,negatif
onic putraa,netral
alter ego juara percaxa gw,positif
onic bantai bantai face fuchsia tongue out cat orange whistling,netral
gua onic sejuta aja wa,netral
lamawaawaa,negatif
rrq juara lomba sendok,netral
november n nya apa,negatif
onic kuat banget tapi alter ego hero pool nya banyak final bakal seru face fuchsia wide eyes,positif
alter ego mengukir sejarah,netral
alter ego juara percaya dah,positif
air air apa tidak lolos playoff face with hand over mouth,negatif
isikan alter ego antidakat piala trophy,netral
lucu banget bilang evos is back,positif
kebanyakan iklan mmk,negatif
rrq jokowi,netral
onic darksistem loudly crying face,netral
onic onic onic,negatif
nic alter ego,negatif
red heart alter ego kalah menang udah biasa penting usaha person gesturing no,negatif
onic jt,netral
gua yakin alter ego is back les go,positif
air air que,netral
feeling ku alter ego ngood tidakmea sih,negatif
goo onic,positif
pengen liat albert vs skylar grandfinal tapi nino keren loyal jutidak layak grandfinal,negatif
onic fixx juara,positif
alter ego tidaksaakk,negatif
onic yes,positif
bismillah pila punya alter ego hari amin,positif
siapapun juara dukung indonesia m,positif
king onic antidakat piala face fuchsia tongue out cat orange whistling face blue wide eyes,netral
semotidak onic menang,positif
gue petidakng onic kalau tidak,negatif
onic goo goo,positif
alter egoo go go goo,netral
alter ego bot,negatif
kasih aja piala nya onic,netral
onic juaraa tandainn guaa,positif
nonton kebanyakan tim evos suka menghina,negatif
lama banget minn,negatif
good tidakme srg,positif
onic doms,positif
semotidak alter ego antidakat piala,negatif
goo alter egoe,negatif
washhands,positif
skylar juara bersama onic,netral
tebak skor menang alter ego,netral
congratulatuion onic back to back champion mpl id s,positif
hoi,negatif
secret,positif
onic clown face clown face,netral
good tidakme onic ph,positif
keluartidak hati,negatif
kairi kumar kumar,negatif
congratulatuion onic back to back champion mpl id s,positif
rrq vs evos,netral
bismillah alter ego relieved face,netral
aja nungood tidakmeuin orang pulng kerja biar nonton rame hha,negatif
rrq antidakat trophy trophy yellow smiling,netral
rrq malter egon jan,negatif
ngehina onic kongdom iri,negatif
good tidakme rrq main jam berpa,positif
alter egoe alter egoe,negatif
go alter ego go,netral
alter ego gogogogo,negatif
sini alter ego jt,negatif
anjay rrq masuk final,negatif
banteng hitam alter egoo goo go go,negatif
badut asli tidak lolos playoff tidakys clown face,negatif
alter ego megukir sejarah juara mpl indo,netral
rrq menang nisc,netral
alter ego semotidak,negatif
ayo alter ego antidakat pialanya,negatif
tidakseruh nya evos masuk,positif
onic onic onic,negatif
onic yoo,positif
berharap onic juara karna pengen liat skylar antidakat piala tim baru nya semantidakt onic,positif
nino player onic text green tidakme over,netral
sonic lah k nih mau sini sm gue trhan,netral
rrq abis subuh ygy,netral
pengen liat nino antidakat piala trophy yellow smiling,netral
latidak tani onic menang paling mepet satu skor liat aja,netral
onic alter ego,negatif
alter ego antidakat piala,negatif
rrq tim drama mah drama aja,negatif
alter ego menang seru sih,positif
gw petidakng budee rolling on the floor laughing rolling on the floor laughing rolling on the floor laughing,netral
predik sp menang,netral
tingood tidakmeal nungood tidakmeu pasif alter ego doang tertawatertawa,negatif
onic juaraa tandain gue,netral
onic internasional rrq tarkam,netral
onic ayoo bisaa,positif
alter ego yuk,netral
siapapun menang kalian hebat,positif
sonic,netral
allah menantidakanlah onic palms up together,netral
onic alter ego,negatif
alter ego onic,negatif
udah ketauan juaranya,positif
solo kill,negatif
rrq masuk via underground bracket,netral
onic all in,netral
mulai jam berapa cui,netral
go goo onic,positif
rrq,netral
mimin kerja keras rolling on the floor laughing rolling on the floor laughing,positif
rrq main jam berapa,netral
m,netral
goo onic hundred points bismillah onic juara folded hands,netral
rrq beli uduk dulu,netral
mulai jam berapaa,netral
alter ego menciptakan sejarah,netral
alter ego,negatif
goo onic,positif
skin apa cookk,negatif
alter ego onic,negatif
jam mulainya,netral
t menang,positif
mana komen jt tdi,negatif
onic alter ego internasional rrq tarkam,netral
lolos m,positif
knpa jam loudly crying face loudly crying face,negatif
paling songong kalah,negatif
turnamen ntidakret semiskin kh tidakme rolling on the floor laughing,netral
menit lebih mulai nya,netral
simpan aj trophi nya kink rrq,netral
lah mundur,negatif
go faker,negatif
onic juara,positif
njir skin layla,negatif
bismillah onic juara mpl id s,netral
onic id badut mseries,netral
lestgo onic,netral
mulai jam berapa woii,netral
bangun pemudi pemuda,positif
its onic timee,positif
alter ego go go goo onic,netral
alter ego lah masak onic juara onic trllu toxi,negatif
go alter ego jantidakn kasih skylar piala,netral
langsung aja pialanya buat rrq,netral
onic,positif
nya menang face blue smiling hand pink waving,positif
mana,negatif
onoc,positif
rrq main jam kapan,netral
alter ego meme q,negatif
onic tidak juara petidakng kata gw,negatif
for alter ego,negatif
bismillah rrq juara m trophy yellow smiling,netral
arfy kandangin skylarr,netral
komennya bocil semua face with tears of joy face with tears of joy face with tears of joy,netral
lest goo,netral
hina alter ego biar fasifnya nyala,negatif
kapan pak ap ditidaknti,netral
xixixiixi,positif
tutup komen provok dentidakn,negatif
gua fans tapi gua pengen liat alter ego juara kasian ko delwyn meskipun atidak emosi karna evos pulang,negatif
kasih alter ego tidak sih kasian blm dpt nih mpl,negatif
siapapun juara mpl nya bawa pulang m nya,positif
final nya lokal vs badut,negatif
bismillahirrahmanirrahim onic juara,positif
kasi aja langsung pialanyake onic,netral
rrq badut international,negatif
komunitas mobile legends udah rusak tertawa,negatif
kongdom iri sampe ntidaktain onic,negatif
rrq main jam pagi,netral
situ m series,netral
lawak banyak bilang rrq juara lol,positif
woii gc woi keburu magrib,negatif
vos,positif
dukung alter ego dulu rrq tidak lolos hand orange covering eyes,netral
lets go alter ego shushing face,netral
respect ajaa onic kalah lawan alter ego thumbs up,negatif
tidakss alter ego,negatif
onic antidakat piala yakin gua beaming face with smiling eyes beaming face with smiling eyes beaming face with smiling eyes beaming face with smiling eyes smiling face with sunglasses,netral
gua onic sejuta ajaa,negatif
lest go rrq,netral
btr main jam berapa,netral
kingdom jadi karbit alter ego,negatif
komen doang tidakada kerjaan,negatif
sepi nih grand final,negatif
melers melers,negatif
badut mpl,negatif
udah kasih aja pialanya rrq,netral
siapapun menang malam ikhlas lahir batin,positif
kasih pialanya rrq,positif
magrib mulu malter egon bg,negatif
dukung rrq final ketik speaking head,netral
ku,positif
bismillah king alter ego juara,positif
tebak skor onic vs alter ego benar rb,netral
sih tidakme menang mah tidaktau dah sama sama kuat cat with tears of joy,negatif
let s go onic,netral
good onic goo alter ego,positif
jantidakn bacot gua sebatidaki alterchamps lihat hasilnya dulu,negatif
mulai jam brpa,netral
rrq main sama natalia,netral
m,netral
ayok alter ego menang,negatif
brisik ndom mau nonton nonton aja tidakusah brisik,negatif
goo onic goo alter ego,negatif
mpl haram,negatif
go go go onic,positif
mulai jam berapa,netral
rrq kapan main bg,netral
kingdom baik ketik,netral
rrq menghilang lane,negatif
rrq vs evos kapan,netral
dukung m tim,netral
epos main kapan min,netral
onic yoppiee,netral
bismilah rrq juara mtolong antidakat piala m,netral
tim jago masuk final hastag tidakusah diajak karna raja lokal,negatif
rrq m,netral
onic mantap,positif
rrq m face with hand over mouth cat with tears of joy,netral
mabar,negatif
let s go onic teamm,netral
rrq juara boss,positif
tetep kawal,positif
searah,positif
onic mesti menang,positif
ketik dukung final rrq speaking head,netral
ribut alay,negatif
tidak lolos playoff aja petantang petenteng,negatif
goo onic,positif
mulai mulai,netral
alter ego gok gok gok gok,negatif
alter champ,netral
rrq punya lemon kagura,netral
mbah kong,positif
landak id jadi badut m,negatif
pp,negatif
onic time goodvibes,positif
kairi mode kumar kumar,netral
rrq goa tidak usah nongood tidakmeol disimi,negatif
banyak aman oknum oknum tertawa,negatif
jam berapa rrq nungood tidakmeuin nih,netral
nenek nya badut,negatif
beritahu semua king alter ego datang party popper party popper party popper,netral
siape todak,negatif
mbh kong,positif
pasif alter ego nyala guis,netral
tidak ad hubuntidakn ama ererki,negatif
bingung mau dukung onic apa alter ego,negatif
mnt lgi guys,negatif
rrq udah m bos nungood tidakmeu final,netral
lil lil lil bahlil,netral
rrq diam aj udh goa banyak bct,negatif
jam,netral
kasih aja pialanya king alter ego,netral
bismillah onic menang skylar dapet piala mpl allah aminn,positif
waktunya alter ego juara,positif
alter ego m rrq,netral
mantapp,positif
go a,positif
rrq goa tidak usah nongood tidakmeol disini,negatif
alter ego bren,negatif
rrq punya lemon jago kagura,netral
sugoii,positif
lamanyo,negatif
prediksi,netral
percuma lolos playoff tapi tidak nyampe grand final tertawatertawatertawaw,negatif
ayam,negatif
draffick nya jam,netral
bising x isi chat nya bocah laknat,negatif
lulu lalala,positif
alter ego juta,negatif
searah se,positif
intidakt alter ego bakal juara,positif
remehin alter ego gua dongood tidakme,negatif
minimal top,positif
rrq diem aja tertawaaotertawa,negatif
bol,negatif
oniic sih menang,positif
tidaks kan,negatif
rrq kapan tanding,netral
sejuta love buat onic semantidakt jutidak buat alter ego kalian sama sama hebat,positif
king evos main jam berapa guys,netral
btr main jam berapa,netral
alterr egoo ketikk,netral
ayam,negatif
m nya apa,negatif
alter ego champions aamiinn,positif
kukira m ternyata,netral
bismillah alter ego juara aminn allah,positif
goa diem aja,negatif
woilah gw kira setentidakh,negatif
woi pangood tidakmeilin kalau rrq main,negatif
minimap top sama lolos playoff,netral
rrq udh final m bg tertawa,positif
mau mulai coy,netral
kalau alter igo menang tonton kan juta orang face turquoise covering eyes,netral
nungood tidakmeu rrq main jam berapa,netral
rasis kingdom,negatif
lama kali,negatif
btr kapan main,negatif
alter ego apa lawan onic,negatif
langsung kasih alter ego ajah,negatif
top masuk m karna indo tuan rumah,positif
lama kalu,negatif
mana rrq,negatif
gua dukung nya thumbs up,positif
onic juara,positif
evos vs onic,netral
orang orang caper,negatif
ban antidaka tertawa,negatif
cat with tears of joy cat with tears of joy,netral
skylar mau antidakat piala m nih,netral
juta lapantidakn,negatif
rrq rrq rrq rrq rrq,netral
jantidakn tanya rrq imani,netral
knp pd ngetik sih,negatif
tungood tidakmeu evos rrq m via undantidakn,netral
match bakal panas,negatif
cemilan tlph cat with tears of joy,netral
alter ego menang gw bakal nguntidakapin perassan gw langsung depan orang tuanya,negatif
aja namanya otaknya anak kecil,negatif
brisik klian semua,negatif
rine main engood tidakmeak yah,negatif
bismillah alter ego juara folded hands,netral
udah tua jadi kongdom hina,negatif
hana ppq,netral
rrq ntar jam subuh,netral
bismillah alter ego juara mpl,netral
bh,positif
terlalu banyak cingcong tidakpenting,negatif
pesan buat kingdom playoff tetep rame tuh,positif
gw mah dukung sipa menang penting ad bawa m indo,positif
lagunya mantap,positif
tidaks alter egoe mpl pertama,negatif
mulainya jam,netral
berisik mulu,negatif
udah onic juara,positif
seru ngetik,positif
yok yok alteregoo goo,netral
uat nanya rrq main jam berapa rrq persiapan m lewat jalur snbp winking face with tongue,netral
suara nya kenceng,positif
pepeqi jam brp bro,netral
sama goa jantidakn saling hujat face with tears of joy face with tears of joy,netral
rrq kapan main,netral
mpl ph selalu gercep woozy face woozy face yawning face,netral
seru banget ngetik,positif
alter ego go go go,netral
ayoo dastaann kamu nonton kan,positif
searah se jam,negatif
good tidakmewell played,positif
ngebacotnya lamaa rolling on the floor laughing,negatif
kairi mode kumar kumar dongood tidakme,negatif
jam berapa mulai,netral
berisik purnomo,negatif
onic,positif
hidup rrq poke,negatif
onic timee,positif
purnomo malu udh tua,negatif
gua petidakng onic jt,netral
finger red number one,netral
tidak sabar,negatif
banyak kali komen,positif
bismillahh onic juaraa,positif
norak begini penonton indo,negatif
ngetik enakin banget,positif
alter ego juara gue uninstall tidakme backhand index pointing down zany face,negatif
yo alter ego yo,negatif
seru banget ngetik,positif
alter ego ayoo juaraa bawa piala nyaa,positif
siapapun juara gw iklhas btw gw sonic,positif
onic semotidak menang,positif
tidaknyantidakan antidaka speaking head speaking head speaking head,netral
rrq mana,negatif
ayoo,positif
onic,positif
kongdom out,netral
ayo onic goo piala trophy,netral
skylar tidak main kh,positif
yok onic kuu,netral
sejarah baru kata rinz,positif
titp yah onic,positif
panass panass panass,negatif
alter ego kayak nya juara,positif
mpl enjoyer siapapun menang buktikan kemampuan strategi terbaik,positif
onic,positif
waktunya alter ego bukan onic,negatif
sonic bosen liat onic juara kingdom bosen liat rrq runner up terus beda kelas cat with tears of joy cat with tears of joy cat with tears of joy,negatif
kairi mode kumar ksi pialanya alter ego aja,negatif
menang final lawan rrq,positif
alter ego nihh booss,negatif
bct aldy yapi,netral
viewer indoogood tidakme nooraakk,negatif
goo oniicc raised fist,negatif
alter ego juara gue uninstall tidakme backhand index pointing down winking face with tongue,negatif
dapet skin harley,positif
respect sepuh goa rrq hoshi,positif
bilang dunia rrq is speaking head,netral
enak banget ngetik siall,positif
sekedar info guys rrq main jam pagi final merebuntukan juara planet namex tonton jt views aliens,netral
alter ego the real kuda hitam season,netral
rrq main jam berapa,netral
rrq jam berapa malter egonnya,negatif
rrq mode ntidaklah dulu boss,netral
apalah purnomo,negatif
rrq udah bukan jamannya,negatif
yoo,positif
anak pinter ngetik,positif
trio sulawesi,netral
ngiseng dulu sono face blue smiling,netral
raikan mimpi mu skylar,negatif
engood tidakmeak se,positif
norak banget ni tim badut,negatif
badut lokal mending badut m,negatif
dukung alter ego komen rrqq,negatif
siapun menang terbaik,positif
nino demngt,negatif
rrq go go go,netral
rrq masuk jalur undantidakn,netral
backhand index pointing up,netral
ntidakpasii fans tim nya katidak lolos play of panas banget,negatif
bismillahirrahmanirrahim menantidakan onic allah aamiin,netral
kalau onic jadi badut m terus tim lu tidak lolos playoff apa cat with tears of joy,negatif
onic champion,positif
ketik fans onic,netral
backhand index pointing up backhand index pointing down,netral
bismillah alter ego,netral
o n i c menyala,netral
kelass,positif
rrq masuk goa evos m,netral
after ego bismilah,netral
raja lama vs calon raja,netral
tenang spam artinya m yagesayaak,positif
alter ego letsgoo,negatif
onic menang bismillah,positif
ph juara,positif
squad sulawesi,positif
king alter ego gini wok,negatif
landak id jadi badut m series zany face,netral
pepeqi,positif
kasi onic aja piala nya,netral
bismillah m tantidakn onic,netral
al alter ego,negatif
rrq masuk m jalur pdbk,netral
m,netral
penuhin komen,negatif
lama woee,negatif
rrq lolo m,netral
gelo rrq grand final brokk,netral
bismillah onic let s goo,netral
menang onic,positif
maleng,negatif
onic champ confirm,netral
bismillah onic menangood tidakme,positif
onic menang,positif
rine main cuyy,negatif
alter ego alter ego,negatif
ez onic alter ego badut m,netral
he maleng,negatif
besok tka,netral
alter ego chmpion,netral
pqq goa aja,netral
onic,positif
onic gogogogoo,netral
langsung kasih piala rrq,positif
kok diam purnomo,negatif
nic we need this,netral
alter ego juta,negatif
enak banget ngetik siall,positif
kon maleng yo,negatif
ketik fans alter ego,netral
butuh juara baru,positif
onic to m,netral
lah mirip nino si ivann jirr,negatif
dukung m kedua tim,netral
dukung siapa,negatif
kata lucu evos isbeck,netral
sepele onic,negatif
sonicvvcv,netral
alter ego,negatif
ketemu ph jutidak keok,negatif
king arfy,positif
bukan si oren si kuning,negatif
fans panass,negatif
tidak sabar ngliat ayang antidakat piala,negatif
alter ego menang trophy,netral
lestgoo tunjukin prince skylarr,netral
jam brp muali nya,netral
landak id badut mseries,netral
letsgoo alter egoe,negatif
face blue three eyes,netral
alter ego jt,negatif
pingin liat alter ego juara tapi disisi pingin liat skylar juara onic,netral
bawa king mu wow btw ngood tidakmeak kalah bro,positif
onic winking face with tongue winking face with tongue,netral
nt alter ego winking face with tongue,netral
spam banyaakk,negatif
onic sudh sering antidakat trophy kasih alter ego aj tidak sih,netral
all in onic,positif
admin kasih piala rrq aja,netral
padu onic,positif
onic check mark button alter ego,netral
mpl ig asw lama banget ajh,negatif
jt petidakng onic,netral
mau king alter ego king onic menaang terserah winking face with tongue backhand index pointing up,netral
onic,positif
siapa menang tidakskeun,negatif
onic all inn,netral
letsgoo alter egoe,negatif
alter ego go go go piala mpl bonus have fun lads,positif
face red droopy eyes lama,negatif
apa anak anak yaa rrq tidak lolos play of face with hand over mouth cat with tears of joy,negatif
mana yahh,negatif
alter ego go go go,netral
alter ego gogo home,netral
letssgoo alter ego,negatif
alter ego is bakk,negatif
eei jantidakn sok asik sama alterchamp cuih,negatif
detik,netral
ahooyy onic,negatif
is rrq time,netral
semotidaka mengood tidakme alter ego allah,negatif
banyak bocil kingdom nyamarr,negatif
go oniv,positif
tiket m berapa,netral
nama allah alter ego kalah,negatif
mana jalur undantidakn m nya kingdom,netral
like dulu,netral
go go home,netral
bismillah alterego alterchamm,netral
ho alterego go face blue smiling,netral
landak id badut m series zany face,netral
alter ego jt,negatif
onic,positif
kasih alter ego tolongs,negatif
okk,positif
bismillah onic juara mpl id s masuk m,netral
bismillah rrq,netral
onic beli srinz biar menang,netral
tidaks,negatif
bismillah alter ego face orange frowning,netral
onic jt,netral
bismillahirahmanirahim semotidak onic menang perjalananya mudahkan amin,positif
kink alter ego tandain,negatif
alter,negatif
goo,positif
tidaks,negatif
aja komen,negatif
it s time onic,positif
go,positif
tidakss onic,negatif
alter ego,negatif
goo,positif
minimal lolos m,netral
ayo,positif
ayo rrq,netral
jantidakn pernah kasih perhatian pad aini ragebaited guys,netral
onic juta nih,netral
alter ego jt lawan,negatif
onic,positif
dentidakn nama allah aku doakan onic manang aminn,positif
yoo,positif
budee,positif
lestgoo,netral
sonic mana suaranya,negatif
karma dulu ketik sekarang tidak lolos playoff mpl menjelang m,negatif
mulai,netral
r,positif
dukung alter ego kebanyakan kingdom,negatif
squad sulawesiroam kiboymid sanzjungle yazukeexp gobsgold skylar,netral
let s goo,netral
goo oniicc,positif
alter ego win,negatif
pengen hp baru samsung,netral
bismillahirrahmanirrahim yaallah semotidak rezekinya alter ego juara mpl id malem,positif
partying face partying face partying face,netral
feeling gw alter ego menang ni,negatif
udh diramal sma alter ego juara cetak sejarah,positif
halo rrq,netral
onic yono,positif
mainin srinz,negatif
menang lawan rrq,positif
lovee youu,positif
tipis and trik,netral
alter ego t,negatif
menang tetap onic tapi sanz skylar lumpuh kan pemenang alter ego,negatif
main jam betapa sih,negatif
onic nih jt folded hands,netral
rr,negatif
alter ego jt,negatif
bismillah alter ego juara go go,netral
onic juta,positif
lama banget dah,negatif
goo oniicc,positif
semotidak alter ego menang amin onic badut lokal,negatif
bismilah go alter egoe,netral
alter ego nih juta,negatif
landak id the real badut mseries,netral
kalau new champ,netral
sini alter ego satu juta,negatif
kapan saldo gopay gratis,netral
ngetik nya jantidakn nangis mposs cat orange whistling face blue smiling,negatif
kasih alter ego aja lah kasih menukir sejarah,negatif
all in onic bisaa nihh juara lagii letsgoo,positif
alter ego juta,negatif
alter ego champ,negatif
pilih merah apa kuning,netral
bismilah alter ego,negatif
alter ego lets goo,netral
rrq mendem aje goa,negatif
onic juta,positif
onic jt red exclamation mark red exclamation mark red exclamation mark red exclamation mark double exclamation mark double exclamation mark double exclamation mark double exclamation mark double exclamation mark double exclamation mark double exclamation mark double exclamation mark double exclamation mark double exclamation mark double exclamation mark double exclamation mark,netral
rrq juara rill,positif
alter egoo,negatif
kasih tontonan seru,positif
rrq juara m percayalah,positif
rrq bisaa,netral
wow,positif
onik kalah,negatif
egoo,negatif
all in alter egoe,negatif
bantu,positif
rrq main jam brp bang,netral
alter ego nih jt lawan,negatif
dukung lh alter ego onic tidak apanya elbowcough,negatif
rrq main jam berapa bang,netral
tidaks onic juta mana ayo,negatif
keren,positif
serius aja onic nih jta,negatif
onic m,netral
jirr banyak kongdom ternyata ntidakdu domba disini rolling on the floor laughing rolling on the floor laughing rolling on the floor laughing,netral
go alter ego gooik,negatif
bis,positif
lets goo alter egoe,netral
hbis ni kabar onic bawa piala m face savoring food,netral
sabar kocak kan dah jadwalnya gmn sih,positif
alter ego tolongs,negatif
bissmillah alter ego palms up together,netral
kairii,positif
coment pick fans evos tertawa penyakt hati,netral
lama cuki,negatif
alter egogogo,negatif
yah kena prank,negatif
banyak bener stiker,positif
trilion onic,positif
tertawatertawaw tidak muntidakin cuma modal dor dor main m tertawatertawa,negatif
alter ego juara suapaya engood tidakmea aja menang raja baru,negatif
alter ego time,negatif
udah onic sih,negatif
yok double champion onic id,netral
alter ego jt lawan,negatif
sini gua onic juta,negatif
googo rrq,netral
alter ego menang,negatif
penting punya msc,positif
onic,positif
ayo pasep,positif
onic,positif
rrq m let s go,netral
iphone pro pilihan terbaikmu,positif
alter ego jt,negatif
bismillah onic,netral
onic woman dancing,netral
ayoo alter ego bisaa,negatif
ikn,positif
letsgo alter ego,negatif
goaa jarintidakn yaa,netral
gogo alterigo,netral
epos,negatif
petidakng alter ego jt ayo siapa lawan,negatif
lama ah mobile legendss,negatif
salah pilih lokasi playoff,negatif
air air apa tidak masuk po,negatif
gc,positif
oneii,positif
yok yok alter ego juara go go goo,netral
viva ererqiu,netral
rrq main sctv main film jdul nya badut mpl,netral
onic cc cc,netral
tidakyakin onic menang,negatif
bantu ketik,netral
kapan dah main yah,netral
kiboyy,positif
bismillah onic juara yaallah,positif
bude clara,netral
anak alter ego tidak duit,negatif
alter ego onic goo,netral
sejarah baru alter ego,netral
rrq nih bos,netral
gua dukung semuanya siapapun menang antidakat kepala kalian buktikan kalian pantas jadi pejuang m kalah this is not the end raihlah piala m region indo senantidakt,positif
akankah piala onic piala pertama alter ego,netral
epos paling sering face with tears of joy face with tears of joy face with tears of joy,netral
alter ego mode play off,netral
alter ego juara,positif
pas timnya kalah ngilang pastituh taruhan tertawa,negatif
dilema mau dukung onic alter ego suka semuanya melting face,negatif
evos ayam,negatif
jt onic,netral
yuk bs yok,netral
luthpii,positif
rb onic nih lawan,netral
punya msc rrq punya apa,negatif
goa jarintidakn,netral
onic juara mpl,positif
jt alter ego,negatif
alter ego jt,negatif
dukung menang,positif
tidakss onic juta sini gw tampung,negatif
onic badut terus tim kalah onic apa dong,negatif
piala m udah kantongin rrq boss cat with tears of joy cat with tears of joy cat with tears of joy,netral
duelan alter egovsonic w onic jt,netral
alter ego kali aja folded hands folded hands folded hands,negatif
sampah semua komenan mpl id face with tears of joy,negatif
terlalu banyak iklan,negatif
aku mau alter ego menang,positif
apa hubuntidakn masuk m sama tidak lolos playoff bocil fomo,negatif
berarti hijume kali final yak,positif
gelo geloo,negatif
toxic hei,negatif
elbowcough,positif
purnomo badut rrq love you gesture money mouth face,netral
bismillah alter ego juara allah,positif
tolongs kasih alter ego dong piala nya onic,negatif
ban lapu,negatif
onic punya msc rrq punya apa,netral
sanzz,positif
hidup jokowii,positif
haii,negatif
baru dateng,netral
kasih alter ego meang,negatif
onic gogogo ghost,negatif
tidakss juta onic,negatif
rrq udh nungood tidakmeu final m,netral
onik juara skyler ntidakntidaket piala mpl trophy yellow smiling,netral
rrq main jam berapa sih bertanya dentidakn nada tingood tidakmei,netral
tandain gw onic alter ego,negatif
juara baru let go alter ego,positif
my kairi face with tongue backhand index pointing up,netral
hedgehog,negatif
allah semotidak bang ler juara pertama nya tim onic juara m amin,positif
rrq badut mpl,negatif
kata ererqi alter ego tidakda tidakmeplay,negatif
alter ego,negatif
hand pink waving hand purple blue peace,netral
yeb tolongin yeb,negatif
alterchamp handshake sonic jantidakn mau disusupin,netral
pulantidakan oniicc,netral
ngetik nya jantidakn nangis dekk mposs cat orange whistling face blue smiling,negatif
pp,negatif
pleading face,positif
rrq juara m,positif
sepi,negatif
bismillah alter ego juara allah folded hands,netral
bau alter ego juara,negatif
kasih alter ego menang tolongs,negatif
ayo onic,netral
good luckk onic,positif
jam berapa main,netral
anjay rame banget,positif
bismillahirrahmanirrahim allah yok,netral
er er qi main jam berapa bang,netral
barikah,negatif
