timestamp,username,message
2025-11-02 14:56:26,@markxushi,HALO MPL
2025-11-02 14:56:27,@IRVAN_24,gak sesuai jadwal
2025-11-02 14:56:27,@ZyyyElMahir,IT'S ONIC TIME
2025-11-02 14:56:31,@Sandi-or4rd,1556
2025-11-02 14:56:32,@am_I02,jam 17:00 paling lambat jam 7:00 malaem haha
2025-11-02 14:56:32,@ayayna123,jangan bahas yg gk ada
2025-11-02 14:56:32,@Arasyafuady,18:30 ini :rolling_on_the_floor_laughing::rolling_on_the_floor_laughing::rolling_on_the_floor_laughing:
2025-11-02 14:56:32,@insanmuhamad9050,orang di jadwal nya aja 17:30
2025-11-02 14:56:34,@animeplay-j3g,7
2025-11-02 14:56:36,@anton2068,NGARET 4JG
2025-11-02 14:56:37,@daelun_coco,lah masih 2 jam?
2025-11-02 14:56:38,@hardstyle007,mpl id scamming
2025-11-02 14:56:38,@februarga8538,kobtoll
2025-11-02 14:56:39,@Alfandraaa,RRQ MAEN HABIS SUBUH
2025-11-02 14:56:40,@rismahandayani6202,woi kelamaan
2025-11-02 14:56:43,@RioFebrian-fo3pg,kasian EVOS kalah Ama king AE
2025-11-02 14:56:43,@sa1nthowl,TIDUR AJA DULU GESSS MASIH 2 JAM LAGI
2025-11-02 14:56:44,@TheoJavierw,123 its onic time
2025-11-02 14:56:44,@Buzz7-l6d,its onic time:nauseated_face::nauseated_face::nauseated_face::nauseated_face:
2025-11-02 14:56:44,@MunafriAppi,mpl wacana cuki
2025-11-02 14:56:44,@azilahmamat8223,15.30 woi duit bukan 14.30
2025-11-02 14:56:45,@kingsemz,lah katanya 14:30
2025-11-02 14:56:46,@Fikri-i5f,ONIC
2025-11-02 14:56:47,@RezaRyz,hallo
2025-11-02 14:56:47,@AhmadFauzi-u4z9k,PEMBOHONK PUBLIK
2025-11-02 14:56:48,@Sandi-or4rd,15 . 56
2025-11-02 14:56:50,@king-kickk77,MPL NGANTUK KAH??
2025-11-02 14:56:52,@Hanzeditz-2,udh jam 15:56 di bali
2025-11-02 14:56:53,@Wahyusubuh-h9b,onic
2025-11-02 14:56:58,@anton2068,jam 14.30 malam ini kont
2025-11-02 14:56:58,@nisrinaayuu,ada di akun lain uda mulai live
2025-11-02 14:56:58,@Fikri-i5f,IT'S ONIC TIME
2025-11-02 14:56:59,@aqila-x5f,mulai wehh lama kali
2025-11-02 14:56:59,@JamilSaputra-c7l,kalian nunggu apa jam 17:30 kocak
2025-11-02 14:57:00,@phanuwat9143,noob vs noob
2025-11-02 14:57:00,@davidalexsander123,stressss gaush bikin jadwal jam sgini kalo akhir nya maenn nya malemm mahh
2025-11-02 14:57:01,@AidilRamadan-q9j,di undur kocak
2025-11-02 14:57:04,@sa1nthowl,TIDUR AJA DULU GESSS MASIH 2 JAM LAGI
2025-11-02 14:57:04,@StillLearning-z5t,14:30 ????
2025-11-02 14:57:05,@king-kickk77,HARUS NYA JAM 17:30
2025-11-02 14:57:05,@ZikzxcGFX,15:00 guys
2025-11-02 14:57:07,@onic037,palingan antar jam 17.30
2025-11-02 14:57:08,@ayayna123,udah 3ribu yg nungguin loh :loudly_crying_face::loudly_crying_face:
2025-11-02 14:57:10,@aqila-x5f,al in onic
2025-11-02 14:57:10,@Sahrul-q9q,woi manawoi
2025-11-02 14:57:10,@linasuryati6326,", onic"
2025-11-02 14:57:11,@KiboyB,Lah gw kira telat
2025-11-02 14:57:12,@joko7765-j6o,kocak udah hampir jam 3 ini
2025-11-02 14:57:16,@linasuryati6326,kapan we
2025-11-02 14:57:26,@muadzzalalludin,Admin tl0l
2025-11-02 14:57:27,@IRVAN_24,jam 15:00 pas keknya
2025-11-02 14:57:27,@Sahrul-q9q,udh 57 ki
2025-11-02 14:57:28,@handel-t9r,17:00 sih ini kek kemarin
2025-11-02 14:57:28,@azzamimamsyauqi1160,MANA INI FINAL OIII
2025-11-02 14:57:28,@axenn-f7g,jam brp?
2025-11-02 14:57:29,@JamilSaputra-c7l,kalian nunggu apa jam 17:30 kocak
2025-11-02 14:57:30,@TriSukawati-il6ft,hadehhh
2025-11-02 14:57:30,@king-kickk77,DI PHP IN SMA ATMIN MPL JIRR:cat_with_tears_of_joy::cat_with_tears_of_joy:
2025-11-02 14:57:31,@hardstyle007,dia scam bagi sidai ramai2
2025-11-02 14:57:32,@JamilSaputra-c7l,kalian nunggu apa jam 17:30 kocak
2025-11-02 14:57:34,@geming720,kapan mulai nya woy
2025-11-02 14:57:34,@adityawijaya065,mpl kocak
2025-11-02 14:57:34,@linasuryati6326,dah lewat jam nih
2025-11-02 14:57:37,@JoeyJordisonAkbar,C3
2025-11-02 14:57:38,@dhekagiseladamaragistano1112,"14:30 , woiiii tepat waktu napa?"
2025-11-02 14:57:38,@AidilRamadan-q9j,yang bilang cemilan pH.. Pindah aja lu ke ph
2025-11-02 14:57:40,@TriSukawati-il6ft,udh yappingnya
2025-11-02 14:57:42,@azzam6767,di Papua udh jam 16.48
2025-11-02 14:57:44,@phanuwat9143,ez server vs ez server
2025-11-02 14:57:44,@animeplay-j3g,nahh
2025-11-02 14:57:47,@IRVAN_24,akhirnya
2025-11-02 14:57:47,@IzzGanzz,akhirnya wkwk
2025-11-02 14:57:47,@Sijoo_24,batu mulai
2025-11-02 14:57:50,@ndaa_8585,udah
2025-11-02 14:57:51,@Azriiell-f,ATMIN NGAPIN SIH
2025-11-02 14:57:52,@asta7975,ngaret
2025-11-02 14:57:52,@irfanabdurrahman6170,gelo 
2025-11-02 14:57:53,@SalehSaleh-f8u,go onic time :hedgehog::red_heart:
2025-11-02 14:57:54,@nojeell,sabar
2025-11-02 14:57:55,@Rayhan_2404,gelooo cendol
2025-11-02 14:57:56,@TriSukawati-il6ft,nah
2025-11-02 14:57:56,@joem.pandeirot4720,14:30?
2025-11-02 14:57:57,@Penikmat_Musik.,let's Go
2025-11-02 14:57:58,@yuvansyah9891,aeae
2025-11-02 14:57:58,@ayayna123,iklan nya lamaaa
2025-11-02 14:57:58,@Critianomessironaldo,yeszzz
2025-11-02 14:57:59,@andra_sptra7249,maen ny jm 17:30
2025-11-02 14:58:01,@shlazzh,akhirnya
2025-11-02 14:58:01,@Sahrul-q9q,nah tuh bru
2025-11-02 14:58:02,@SalehSaleh-f8u,go onic time :hedgehog::red_heart:
2025-11-02 14:58:04,@hafizul101,ok
2025-11-02 14:58:05,@asta7975,ngaret woi
2025-11-02 14:58:05,@fikotamatoys3827,onic kroco
2025-11-02 14:58:06,@sa1nthowl,INI LU MANADO JAKARTA JUGA BELOM MULAI NIH MPL
2025-11-02 14:58:06,@adrianavriliansyah2452,NAH
2025-11-02 14:58:06,@Devinaoktaviani-z6f,akhirnya
2025-11-02 14:58:06,@IRVAN_24,sapa tadi bilang jam 17:00
2025-11-02 14:58:07,@shlazzh,lama banget
2025-11-02 14:58:07,@ngurah919,LEts goooo AEEEEE
2025-11-02 14:58:07,@Anakbaik89,woilah harus nunggu 18 mnit
2025-11-02 14:58:07,@ShiMietung-f8n,yang bener jam berapa tot
2025-11-02 14:58:08,@ahmadfajar-c6u,ae mbapuk
2025-11-02 14:58:08,@hardstyle007,hahah kene scammed baru on lagu
2025-11-02 14:58:09,@Sahrul-q9q,baru yanyi yanyi sampe setengah jam
2025-11-02 14:58:09,@sahirputra,liat postingan terbaru mpl jam 17:00 mulainya
2025-11-02 14:58:09,@ngurah919,AE
2025-11-02 14:58:09,@kamilaismatul9507,BISMILLAHH ONIC 
2025-11-02 14:58:10,@D1ckyy,AE
2025-11-02 14:58:10,@Agung2208-h7k,kapan rrq main
2025-11-02 14:58:11,@ngurah919,AE
2025-11-02 14:58:11,@hardstyle007,hahaha
2025-11-02 14:58:11,@meilinndaaa,ngaret weee
2025-11-02 14:58:11,@ngurah919, AE
2025-11-02 14:58:12,@Azriiell-f,woi cendy pulang
2025-11-02 14:58:12,@ngurah919,AE
2025-11-02 14:58:12,@nafisahqurratuayun9197,Mulai gapenting dlu iniii. Nanti jam 17.30 baru match nya
2025-11-02 14:58:12,@ngurah919,AE
2025-11-02 14:58:13,@ngurah919,ae
2025-11-02 14:58:13,@SalehSaleh-f8u,go onic time :hedgehog::red_heart:
2025-11-02 14:58:14,@shlazzh,telat setengah jam
2025-11-02 14:58:15,@ahmadfajar-c6u,ae mbapuk
2025-11-02 14:58:17,@fikotamatoys3827,onic kroco
2025-11-02 14:58:17,@LiYa-yc3rs,bismillah onic 
2025-11-02 14:58:18,@ayayna123,selamat menunggu 18mnt lagii :loudly_crying_face:
2025-11-02 14:58:19,@polarbear-v5z,caster nya siapa sekarang?
2025-11-02 14:58:20,@Sahrul-q9q,yanyi dulu 18 menit wkakak
2025-11-02 14:58:21,@BengotAje,ae
2025-11-02 14:58:21,@Devinaoktaviani-z6f,Gooo onic
2025-11-02 14:58:21,@Alfi.agata2975,gw kira gw yg pertama :face_with_tears_of_joy::face_with_tears_of_joy:
2025-11-02 14:58:22,@Critianomessironaldo,onic time
2025-11-02 14:58:23,@asekumar30,ae
2025-11-02 14:58:24,@ahmadfajar-c6u,ae mbapuk
2025-11-02 14:58:24,@frysss0_s1ety,admin hbs makan ayam geprek
2025-11-02 14:58:24,@Critianomessironaldo,gass
2025-11-02 14:58:25,@irfanabdurrahman6170,wkwkkwkwk musuh fans aeron
2025-11-02 14:58:26,@Tahru-fb8xm,7
2025-11-02 14:58:27,@Satoritzy-7,ae
2025-11-02 14:58:28,@ZeX-ries,Let's Go
2025-11-02 14:58:29,@animeplay-j3g,onicc
2025-11-02 14:58:29,@JoeyJordisonAkbar,AE filling gw
2025-11-02 14:58:30,@SalehSaleh-f8u,awas ada AE jadi jadian :rolling_on_the_floor_laughing::face_with_tears_of_joy:
2025-11-02 14:58:30,@ngurah919,LEts GO AE BE THE CHAMPION
2025-11-02 14:58:30,@kepet-w8w,onic 4 ae 1
2025-11-02 14:58:30,@Ferdianyan_yan,gogogo
2025-11-02 14:58:30,@herocover7112,yos
2025-11-02 14:58:31,@ramadhan-f1p,ONIC
2025-11-02 14:58:33,@yelloow.1n,ADA CENDYYYYYYY
2025-11-02 14:58:34,@YelfiNengsih,gas AE yakin menang
2025-11-02 14:58:34,@Agung-w7d,alter ego akan mengukir sejarah
2025-11-02 14:58:34,@SURYA16SURYA16-l6u,ngopi dlu sambil nunggu
2025-11-02 14:58:34,@ZeX-ries,AE
2025-11-02 14:58:34,@Skyrenn_rrq,"Ayoo onic, goo onic"
2025-11-02 14:58:35,@frysss0_s1ety,goo onic
2025-11-02 14:58:35,@kyy-l4r,JIR BANG CENDY
2025-11-02 14:58:36,@ZeX-ries,ONIC
2025-11-02 14:58:36,@ahmadfajar-c6u,ae mbapuk
2025-11-02 14:58:38,@hafizul101,SEMANGAT ALTER EGO SALAM DARI MALAYSIA
2025-11-02 14:58:38,@gamebenk4120,7
2025-11-02 14:58:39,@KhairanAkbar-f7k,ae
2025-11-02 14:58:40,@GufronJr-y4r,bismillah Skylar pegang piala mpl
2025-11-02 14:58:40,@Satoritzy-7,onic
2025-11-02 14:58:40,@Tahru-fb8xm,7
2025-11-02 14:58:40,@jalilguarfeld1958,kekny jm 4 mulai matchny
2025-11-02 14:58:41,@mmmmiiEe,LET'S GOOOOOO
2025-11-02 14:58:42,@agus09z,"final seru, sama kuat, tp yg lebih kuat yg bakal jadi juara"
2025-11-02 14:58:42,@hardstyle007,dari tadi 18 minutes
2025-11-02 14:58:42,@IlmanSaputra-m5n,bissmilaah onci gooo
2025-11-02 14:58:42,@Cold-yw21n,15.30 katanya mulai ini udh mau jam 3 blum apa apa
2025-11-02 14:58:43,@asekumar30,gooo AE
2025-11-02 14:58:44,@IRVAN_24,ini mainnya jam 4 keknya
2025-11-02 14:58:44,@RRQ-R-nya-runner-up,RRQ main jam brpa
2025-11-02 14:58:45,@Tahru-fb8xm,7
2025-11-02 14:58:45,@jati1111id,AE letsgoooo
2025-11-02 14:58:45,@ngurah919,ALTER EGO GO GO GO!
2025-11-02 14:58:46,@gamebenk4120,7
2025-11-02 14:58:47,@cazorllaofficialyoutube,min ada clip di YouTube orang kalo grand final Uda main
2025-11-02 14:58:48,@ruhuljibril2508,RRQ GOA
2025-11-02 14:58:49,@nova_amelia12,Goooooo ONIC
2025-11-02 14:58:49,@yoihhhh-xv2yh,AE PULANG AJA
2025-11-02 14:58:49,@nointention1641,7
2025-11-02 14:58:50,@Tahru-fb8xm,7
2025-11-02 14:58:50,@ayayna123,semangat landak lucu :red_heart:
2025-11-02 14:58:51,@arief29X,intinya membohongi publik
2025-11-02 14:58:51,@biggboss1210,AE go go go
2025-11-02 14:58:52,@Devinaoktaviani-z6f,Onic pasti menang
2025-11-02 14:58:53,@gamebenk4120,7
2025-11-02 14:58:53,@kimdcyoxn12,ONIC
2025-11-02 14:58:53,@TriSukawati-il6ft,what it’s time
2025-11-02 14:58:54,@BayuIlyasa-p6w1r,goo sonic
2025-11-02 14:58:54,@M.rizkiarbi,bismillah semoga masih onic :pleading_face::pleading_face:
2025-11-02 14:58:55,@faqihaja9247,TERSERAH YANG MENANG TIM APA KARNA DUADUANYA TIM FAVORIT KU
2025-11-02 14:58:59,@ayayna123,semangat landak lucu :red_heart:
2025-11-02 14:58:59,@gamebenk4120,7
2025-11-02 14:58:59,@Tahru-fb8xm,7
2025-11-02 14:59:00,@VivoImam-e6c,bismillah AE
2025-11-02 14:59:00,@SalehSaleh-f8u,awas ada AE jadi jadian :winking_face:
2025-11-02 14:59:01,@AlhidayatxQol,7
2025-11-02 14:59:01,@BimaElSharawy,ITS ONIC TIME
2025-11-02 14:59:02,@Skyrenn_rrq,It's onic time
2025-11-02 14:59:03,@TriSukawati-il6ft,its onic timeee
2025-11-02 14:59:04,@asekumar30,ndasmu go go go
2025-11-02 14:59:05,@Alfi.agata2975,BERAS²
2025-11-02 14:59:05,@Freistannnnn,lahh ada cendol wkwkwkwk
2025-11-02 14:59:06,@BimaElSharawy,ITS ONIC TIME
2025-11-02 14:59:07,@AidilRamadan-q9j,Nino maaf koh:face-blue-smiling:
2025-11-02 14:59:09,@gamebenk4120,7
2025-11-02 14:59:09,@StillLearning-z5t,AE
2025-11-02 14:59:09,@banganzz5605,main nyaa JM 17 30
2025-11-02 14:59:10,@somyhorror,lah fun match
2025-11-02 14:59:11,@prioritasku1673,nunggu lagi 3 jam
2025-11-02 14:59:11,@mlbb8467,semangat onic
2025-11-02 14:59:13,@SATRIAboper,semoga onic menang salam dari blangko
2025-11-02 14:59:13,@pointhhh,lama amat 17 menit
2025-11-02 14:59:14,@harlanardiansyah8636,4.1 ONIC JUARAAA CLIP
2025-11-02 14:59:14,@IRVAN_24,:squinting_face_with_tongue::backhand_index_pointing_up:
2025-11-02 14:59:16,@StillLearning-z5t,AE
2025-11-02 14:59:16,@ayayna123,semangat landak lucu :red_heart:
2025-11-02 14:59:17,@jati1111id,letsgooo AE
2025-11-02 14:59:17,@PEJUANGHOKI300,ONIC LEST GO
2025-11-02 14:59:18,@gamebenk4120,7
2025-11-02 14:59:19,@agus09z,magrib ini mah mulainya guys
2025-11-02 14:59:20,@Bungsuadihartanto,tenang onic juara ini
2025-11-02 14:59:20,@HudaSyawal,Ae go go go
2025-11-02 14:59:22,@MandalaSovan-bq7qj,APA INI KOK ADA CENDY
2025-11-02 14:59:27,@M.rizkiarbi,YOK ONIC BISAAAA
2025-11-02 14:59:28,@prioritasku1673,NUNGGU LAGI 3 JAM
2025-11-02 14:59:28,@KAIIPARKER_966,masih lama kah ini
2025-11-02 14:59:29,@romdoni07,"kebanyakan mereka yang sarkas player.... itu sebenarnya mereka iri ke player, bisa maen game terus dapet gaji lagi"
2025-11-02 14:59:30,@StephanusAlberto,Berharap onic juara sih
2025-11-02 14:59:31,@Tahru-fb8xm,7
2025-11-02 14:59:31,@Devinaoktaviani-z6f,yang dukung onic mana suaranya
2025-11-02 14:59:32,@blood-m8u,bismillahirrahmanirrahim semoga onic menang
2025-11-02 14:59:32,@opindo34,jam 5 mulainya
2025-11-02 14:59:32,@Historyberanda,"semoga AE juara, biar ada juara baru & warna baru, jangan team itu"" aja yg juara"
2025-11-02 14:59:32,@aciltzy-w4s,4-2
2025-11-02 14:59:33,@TriSukawati-il6ft,GASABAR LIAT SKYLAR JUARA DI ONICCC
2025-11-02 14:59:34,@Bungsuadihartanto,onic ini
2025-11-02 14:59:35,@MuhammadArull-ou8hi,MULAINYA JAM BERAPA WOII?
2025-11-02 14:59:35,@kaell21-g8n,akhirnya lipe
2025-11-02 14:59:37,@Ferdianyan_yan,onic time
2025-11-02 14:59:37,@jati1111id,LETSGOO AE
2025-11-02 14:59:37,@yanbiann,lets goo kink AE vs SkyKing Onic
2025-11-02 14:59:37,@ayayna123,semangat landak lucu :red_heart:
2025-11-02 14:59:37,@Tahru-fb8xm,VII
2025-11-02 14:59:38,@harlanardiansyah8636,4.1
2025-11-02 14:59:38,@MuhammadMunawar-z3r,ONIC
2025-11-02 14:59:39,@DavaFc-g5j,onic bisa 4.1
2025-11-02 14:59:39,@Furufiru,yok ae bisa yok
2025-11-02 14:59:40,@WRedblack,sepi ga ada King RRQ
2025-11-02 14:59:40,@PEJUANGHOKI300,7
2025-11-02 14:59:46,@Sai_Lendra,AE mau pulang sendiri apa di pulangin onic??
2025-11-02 14:59:46,@Historyberanda,"semoga AE juara, biar ada juara baru & warna baru, jangan team itu"" aja yg juara"
2025-11-02 14:59:46,@oziozi7006,AE lokal pride
2025-11-02 14:59:46,@StillLearning-z5t,ALTER EGO
2025-11-02 14:59:47,@KAIIPARKER_966,jir lama bgt 3 jam
2025-11-02 14:59:47,@cbolchuloooo,lama amat
2025-11-02 14:59:49,@XiuiXuiu,AE
2025-11-02 14:59:49,@MogonyegetgyuguMonyet-xb1jy,kapan mulainya woi
2025-11-02 14:59:50,@RezkyCell-b2y,kalau lihat permainan akan ada juara baru ini season 16!
2025-11-02 14:59:52,@prioritasku1673,NUNGGU LAGI 3 JAM
2025-11-02 14:59:52,@AureliaRahma-n4o,ONICCCCCCC!!!!!!!!!!!!!!
2025-11-02 14:59:52,@panjikencana3760,AE
2025-11-02 14:59:52,@StillLearning-z5t,ALTER EGO
2025-11-02 14:59:53,@pemula0795,alter ego go go go
2025-11-02 14:59:53,@jalilguarfeld1958,16 mnt belun ngobrol
2025-11-02 14:59:53,@ayayna123,semangat landak lucu :red_heart:
2025-11-02 14:59:54,@muhammadrifqi-z2y,ae AE AE Aeeeee
2025-11-02 14:59:57,@nommaulana29,ae juara
2025-11-02 14:59:58,@StillLearning-z5t,ALTER EGO
2025-11-02 15:00:00,@Tahru-fb8xm,7
2025-11-02 15:00:01,@adehermawan4787,BADUT...
2025-11-02 15:00:03,@IRVAN_24,1 kalimat lucu: alter ego akan mengukir sejarah
2025-11-02 15:00:04,@ayayna123,16mnt
2025-11-02 15:00:06,@Arief-I14,dah selesai yaaa
2025-11-02 15:00:06,@Vladzzyd,AE JUARA
2025-11-02 15:00:07,@alamriansyah3874,AE juara yokk bisa
2025-11-02 15:00:07,@kintu_7890,wtf cendy
2025-11-02 15:00:09,@ayayna123,:face-red-droopy-eyes:
2025-11-02 15:00:10,@panjikencana3760,ae
2025-11-02 15:00:12,@Lapiii_25,lama
2025-11-02 15:00:12,@fanzxyzz12-1,onic my heart
2025-11-02 15:00:13,@TarakaArdani,scam
2025-11-02 15:00:15,@prioritasku1673,NUNGGU LAGI 3 JAM
2025-11-02 15:00:18,@nightbot,MPL ID dengan tegas menentang segala bentuk perjudian & mendukung kompetisi yang adil dan berintegritas. Mari kita bangun komunitas yang menghormati nilai-nilai sportivitas dalam dunia esports!
2025-11-02 15:00:19,@TarakaArdani,woi
2025-11-02 15:00:21,@DimasRamadhani-mw8cp,Jam brp grand final mulai?
2025-11-02 15:00:24,@GERRY563,Langsung aja kasih piala mpl nya ke Onic dan piala M7 ke Tlph:face-blue-smiling::face-blue-smiling:
2025-11-02 15:00:28,@estehmanisss356,siap siap king ae angkat piala
2025-11-02 15:00:28,@Shafa122-u1q,jam 5 ;30 masih lama .kok sdah rame aja
2025-11-02 15:00:28,@ayayna123,seganteng itu dibilang badut :face_with_tears_of_joy::face_with_tears_of_joy:
2025-11-02 15:00:30,@Anwar_asli,onic
2025-11-02 15:00:31,@Vladzzyd,ALTER EGO GO GO G
2025-11-02 15:00:33,@JokoTingkir-s6k7t,let's go AE
2025-11-02 15:00:34,@the1n_aqil,TANDAIN GW ONIC JUARA GW BOTAK:pile_of_poo:
2025-11-02 15:00:34,@dlx-i9g,onic
2025-11-02 15:00:34,@ClaraShaumi,ini apaa dulu?
2025-11-02 15:00:34,@nishikhawa,mulai nya kapan dah ini
2025-11-02 15:00:35,@NandaOos,ae
2025-11-02 15:00:36,@GERRY563,Langsung aja kasih piala mpl nya ke Onic dan piala M7 ke Tlph:face-blue-smiling::face-blue-smiling:
2025-11-02 15:00:38,@Devinaoktaviani-z6f,GO GO Onic
2025-11-02 15:00:43,@AeniAinsisi,AE akan mengukir sejarah baru
2025-11-02 15:00:44,@prioritasku1673,NUNGGU LAGI 3 JAM
2025-11-02 15:00:45,@dlx-i9g,rrq juara nih
2025-11-02 15:00:51,@ongki-real,udh Sonic ga usa nonton ae yang bakal juara
2025-11-02 15:00:53,@Vladzzyd,ALTER EGO GO GO GO
2025-11-02 15:00:54,@adehermawan4787,Grandfinal mulai ntar subuh kocak
2025-11-02 15:00:55,@ahmadropy3264,EVOS TANPA EVOS DIVINE GAADA APANYA
2025-11-02 15:00:56,@rexlucida,M7 ny kapan
2025-11-02 15:00:57,@GilbertDaniel-w3q,AE JUARA CATAT
2025-11-02 15:01:03,@TarakaArdani,woi
2025-11-02 15:01:06,@DenyHann,ALTER EGO GO GO GO
2025-11-02 15:01:06,@Gubaygeboy425,dah tau siapa yang juara nya
2025-11-02 15:01:07,@JaluAdiprasetyo,1 jutaan ayok. gw AE
2025-11-02 15:01:07,@Aziz-DJ,lagu Shinbi jier
2025-11-02 15:01:08,@popo_00,ONIC 2 - 1 AE
2025-11-02 15:01:08,@Budi_M,onic lh jls
2025-11-02 15:01:09,@irfanasror46,onic juara lagi
2025-11-02 15:01:10,@GERRY563,Langsung aja kasih piala mpl nya ke Onic dan piala M7 ke Tlph:face-blue-smiling::face-blue-smiling:
2025-11-02 15:01:12,@prioritasku1673,NUNGGU LAGI 3 JAM
2025-11-02 15:01:13,@yogizjalupambayun5237,gas onic
2025-11-02 15:01:13,@IkhsanSurya07,lahhh kok ada bang crispy
2025-11-02 15:01:13,@adebajuriii,ae juara fix
2025-11-02 15:01:14,@6j.envyyshikii,SEMOGA ADA KEJUTAN BUAT AE
2025-11-02 15:01:16,@ayayna123,seketika banyak yg ngaku Sonic :face_with_tears_of_joy:
2025-11-02 15:01:16,@Devinaoktaviani-z6f,Onic juara catat
2025-11-02 15:01:16,@motovlogbhabang646,fans karbitan
2025-11-02 15:01:21,@deouis728, 
2025-11-02 15:01:22,@IRVAN_24,RRQ KAPAN MAIN
2025-11-02 15:01:25,@LewangSkylar-o7y,ONIC
2025-11-02 15:01:26,@moh.raihani5358,skip cendyy
2025-11-02 15:01:26,@GERRY563,Langsung aja kasih piala mpl nya ke Onic dan piala M7 ke Tlph:face-blue-smiling::face-blue-smiling:
2025-11-02 15:01:27,@StephanusAlberto,Ini tentang AE dan Onic. Gak usah bawa tim lain.
2025-11-02 15:01:28,@gerdayudistira-bd4lw,1jta onic
2025-11-02 15:01:32,@ongki-real,"ae cik yang juara, Sonic out aja"
2025-11-02 15:01:34,@abdussomad9971,JM BRP mulai ngab match satu ny
2025-11-02 15:01:34,@nuelzyy,sonic dari lari nek
2025-11-02 15:01:34,@tholetrisnoanarki4872,ssmoga onic lose
2025-11-02 15:01:35,@adehermawan4787,RRQ JUARA DI GOA :rolling_on_the_floor_laughing::rolling_on_the_floor_laughing::rolling_on_the_floor_laughing:
2025-11-02 15:01:35,@Devinaoktaviani-z6f,Onic pasti menangg
2025-11-02 15:01:36,@sarwokogojek4178,ae juara ini
2025-11-02 15:01:38,@abdussomad9971,JM BRP mulai ngab match satu ny
2025-11-02 15:01:39,@zee_idontnow213,onic timee
2025-11-02 15:01:39,@kikiamalia681,dah main ngga sih
2025-11-02 15:01:41,@prioritasku1673,NUNGGU LAGI 3 JAM BARU MULAI
2025-11-02 15:01:41,@KhairiKhairi-uj9nq,kasihh AE aja piala nyaa
2025-11-02 15:01:42,@chaerry_jung5803,jam berapaa main
2025-11-02 15:01:43,@anggreanisupit2222,onic juara tandain guee:red_heart:
2025-11-02 15:01:43,@GERRY563,Langsung aja kasih piala mpl nya ke Onic dan piala M7 ke Tlph:face-blue-smiling::face-blue-smiling:
2025-11-02 15:01:44,@sarwokogojek4178,xepher jenius njir
2025-11-02 15:01:44,@nuelzyy,sonic dari lahir nek
2025-11-02 15:01:45,@yoshuahs17,Diatas ONIC ada AE :rolling_on_the_floor_laughing:
2025-11-02 15:01:45,@TaufikFandores369,bismillah onic
2025-11-02 15:01:45,@Skydenzsigma,jam brp
2025-11-02 15:01:49,@yanz-c7x,ONIC 5JT SINI
2025-11-02 15:01:49,@ApriadiMimin,ONIC PLIS
2025-11-02 15:01:50,@zee_idontnow213,sepi gak disana?
2025-11-02 15:01:51,@ArissPaul-ke5qq,jam brpa ini maen nya
2025-11-02 15:01:52,@HaziziKnight,go ae go ae go
2025-11-02 15:01:52,@GilbertDaniel-w3q,KENAPA AE JUARA ? KERANA AE LAGI ON FIRE AND SUDAH LAMA MENANTI SAAT INI SEDANGKAN ONIC MASI DI POSISI YANG SELESA 
2025-11-02 15:01:53,@OlOl-d2v4c,SAAT NYA AE JUARA!!!!!!
2025-11-02 15:01:54,@TarakaArdani,scam
2025-11-02 15:01:56,@ghanidiningrat12,delwyn atau dellost nih guyss
2025-11-02 15:01:57,@sa1nthowl,@GML556
2025-11-02 15:01:57,@ongki-real,"onic go to goa lah, ae yang juara"
2025-11-02 15:01:57,@Danissafa13,bismillahirrahmanirrahim semoga ONIC juara lagi
2025-11-02 15:02:00,@dangaming-b1u,p
2025-11-02 15:02:00,@TarakaArdani,woi
2025-11-02 15:02:03,@KaleppZ,Kasih yang terbaik aja dari kedua dua team
2025-11-02 15:02:04,@antosuparwanto5431,pegang ERERQ 100 JT all in
2025-11-02 15:02:05,@fery21,rrq ga diundang ya kasihan huahahahhaa
2025-11-02 15:02:05,@Vladzzyd,4-3 AE
2025-11-02 15:02:05,@GERRY563,Langsung aja kasih piala mpl nya ke Onic dan piala M7 ke Tlph:face-blue-smiling::face-blue-smiling:
2025-11-02 15:02:06,@prioritasku1673,3 Jam lagi baru mulai
2025-11-02 15:02:06,@SyamsulKayyis,NT ONIC
2025-11-02 15:02:06,@hatimyasin0812,rrq kapan 
2025-11-02 15:02:08,@densuryo79,AE JUARA
2025-11-02 15:02:10,@TarakaArdani,woi
2025-11-02 15:02:11,@yoshuahs17,AE 4-3 Onic
2025-11-02 15:02:11,@AndoryouAndoryou,aee 50juta
2025-11-02 15:02:12,@ongki-real,onic lose boss
2025-11-02 15:02:12,@Azka_boring467,fans onic berjejer blng anic time
2025-11-02 15:02:13,@ayayna123,ngapain kesian
2025-11-02 15:02:14,@GilbertDaniel-w3q,"CATAT GAISS , AE JUARA"
2025-11-02 15:02:14,@dtab5667,lama kali cok
2025-11-02 15:02:14,@nairaNAna,onic
2025-11-02 15:02:15,@sandyoyye5855,p
2025-11-02 15:02:16,@dangaming-b1u,jam berapa sih mulainya?
2025-11-02 15:02:18,@ZikzxcGFX,rrq main nya jam brp?
2025-11-02 15:02:18,@LewangSkylar-o7y,ONIC SKYLAR
2025-11-02 15:02:19,@nairaNAna,onic
2025-11-02 15:02:20,@sa1nthowl,@GML556
2025-11-02 15:02:22,@ayayna123,fokus diri masing2 aja
2025-11-02 15:02:23,@ongki-real,nt onic
2025-11-02 15:02:24,@GERRY563,Langsung aja kasih piala mpl nya ke Onic dan piala M7 ke Tlph:face-blue-smiling::face-blue-smiling:
2025-11-02 15:02:26,@galdurism,YAPPING
2025-11-02 15:02:27,@RIZAL-ip6ro,4-1
2025-11-02 15:02:29,@ArissPaul-ke5qq,hidupp rrq
2025-11-02 15:02:30,@ibnuhasan7757,ae juara ni
2025-11-02 15:02:30,@akunpribadiv2511,INI YANG NGETIK AE WIN SONIC JMBD
2025-11-02 15:02:31,@sandyoyye5855,savero main
2025-11-02 15:02:36,@erianinursaputri1852,diatas ONIC ADA RRQ
2025-11-02 15:02:36,@SONIC-xo3lv,ada ceban
2025-11-02 15:02:36,@prioritasku1673,3 jam lagi baru mulai
2025-11-02 15:02:38,@Vladzzyd,AE 4-3 ONIC
2025-11-02 15:02:42,@AndoryouAndoryou,aee lah onic udah gbkln juara lagi kemaren dia udah juara ga mungkin juara lagii
2025-11-02 15:02:42,@khairulazmiamy1179,AE gogogogo
2025-11-02 15:02:42,@tjah90s,RRQ JAM BRP MAIN
2025-11-02 15:02:43,@onic037,Sonic kumpul :squinting_face_with_tongue::backhand_index_pointing_up:
2025-11-02 15:02:44,@kingARZ-r2k,onic
2025-11-02 15:02:47,@jackie99jackietop38saIsHa,4-1 AE champion
2025-11-02 15:02:50,@ongki-real,jam 8 mulainya
2025-11-02 15:02:51,@EkaPurwati-k6n,500 onik
2025-11-02 15:02:52,@ayayna123,ngakak bacanya :loudly_crying_face:
2025-11-02 15:02:52,@Oeng.AntekAntek.DEANKT,OPET
2025-11-02 15:02:53,@Ferdiansyah7,alter ego
2025-11-02 15:02:54,@Minolecha,jam brp kak
2025-11-02 15:02:54,@GERRY563,Langsung aja kasih piala mpl nya ke Onic dan piala M7 ke Tlph:face-blue-smiling::face-blue-smiling:
2025-11-02 15:02:55,@kakzenart,main jam brapa?
2025-11-02 15:02:56,@PenjahitDruju,rrq dah juara m7 woyyy
2025-11-02 15:02:58,@intandnc6187,AE 4-1 onic
2025-11-02 15:02:58,@AndoryouAndoryou,hujan ada redah nya cuyy
2025-11-02 15:03:02,@kingARZ-r2k,onic
2025-11-02 15:03:03,@erianinursaputri1852,diatas ONIC ADA RRQ
2025-11-02 15:03:04,@StephanusAlberto,4-2 Onic 
2025-11-02 15:03:04,@ongki-real,jam 6 mulainya
2025-11-02 15:03:07,@taka8209,Ae 4-3 
2025-11-02 15:03:08,@adehermawan4787,FINAL RRQ VS TLID..:rolling_on_the_floor_laughing:
2025-11-02 15:03:08,@TarakaArdani,counter tlph cuman onic ya gays:face_with_hand_over_mouth:
2025-11-02 15:03:09,@kingARZ-r2k,onic
2025-11-02 15:03:10,@KipliLalu,1jt onic
2025-11-02 15:03:11,@prioritasku1673,3 jam lagi baru mulai
2025-11-02 15:03:11,@SalehSaleh-f8u,go onic time :hedgehog::red_heart:
2025-11-02 15:03:14,@ayayna123,semangat landak lucu :red_heart:
2025-11-02 15:03:16,@kingARZ-r2k,onic
2025-11-02 15:03:17,@NiarNur-d6q,t
2025-11-02 15:03:18,@SalehSaleh-f8u,go onic time :hedgehog::red_heart:
2025-11-02 15:03:20,@AFIF_GANTENG698,onic 4-1 ae
2025-11-02 15:03:20,@GilbertDaniel-w3q,"ONIC POSISI UDAH SELESA CUMA BELUM ADA PIALA M SERIES , PIALA MPL UDAH BANYAK KALAU ONIC KALAH SINI PUN NO EFFECT APA APA , AE LAGI ON FIRE JADI AURA NYAA LAGI KUAT"
2025-11-02 15:03:20,@ZikzxcGFX,rrq mainnya jam berapa yak?
2025-11-02 15:03:22,@MRadhezzAlghifari,mat seru ni
2025-11-02 15:03:22,@PenjahitDruju,rrq dah juara m7 woy
2025-11-02 15:03:22,@kingARZ-r2k,onic
2025-11-02 15:03:27,@yoshuahs17,Tandain MVP nya Yazukeeee
2025-11-02 15:03:27,@prioritasku1673,3 jam lagi baru mulai
2025-11-02 15:03:28,@ariawoii2411,misi balas dendam AE ni:face-blue-smiling:
2025-11-02 15:03:29,@SalehSaleh-f8u,go onic time :hedgehog::red_heart:
2025-11-02 15:03:29,@PenjahitDruju,rrq dah juara m7 woy
2025-11-02 15:03:30,@GERRY563,Langsung aja kasih piala mpl nya ke Onic dan piala M7 ke Tlph:face-blue-smiling::face-blue-smiling:
2025-11-02 15:03:31,@kingARZ-r2k,onic
2025-11-02 15:03:32,@TarakaArdani,counter tlph cuman onic ya gays :face_with_hand_over_mouth:
2025-11-02 15:03:35,@SalehSaleh-f8u,go onic time :hedgehog::red_heart:
2025-11-02 15:03:37,@PenjahitDruju,rrq dah juara m7 woy
2025-11-02 15:03:38,@zeroxskun,7
2025-11-02 15:03:38,@kingARZ-r2k,onic
2025-11-02 15:03:38,@TarakaArdani,counter tlph cuman onic ya gays :face_with_hand_over_mouth:
2025-11-02 15:03:42,@erianinursaputri1852,diatas ONIC ADA RRQ
2025-11-02 15:03:42,@StephanusAlberto,Ayok Onic. It’s Onic time.
2025-11-02 15:03:43,@SalehSaleh-f8u,go onic time :hedgehog::red_heart:
2025-11-02 15:03:44,@madani9909,onic menang 4-1
2025-11-02 15:03:45,@kingARZ-r2k,onic
2025-11-02 15:03:45,@deryzgaming,7
2025-11-02 15:03:46,@ayayna123,semangat landak lucu :red_heart:
2025-11-02 15:03:46,@IRVAN_24,12 mnit lagi
2025-11-02 15:03:47,@GERRY563,Langsung aja kasih piala mpl nya ke Onic dan piala M7 ke Tlph:face-blue-smiling::face-blue-smiling:
2025-11-02 15:03:48,@iFF.9,bismillah Onic
2025-11-02 15:03:49,@Eldi691,match jam berapa?
2025-11-02 15:03:50,@kingARZ-r2k,onic
2025-11-02 15:03:50,@UmairohUmai-gq1lo,gooo onic
2025-11-02 15:03:51,@SamiNurelah,ae
2025-11-02 15:03:52,@prioritasku1673,3 jam lagi baru mulai
2025-11-02 15:03:52,@DihifuhiQ,APAKAH AE AKAN MENGULANG APA YG TLID LAKUKAN
2025-11-02 15:03:53,@KamisaltoAyanaon,fun match harusnya undang badut rrq
2025-11-02 15:03:56,@SamiNurelah,gooo ae
2025-11-02 15:03:56,@SalehSaleh-f8u,go onic time :hedgehog::red_heart:
2025-11-02 15:03:57,@PenjahitDruju,rrq dah juara m7 woy
2025-11-02 15:03:57,@Kyy-z6x,semoga Ae menag yaallah
2025-11-02 15:03:57,@kingARZ-r2k,onic
2025-11-02 15:03:57,@NiarNur-d6q,inioc
2025-11-02 15:03:58,@FernandoTzy-s7i,cendy ngapain ya
2025-11-02 15:03:58,@TarakaArdani,counter tlph cuman onic ya gays :face_with_hand_over_mouth:
2025-11-02 15:03:59,@MhmdRamdhan-f5r,BISMILLAH ONIC JUARA
2025-11-02 15:03:59,@wawankurniawan-im3rj,jam 5 main udah live hahaha
2025-11-02 15:04:00,@ZikzxcGFX,kok bawa-bawa rrq dah
2025-11-02 15:04:02,@AlbaniAkbar-y2h,7
2025-11-02 15:04:02,@SamiNurelah,apa itu onicc
2025-11-02 15:04:03,@hendripermana9494,jam brp
2025-11-02 15:04:04,@TarakaArdani,counter tlph cuman onic ya gays :face_with_hand_over_mouth:
2025-11-02 15:04:05,@AlbaniAkbar-y2h,7
2025-11-02 15:04:07,@idoyyskyy,yeahhh 12 mnit lgi
2025-11-02 15:04:07,@AlbaniAkbar-y2h,7
2025-11-02 15:04:07,@asikin_aja-c7o,main jm berapa
2025-11-02 15:04:10,@AlbaniAkbar-y2h,7
2025-11-02 15:04:10,@GERRY563,Langsung aja kasih piala mpl nya ke Onic dan piala M7 ke Tlph:face-blue-smiling::face-blue-smiling:
2025-11-02 15:04:10,@TarakaArdani,counter tlph cuman onic ya gays :face_with_hand_over_mouth:
2025-11-02 15:04:11,@AlbaniAkbar-y2h,7
2025-11-02 15:04:14,@SalehSaleh-f8u,ayo landak kuning :hedgehog:
2025-11-02 15:04:14,@idoyyskyy,GO AEE
2025-11-02 15:04:15,@AwirnaAwirna,FANS FANATIK RRQ MANA NIH WKWKW:face-purple-crying:
2025-11-02 15:04:16,@AgusTiyan-ft7oj,"ayo onic,ayo AE kasih perlawanan yang asik"
2025-11-02 15:04:16,@AsfaAlthaf,Bismillah Semoga ONIC menang:palms_up_together:
2025-11-02 15:04:17,@33_putuadeliaparamithad.82,semangat ae
2025-11-02 15:04:17,@StephanusAlberto,Onic Onic 
2025-11-02 15:04:17,@DwikiAmrul,"king ae siap bantai"""
2025-11-02 15:04:18,@DamYaudah,77
2025-11-02 15:04:18,@Veeskuy,lah ada bang cendol wkwk
2025-11-02 15:04:18,@risetiadi,solat dulu ges
2025-11-02 15:04:19,@prioritasku1673,3 jam lagi baru mulai
2025-11-02 15:04:19,@jazzskieofficial2181,sejarah MPL S6 is bsck
2025-11-02 15:04:21,@SivaaTzy,7
2025-11-02 15:04:22,@yoshuahs17,skylar + kairi dikantongin Yazukeeeeeee
2025-11-02 15:04:23,@adehermawan4787,RRQ DI GOA BELAJAR TEMBAK2 TOY TOY TOY
2025-11-02 15:04:24,@SivaaTzy,7
2025-11-02 15:04:24,@erianinursaputri1852,diatas ONIC ADA RRQ
2025-11-02 15:04:25,@SalehSaleh-f8u,go kairi:red_heart::hedgehog:
2025-11-02 15:04:26,@NurIqbal-r1f,bismillah AE juaraaaa
2025-11-02 15:04:27,@SivaaTzy,7
2025-11-02 15:04:27,@kingARZ-r2k,onic
2025-11-02 15:04:29,@mplindonesia28,mana ini
2025-11-02 15:04:29,@asikin_aja-c7o,main jam berapa
2025-11-02 15:04:31,@maniezgempi3181,semoga onic menang ya Allah :smiling_face_with_halo::folded_hands:
2025-11-02 15:04:32,@kingARZ-r2k,onic
2025-11-02 15:04:34,@aboy705,Mama aku di M7
2025-11-02 15:04:36,@DySan-h3q,AE
2025-11-02 15:04:36,@kingARZ-r2k,onic
2025-11-02 15:04:37,@wilmarlerick5667,mulainya terlalu sore
2025-11-02 15:04:37,@TheDonfarantino,GO AEEE
2025-11-02 15:04:37,@Zidanalfarizqi-j1l,onic m7 bismillah
2025-11-02 15:04:37,@SetiawanWelll,ko blm mulai
2025-11-02 15:04:38,@StephanusAlberto,Onic back to back champions 
2025-11-02 15:04:40,@yudhanugraha1434,7
2025-11-02 15:04:40,@ferlydinan11,10 lembar merah onic
2025-11-02 15:04:40,@kingARZ-r2k,onic
2025-11-02 15:04:41,@Naililll,"AlbaniAkbar caper banget, pasti kurang perhatian dari ortu"
2025-11-02 15:04:42,@prioritasku1673,3 jam lagi baru mulai
2025-11-02 15:04:45,@BellaZamani-l1p,"semoga ini hari keberuntungan buat tim kesukaan ku menang yaitu ""ONIC"""
2025-11-02 15:04:47,@MuhammadAsraf-i7s,onic onic onicc
2025-11-02 15:04:49,@ggusti8541,bismillah semoga ae juara:loudly_crying_face:
2025-11-02 15:04:51,@ZikzxcGFX,RRQ AKAN MENGUKIR SEJARAH
2025-11-02 15:04:52,@itouasahi2685,AYO AE PLISS KALIAN PASTI BISAA
2025-11-02 15:04:52,@sasukegamerz4772,lama njit
2025-11-02 15:04:54,@lifaulazizah,mulai jam 5 ges
2025-11-02 15:04:55,@FeySigma,ae
2025-11-02 15:04:55,@erianinursaputri1852,diatas ONIC ADA RRQ
2025-11-02 15:04:56,@AjixxRanixx,onic onic
2025-11-02 15:04:57,@MuhammadAsraf-i7s,sekali onic tetap onic
2025-11-02 15:04:58,@SiudinUdine,jam brpa main
2025-11-02 15:04:58,@TaufikHidayat-uk5bg,lamaaa
2025-11-02 15:04:59,@marioakbar878,mamah aku di m7
2025-11-02 15:05:00,@Bangkarim-i9i,jam 3
2025-11-02 15:05:03,@prioritasku1673,3 jam lagi baru mulai
2025-11-02 15:05:05,@GERRY563,Langsung aja kasih piala mpl nya ke Onic dan piala M7 ke Tlph:face-blue-smiling::face-blue-smiling:
2025-11-02 15:05:05,@ayayna123,baru baca langsung hilang :face_with_tears_of_joy:
2025-11-02 15:05:06,@alismart8730,onic sama seperti Madrid jarang kalah difinal
2025-11-02 15:05:07,@mikoooooo28,AE BISMILLAH
2025-11-02 15:05:07,@zeinxxx,EZ ONIC INIMAH
2025-11-02 15:05:08,@Devinaoktaviani-z6f,bismillah onic menang
2025-11-02 15:05:09,@SalehSaleh-f8u,sorry end thenk you IT'S MY STAIL
2025-11-02 15:05:09,@cosmicgravy-nn2ny,7
2025-11-02 15:05:12,@TagorHeru,2 juta untuk AE
2025-11-02 15:05:12,@nabilaputri9877,onic
2025-11-02 15:05:14,@Salsabila-v1n9z,ayo itu yang ajak 10 lembar merah gua AE nih
2025-11-02 15:05:15,@ArnoldioNovandro-y8r,mulai jam 5.30 ges
2025-11-02 15:05:15,@cosmicgravy-nn2ny,7
2025-11-02 15:05:17,@Ganzzzzzucihaaaaa23,mulai jam berapa?
2025-11-02 15:05:18,@DikyPurnomo-p6x,10 jt yuk aku penggang AE
2025-11-02 15:05:24,@muhammadrizqy1579,15.15 baru mulai
2025-11-02 15:05:27,@prioritasku1673,3 jam lagi baru mulai
2025-11-02 15:05:27,@BanuTawabina,semoga onic kalah
2025-11-02 15:05:29,@Faiz-k9n,mana notif munn
2025-11-02 15:05:31,@jazzskieofficial2181,Semuanya bilang terima kasih ke sutsujin karena AE dapat M7 atas statement bilang AE gak ada gameplay buktinya AE punya gameplay dan lolos M7
2025-11-02 15:05:36,@zx_ny,5 juta onic
2025-11-02 15:05:39,@ferlydinan11,ayo gua onic
2025-11-02 15:05:40,@DikyPurnomo-p6x,10 jt yuk aku penggang AE
2025-11-02 15:05:42,@KayreisDomleste,jam lima baru mulai
2025-11-02 15:05:46,@prioritasku1673,3 jam lagi baru mulai
2025-11-02 15:05:46,@SalehSaleh-f8u,go onic time :hedgehog::red_heart:
2025-11-02 15:05:47,@eky7739,itu 2 juta ae sini gua tampung :cat-orange-whistling:
2025-11-02 15:05:47,@mrxyz7258,2 juta onic
2025-11-02 15:05:48,@VickyZuliansyah-v4l,AE
2025-11-02 15:05:49,@GERRY563,Langsung aja kasih piala mpl nya ke Onic dan piala M7 ke Tlph:face-blue-smiling::face-blue-smiling:
2025-11-02 15:05:49,@MilaKarmila-dv1vf,onic
2025-11-02 15:05:49,@frey-p1t,fg\dr\
2025-11-02 15:05:49,@frey-p1t,gd\g\df
2025-11-02 15:05:50,@frey-p1t,\dfg
2025-11-02 15:05:50,@frey-p1t,fd\g
2025-11-02 15:05:50,@frey-p1t,fd\
2025-11-02 15:05:50,@frey-p1t,gfd
2025-11-02 15:05:50,@geovanihendry4172,10 jt onic ada berani ngga?
2025-11-02 15:05:52,@ronnn63,hi
2025-11-02 15:05:54,@VickyZuliansyah-v4l,MENANG AE
2025-11-02 15:05:54,@justnormal4555,lah fun match
2025-11-02 15:05:55,@Faiz-k9n,:person-turqouise-waving:
2025-11-02 15:05:55,@ZhuaneAbelya,kapan mulai ny si
2025-11-02 15:05:55,@ferlydinan11,kontak kontak
2025-11-02 15:05:57,@Devinaoktaviani-z6f,ayo semangat onic
2025-11-02 15:05:57,@frey-p1t,\m
2025-11-02 15:05:58,@BastianRamadhan-z6t,onic main jam brp bng
2025-11-02 15:05:59,@MilaKarmila-dv1vf,sorry koh gw ngecewain lu lagi
2025-11-02 15:06:00,@Fahmi-ps1ed,125jt aku pegang budhe
2025-11-02 15:06:03,@BayuSaputra-dj4ho,:shushing_face:
2025-11-02 15:06:06,@faa-02,MASI LAMA CO
2025-11-02 15:06:08,@faizarsimaulana4390,2jt gw onis sini
2025-11-02 15:06:08,@VianViano-b3i,jam berapa sih mulainya
2025-11-02 15:06:09,@ZikzxcGFX,ayo jangan hilangkan #7
2025-11-02 15:06:09,@Zunesh77,Bismillah AE
2025-11-02 15:06:10,@FAUZIAHARIFATUNNISA,JAM BERAPAAA
2025-11-02 15:06:11,@sygdia7636,:person-turqouise-waving:
2025-11-02 15:06:11,@ayayna123,:face-red-droopy-eyes:
2025-11-02 15:06:11,@TagorHeru,2 Juta AE
2025-11-02 15:06:14,@ayanokoji2452,LANGSUNG AJA KASIH PIALANYA KE ONIC
2025-11-02 15:06:18,@PopCornCinemaXIIX,Ga boleh berjudi kalau kalian taruhan pake uang sama aja dengan berjudai
2025-11-02 15:06:18,@evelyn-lyn,PLISS REMEHIN AE BIAR MENANG
2025-11-02 15:06:19,@Salsabila-v1n9z,yo gua tampung nih mau berapa juta
2025-11-02 15:06:19,@jazzskieofficial2181,#terimakasihsutsujin
2025-11-02 15:06:19,@geovanihendry4172,10jt ada berani gw onic
2025-11-02 15:06:21,@zahwa-r1s,bismillah AE menang
2025-11-02 15:06:22,@sygdia7636,:person-turqouise-waving:
2025-11-02 15:06:24,@FarhanxAkmal,bismillah onic angkat piala lagi:palms_up_together::red_heart:
2025-11-02 15:06:24,@eky7739,sini evos 2 jt
2025-11-02 15:06:27,@GERRY563,Langsung aja kasih piala mpl nya ke Onic dan piala M7 ke Tlph:face-blue-smiling::face-blue-smiling:
2025-11-02 15:06:29,@sygdia7636,:text-green-game-over:
2025-11-02 15:06:29,@faizarsimaulana4390,2jt gw onic sini
2025-11-02 15:06:30,@Mablus_Mablus,AE bisa
2025-11-02 15:06:30,@eky7739,sini evos 2jt
2025-11-02 15:06:30,@fhmiabdil,sepi
2025-11-02 15:06:32,@Salsabila-v1n9z,gua AE nih
2025-11-02 15:06:32,@muhazirhamka9698,admin sibuk ngespam.. wkwkwkwkk
2025-11-02 15:06:37,@Devinaoktaviani-z6f,yang dukung onic mana suaranya:elbowcough:
2025-11-02 15:06:38,@akrmgosling,onic dong
2025-11-02 15:06:39,@SetiawanWelll,lama jirrrrrrrr
2025-11-02 15:06:43,@sygdia7636,goo onic
2025-11-02 15:06:44,@Ejaaaaak,napa ada si cendol wkwkk
2025-11-02 15:06:45,@Ganzzzzzucihaaaaa23,onic gw
2025-11-02 15:06:48,@ZainAhmad-k2g,ae gass
2025-11-02 15:06:49,@jeas1057,mulai nya 17:15
2025-11-02 15:06:49,@rifkypramana3201,Ae vs onic jam brpa
2025-11-02 15:06:50,@ayanokoji2452,sini RRQ 1M
2025-11-02 15:06:53,@Devinaoktaviani-z6f,gooo onic
2025-11-02 15:06:53,@evelyn-lyn,RRQ JAYAA
2025-11-02 15:06:56,@eky7739,gua onic mna evoss 2jt sini
2025-11-02 15:06:57,@Ganzzzzzucihaaaaa23,Goo Goo onicc
2025-11-02 15:06:59,@ZULMINANRAMDI,0niccc
2025-11-02 15:06:59,@kingsad8012,onic
2025-11-02 15:07:00,@SetiawanWelll,udah jam 3 nihh woyyy
2025-11-02 15:07:00,@nafisahqurratuayun9197,Dikira TLPH doang apa yg jago wkwkwk SRG juga jago woyyyyy 
2025-11-02 15:07:01,@jazzskieofficial2181,semua bilang #terimakasihsutsujin karena sutsujin membuat AE bisa M7
2025-11-02 15:07:02,@PodsAuthenticJoglo,3jt ae
2025-11-02 15:07:03,@Jenghis_han,lama
2025-11-02 15:07:04,@axlzxl3804,Onic 100jta
2025-11-02 15:07:05,@PopCornCinemaXIIX,15:30 sih maennya
2025-11-02 15:07:05,@pampamgopal5637,KINDOM DI GOA ADA SINYAL BUAT NONTON??? SERIUS NANYA
2025-11-02 15:07:06,@aldy123oppo9,#7
2025-11-02 15:07:06,@Satanzz,gooo AEE
2025-11-02 15:07:06,@Sentolopkuda22359,POV papan atas bukan #7
2025-11-02 15:07:08,@IMERSI,5jt gw AE Sini
2025-11-02 15:07:09,@ayayna123,semangat landak lucu :red_heart:
2025-11-02 15:07:09,@pampamgopal5637,KINDOM DI GOA ADA SINYAL BUAT NONTON??? SERIUS NANYA
2025-11-02 15:07:10,@SkullaMCID,Lama
2025-11-02 15:07:10,@nekopoi2074,3-2 onic
2025-11-02 15:07:10,@RidhoPrastiyo-o7q,skyleeeerrrr
2025-11-02 15:07:12,@GERRY563,Langsung aja kasih piala mpl nya ke Onic dan piala M7 ke Tlph:face-blue-smiling::face-blue-smiling:
2025-11-02 15:07:14,@fyp-l8g,onic
2025-11-02 15:07:15,@pampamgopal5637,KINDOM DI GOA ADA SINYAL BUAT NONTON??? SERIUS NANYA
2025-11-02 15:07:15,@Satanzz,onic go go go
2025-11-02 15:07:16,@aaa444aaaa,MASIH GRAND FINAL BELUM FINAL
2025-11-02 15:07:18,@eky7739,yg pegang evos sini gua ae 2jt 
2025-11-02 15:07:19,@fyp-l8g,onic
2025-11-02 15:07:20,@nafisahqurratuayun9197,35 JUTA ONIC
2025-11-02 15:07:21,@pampamgopal5637,KINDOM DI GOA ADA SINYAL BUAT NONTON??? SERIUS NANYA
2025-11-02 15:07:21,@FahdilAjaa-o9q7,mulai jam berapa
2025-11-02 15:07:23,@Davaaaa-x7l,Alter Ego go go go
2025-11-02 15:07:23,@Rehansudhtobat,ada yg mau 3jt gw pegang ae
2025-11-02 15:07:25,@pampamgopal5637,KINDOM DI GOA ADA SINYAL BUAT NONTON??? SERIUS NANYA
2025-11-02 15:07:27,@deryzgaming,AE gak da Gameplay
2025-11-02 15:07:27,@CANDRAXX,bang gue live tapi sepi
2025-11-02 15:07:30,@pampamgopal5637,KINDOM DI GOA ADA SINYAL BUAT NONTON??? SERIUS NANYA
2025-11-02 15:07:31,@justnormal4555,laaah ngapain fun match
2025-11-02 15:07:32,@Zunesh77,AE
2025-11-02 15:07:33,@city_dragon4023,onic 4 -0
2025-11-02 15:07:35,@Salsabila-v1n9z,landak landak ngarep juara ae nih gua
2025-11-02 15:07:35,@Devinaoktaviani-z6f,onic go go
2025-11-02 15:07:38,@pampamgopal5637,KINDOM DI GOA ADA SINYAL BUAT NONTON??? SERIUS NANYA
2025-11-02 15:07:39,@sghbkkjh,gua onic bakal juara lagi AE cupu
2025-11-02 15:07:42,@YuvvyiyWwW,aeeeee
2025-11-02 15:07:42,@PodsAuthenticJoglo,3jt ae
2025-11-02 15:07:42,@abduljabar8016,onic
2025-11-02 15:07:44,@whyouuuu2160,Cendolll
2025-11-02 15:07:46,@pampamgopal5637,KINDOM DI GOA ADA SINYAL BUAT NONTON??? SERIUS NANYA
2025-11-02 15:07:46,@gggeming5909,kasih langsung piala ny ke onik
2025-11-02 15:07:47,@fikrirosli5210,300juta onic
2025-11-02 15:07:47,@HanzzÆq27,alter ego :bego bego bego
2025-11-02 15:07:47,@rifkypramana3201,jam brpa mulai nya ini
2025-11-02 15:07:49,@theknight2207,onic
2025-11-02 15:07:51,@axlzxl3804,Aku onic 1jta
2025-11-02 15:07:51,@ayayna123,semangat landak lucu :red_heart:
2025-11-02 15:07:52,@Mablus_Mablus,bawa trophy ke gh AE no
2025-11-02 15:07:53,@ikystrok,10jt onic
2025-11-02 15:07:53,@pampamgopal5637,KINDOM DI GOA ADA SINYAL BUAT NONTON??? SERIUS NANYA
2025-11-02 15:07:54,@TarakaArdani,langsung aja min
2025-11-02 15:07:54,@ferlydinan11,4-3 biar senam jantung
2025-11-02 15:07:55,@flavergrizyl,AE PLIS MENANGGG
2025-11-02 15:07:55,@GERRY563,Langsung aja kasih piala mpl nya ke Onic dan piala M7 ke Tlph:face-blue-smiling::face-blue-smiling:
2025-11-02 15:07:57,@Herdiansyah30Herdi30-q9x,ae
2025-11-02 15:07:58,@Mukaluanjay,4-2 ae
2025-11-02 15:07:59,@theknight2207,:hand-pink-waving:
2025-11-02 15:08:00,@pampamgopal5637,KINDOM DI GOA ADA SINYAL BUAT NONTON??? SERIUS NANYA
2025-11-02 15:08:00,@BayuSaputra-dj4ho,ONIC 3 : 2 AE sanz MVP
2025-11-02 15:08:01,@DianAdriansyahYan,gue pilih yg menang aja:rolling_on_the_floor_laughing:
2025-11-02 15:08:01,@NopalArya-d4s,Lets goooo ONIC
2025-11-02 15:08:02,@mokkosaputra7290,ALL IN 50JT ALTER EGO
2025-11-02 15:08:02,@ayanokoji2452,AE PULANG AJA YG JUARA PASTI ONIC
2025-11-02 15:08:02,@Rii-i7s,masih lama yak
2025-11-02 15:08:02,@alfimuhammad5396,GELOO KETUAA
2025-11-02 15:08:04,@MakiZenin94,kena kencing lg
2025-11-02 15:08:04,@mamatsmodol,PERSIB
2025-11-02 15:08:05,@pampamgopal5637,KINDOM DI GOA ADA SINYAL BUAT NONTON??? SERIUS NANYA
2025-11-02 15:08:05,@nafisahqurratuayun9197,AE GOOOO
2025-11-02 15:08:06,@Setzyaa,1T ONIC
2025-11-02 15:08:06,@TarakaArdani,counter tlph cuman onic ya gays :face_with_hand_over_mouth:
2025-11-02 15:08:06,@ivan.2525,AE 4-1
2025-11-02 15:08:06,@ZULMINANRAMDI,yokk 0nic
2025-11-02 15:08:07,@muhdsyamirul7803,1 milliar rrq
2025-11-02 15:08:08,@Herdiansyah30Herdi30-q9x,aee
2025-11-02 15:08:09,@PopCornCinemaXIIX,paling ntar mulainya jam 17.30 kek kemaren
2025-11-02 15:08:11,@Unknow_2525,43 onic
2025-11-02 15:08:12,@muhdsyamirul7803,akwoakwoka
2025-11-02 15:08:13,@pampamgopal5637,KINDOM DI GOA ADA SINYAL BUAT NONTON??? SERIUS NANYA
2025-11-02 15:08:14,@dimas-saputra21,TEMPEK
2025-11-02 15:08:14,@Mablus_Mablus,bravo nino
2025-11-02 15:08:14,@ivalcirebon9309,180jt AE
2025-11-02 15:08:15,@dimasfauzianto7201,siapa aja yg juara gw happy
2025-11-02 15:08:15,@Hota18,w pengen liat AE menang tp pengen liat Skylar membuktikan baru main bisa juara
2025-11-02 15:08:16,@abdyulop,ONIC 5-2 AE
2025-11-02 15:08:17,@ivan.2525,onic 4-0
2025-11-02 15:08:17,@ZULMINANRAMDI,0niccc
2025-11-02 15:08:19,@TarakaArdani,counter tlph cuman onic ya gays :face_with_hand_over_mouth:
2025-11-02 15:08:20,@pampamgopal5637,KINDOM DI GOA ADA SINYAL BUAT NONTON??? SERIUS NANYA
2025-11-02 15:08:21,@jeas1057,"jam 17:15 mainnya, tungguin aja"
2025-11-02 15:08:21,@dangaming-b1u,LETSS GO ONICCC
2025-11-02 15:08:23,@Unknow_2525,4-3 onic
2025-11-02 15:08:23,@kalkul-u1x1t,AE
2025-11-02 15:08:24,@Yai006,Panic 
2025-11-02 15:08:25,@TarakaArdani,counter tlph cuman onic ya gays :face_with_hand_over_mouth:
2025-11-02 15:08:28,@pampamgopal5637,KINDOM DI GOA ADA SINYAL BUAT NONTON??? SERIUS NANYA
2025-11-02 15:08:28,@AjoRegese,AE bisa yok champion
2025-11-02 15:08:30,@mokkosaputra7290,50JT ALL IN AE
2025-11-02 15:08:31,@TarakaArdani,counter tlph cuman onic ya gays :face_with_hand_over_mouth:
2025-11-02 15:08:31,@YulianaAna-vu2md,"INI YANG PADA HUJAT AE, PASTI FANSNYA KONGDOM"
2025-11-02 15:08:31,@BayuSaputra-dj4ho,sanz MVP
2025-11-02 15:08:33,@ZikzxcGFX,its rrq time
2025-11-02 15:08:35,@ayayna123,jadi judii mereka
2025-11-02 15:08:36,@Ejaaaaak,gw mau liat nino nangis angkat piala mpl
2025-11-02 15:08:36,@Setzyaa,1T ONIC
2025-11-02 15:08:37,@TarakaArdani,counter tlph cuman onic ya gays :face_with_hand_over_mouth:
2025-11-02 15:08:37,@city_dragon4023,onic 4 - 0
2025-11-02 15:08:38,@ZaidanRifqi-j4v,ini perebutan piala kah?
2025-11-02 15:08:39,@Setzyaa,1T ONIC
2025-11-02 15:08:39,@pampamgopal5637,KINDOM DI GOA ADA SINYAL BUAT NONTON??? SERIUS NANYA
2025-11-02 15:08:41,@Awal-w5i,4-2 AE
2025-11-02 15:08:43,@budifebrian4911,onic 2000
2025-11-02 15:08:43,@YulianaAna-vu2md,"INI YANG PADA HUJAT AE, PASTI FANSNYA KONGDOM"
2025-11-02 15:08:44,@pampamgopal5637,KINDOM DI GOA ADA SINYAL BUAT NONTON??? SERIUS NANYA
2025-11-02 15:08:44,@okypermana4196,3-4 AE
2025-11-02 15:08:44,@Setzyaa,1T ONIC
2025-11-02 15:08:45,@aqilahnurzahra2b685,onic time
2025-11-02 15:08:46,@RasyaNaufalino,siapa sangka
2025-11-02 15:08:47,@TarakaArdani,counter tlph cuman onic ya gays :face_with_hand_over_mouth:
2025-11-02 15:08:48,@ifran4107,piala ke 7 onic
2025-11-02 15:08:50,@darmawanefendi-h8o8d,100jt all in Onic
2025-11-02 15:08:51,@pampamgopal5637,KINDOM DI GOA ADA SINYAL BUAT NONTON??? SERIUS NANYA
2025-11-02 15:08:51,@BayuSaputra-dj4ho,18:00
2025-11-02 15:08:52,@RobbLucci-XsR,4-1 AE
2025-11-02 15:08:52,@TarakaArdani,woo
2025-11-02 15:08:53,@sandysaputra1557,yg menang ditunggu KING RRQ di M7 :orange_heart:
2025-11-02 15:08:55,@YulianaAna-vu2md,"INI YANG PADA HUJAT AE, PASTI FANSNYA KONGDOM"
2025-11-02 15:08:55,@Putz_tyy,onic 100 ae 99
2025-11-02 15:08:55,@mamatsmodol,SIAPAPUN YANG JUARA SEMANGAT TERUS YA :heart_suit:
2025-11-02 15:08:56,@hilalikbal8733,masih lama habis magrib mainya
2025-11-02 15:08:57,@ytbrasyidgimang1524,ALTER EGO
2025-11-02 15:08:59,@pampamgopal5637,KINDOM DI GOA ADA SINYAL BUAT NONTON??? SERIUS NANYA
2025-11-02 15:08:59,@mzsaha9478,anggota dri mpl ga byr uang taruhan gua anjg
2025-11-02 15:09:00,@syaifulamir8775,AE nii Broo
2025-11-02 15:09:01,@AlizaKurnia-y5n,AE JUARA
2025-11-02 15:09:02,@YulianaAna-vu2md,"INI YANG PADA HUJAT AE, PASTI FANSNYA KONGDOM"
2025-11-02 15:09:03,@thepopeye.1937,plis nino nangis angkat piala MPL
2025-11-02 15:09:03,@KevinJo-ox8ce,let's go final RRQ:cat-orange-whistling:
2025-11-02 15:09:05,@TarakaArdani,counter tlph cuman onic ya gays :face_with_hand_over_mouth:
2025-11-02 15:09:06,@Ganzzzzzucihaaaaa23,10/0 ae
2025-11-02 15:09:07,@city_dragon4023,ke 8 kali!!
2025-11-02 15:09:07,@pampamgopal5637,KINDOM DI GOA ADA SINYAL BUAT NONTON??? SERIUS NANYA
2025-11-02 15:09:09,@black_inside28,walaupun onic kuat tapi gw tetap sokong AEE
2025-11-02 15:09:11,@suryadharmaputra4086,all in ae
2025-11-02 15:09:11,@thisisaeg,Its Onic Time
2025-11-02 15:09:12,@pampamgopal5637,KINDOM DI GOA ADA SINYAL BUAT NONTON??? SERIUS NANYA
2025-11-02 15:09:12,@ferlydinan11,mpl nyari beras
2025-11-02 15:09:12,@thepopeye.1937,AE yok
2025-11-02 15:09:13,@YulianaAna-vu2md,"INI YANG PADA HUJAT AE, PASTI FANSNYA KONGDOM"
2025-11-02 15:09:13,@LanzMaulana-i1l,7
2025-11-02 15:09:15,@TarakaArdani,counter tlph cuman onic ya gays :face_with_hand_over_mouth:
2025-11-02 15:09:16,@DanisMuhammadDani,onic juara
2025-11-02 15:09:17,@pampamgopal5637,KINDOM DI GOA ADA SINYAL BUAT NONTON??? SERIUS NANYA
2025-11-02 15:09:18,@nadiabaadillah6635,ONIC
2025-11-02 15:09:20,@Ejaaaaak,bocil fomo onic diem aja lah
2025-11-02 15:09:20,@Ganzzzzzucihaaaaa23,7
2025-11-02 15:09:20,@MaulanariskiRamadhan-y6j,let's goo alter egooo
2025-11-02 15:09:20,@DITYA-321,yng menang pasti rrq
2025-11-02 15:09:21,@muhazirhamka9698,udah onic kasih aja piala ke ae.. kasihan nino... :winking_face_with_tongue::winking_face_with_tongue::winking_face_with_tongue:
2025-11-02 15:09:22,@YulianaAna-vu2md,"INI YANG PADA HUJAT AE, PASTI FANSNYA KONGDOM"
2025-11-02 15:09:23,@ArisAgungIrawan,lest goo AE
2025-11-02 15:09:24,@Rizz-9,AE ayo
2025-11-02 15:09:24,@Ganzzzzzucihaaaaa23,7
2025-11-02 15:09:25,@Maxzvinceprince,o n i c
2025-11-02 15:09:26,@LanzMaulana-i1l,onic time
2025-11-02 15:09:28,@MaulanariskiRamadhan-y6j,500 gw megang ae sini
2025-11-02 15:09:30,@delxxxxyyy006,ONIC
2025-11-02 15:09:30,@Ganzzzzzucihaaaaa23,7
2025-11-02 15:09:32,@KhoziNulasror-n8g,AE
2025-11-02 15:09:32,@YulianaAna-vu2md,"INI YANG PADA HUJAT AE, PASTI FANSNYA KONGDOM"
2025-11-02 15:09:34,@Devinaoktaviani-z6f,onic goooo
2025-11-02 15:09:39,@Thisisalex-sk2ql,GW KINGDOM AE KALAH
2025-11-02 15:09:40,@ohmyDumDum,rrq ke m7 lewat jalur panarukan
2025-11-02 15:09:42,@KhoziNulasror-n8g,AE BROO
2025-11-02 15:09:42,@danihiskiasiringoringo2560,ayaloh ae
2025-11-02 15:09:43,@CRIMYCioKi,onic
2025-11-02 15:09:43,@tosyalfi311,MPL sengaja keknya GrandFinal di awal bulan
2025-11-02 15:09:43,@ChairilYanuar,GOONIC
2025-11-02 15:09:44,@anandaaji7954,Ae
2025-11-02 15:09:44,@YulianaAna-vu2md,"INI YANG PADA HUJAT AE, PASTI FANSNYA KONGDOM"
2025-11-02 15:09:46,@RaditaChintya,onic bismillah
2025-11-02 15:09:46,@jaijalil3014,Goooooooooo Onic
2025-11-02 15:09:46,@Thisisalex-sk2ql,AE KALAHHH WKWKWKWAKKW
2025-11-02 15:09:47,@sikeeee_wkw,ONICCCCCCCCC TIMEEEE BROOOOO
2025-11-02 15:09:49,@jazzskieofficial2181,statement sutsujin mimpi bilang AE gak ada gameplay liat tuh AE dapat M7 wkwkwkwkwk aduh ujin ujin mending kembali ke mpl my aja ujin gak usah sama tim badut m series
2025-11-02 15:09:50,@andiprayoga4610,1jt megang onik sini
2025-11-02 15:09:50,@Ganzzzzzucihaaaaa23,7/14
2025-11-02 15:09:51,@danihiskiasiringoringo2560,ae ae ae
2025-11-02 15:09:52,@JessEL-m8y,AE
2025-11-02 15:09:52,@cepronijulibarkah7333,4-3 AE win
2025-11-02 15:09:52,@CRIMYCioKi,go nic
2025-11-02 15:09:52,@Buzz7-l6d,TLPH DIBAGI TELOR AMA RRQ .TLPH MAH TEAM EZ
2025-11-02 15:09:53,@rahayusuryanugraha5668,gogogo ae
2025-11-02 15:09:54,@YulianaAna-vu2md,"INI YANG PADA HUJAT AE, PASTI FANSNYA KONGDOM"
2025-11-02 15:09:55,@hetyfitriani1090,udah dapat ditebak juaranya onic
2025-11-02 15:09:55,@KevinJo-ox8ce,7jt gua pegang RRQ:face-fuchsia-tongue-out:
2025-11-02 15:09:56,@RAYHANADIPUTRARAYHAN,lma
2025-11-02 15:09:59,@Thisisalex-sk2ql,AE JUARAAAA SIH
2025-11-02 15:10:01,@kyacode,MOGA2 RRQ JUARA 1
2025-11-02 15:10:02,@KhoziNulasror-n8g,kita liat onic kalah ntar ya
2025-11-02 15:10:02,@andkaa.a,ae
2025-11-02 15:10:04,@sikeeee_wkw,ONIC TIMEEEE
2025-11-02 15:10:05,@YulianaAna-vu2md,"INI YANG PADA HUJAT AE, PASTI FANSNYA KONGDOM"
2025-11-02 15:10:05,@NVLanimation,GO AEEE:dove:
2025-11-02 15:10:05,@ayayna123,seketika banyak yg ngaju jadi Sonic :face_exhaling:
2025-11-02 15:10:06,@akunSgtrompet-w8h,lama amat cokkkkkk
2025-11-02 15:10:06,@dhonyaw3218,gue kindom gue dukung ae
2025-11-02 15:10:07,@Rizz-9,AE bisa yo bikin ko delwyn seneng
2025-11-02 15:10:07,@dodypenalosa9782,indo indo
2025-11-02 15:10:07,@Devinaoktaviani-z6f,onic onic
2025-11-02 15:10:07,@Fahdil28Yt,Mana tadi 500 pegang ae gw tampung
2025-11-02 15:10:07,@taufiqnurfauzi5034,ae
2025-11-02 15:10:08,@nightbot,MPL ID dengan tegas menentang segala bentuk perjudian & mendukung kompetisi yang adil dan berintegritas. Mari kita bangun komunitas yang menghormati nilai-nilai sportivitas dalam dunia esports!
2025-11-02 15:10:09,@sandysaputra1557,yg menang ditunggu KING RRQ di M7 :orange_heart:
2025-11-02 15:10:10,@Thisisalex-sk2ql,AE MENANGGG EZZZ
2025-11-02 15:10:10,@danihiskiasiringoringo2560,jam brp mulai ini???
2025-11-02 15:10:11,@khatroatma667,ayo AE bisa
2025-11-02 15:10:11,@FeniWulandari-d5h,WAKTUNYA ALTER EGO BUKAN ONIC:face-blue-smiling:
2025-11-02 15:10:13,@Dewisri41,siapapun juaranya gua tetep respect buat AE sama ONIC karena mereka team yg selalu respect sama lawan²nya :thumbs_up:
2025-11-02 15:10:14,@taufiqnurfauzi5034,ae
2025-11-02 15:10:14,@iqromredmi8574,tid is onic time
2025-11-02 15:10:15,@faiskera8653,nnnnnnn
2025-11-02 15:10:15,@FeniWulandari-d5h,WAKTUNYA ALTER EGO BUKAN ONIC:face
2025-11-02 15:10:15,@Bryanskyy,goonic
2025-11-02 15:10:16,@YulianaAna-vu2md,"INI YANG PADA HUJAT AE, PASTI FANSNYA KONGDOM"
2025-11-02 15:10:16,@RAYHANADIPUTRARAYHAN,lama
2025-11-02 15:10:17,@Putrarajawali-f1j,ALTER EGO CHAMPIONSS
2025-11-02 15:10:18,@ayanokoji2452,RRQ JUARA M7
2025-11-02 15:10:18,@BayuSaputra-dj4ho,@MPL ID IKUT
2025-11-02 15:10:19,@wahyuhidayatullah5914,lah cendy
2025-11-02 15:10:21,@FeniWulandari-d5h,WAKTUNYA ALTER EGO BUKAN ONIC:face
2025-11-02 15:10:22,@danihiskiasiringoringo2560,kalo ae menang hebat siiiii
2025-11-02 15:10:23,@saipensi9155,AE
2025-11-02 15:10:24,@arifinheroine,Semoga AE Juara
2025-11-02 15:10:24,@Solikin1-p8x,Goo onic
2025-11-02 15:10:25,@trevisilvania7701,ae
2025-11-02 15:10:26,@FeniWulandari-d5h,WAKTUNYA ALTER EGO BUKAN ONIC:face
2025-11-02 15:10:26,@Mablus_Mablus,Alter ego 
2025-11-02 15:10:28,@ANIMALSHORTSAI22,final onic vs evos jam brp
2025-11-02 15:10:29,@YulianaAna-vu2md,"INI YANG PADA HUJAT AE, PASTI FANSNYA KONGDOM"
2025-11-02 15:10:29,@Sitiazhar-q7d,bismillahhh goo oniccccccc
2025-11-02 15:10:29,@iGadisxy,ayo onic
2025-11-02 15:10:29,@yusufaris2967,onic
2025-11-02 15:10:30,@Ace-l6y,mulainya jam 17.30 wib ya adik2
2025-11-02 15:10:30,@trevisilvania7701,ae juara sih
2025-11-02 15:10:31,@danihiskiasiringoringo2560,sanga coooolll
2025-11-02 15:10:32,@MuhammadFikri-l6g1l,yaelah gua selasai goreng telor blm mulai
2025-11-02 15:10:32,@FeniWulandari-d5h,WAKTUNYA ALTER EGO BUKAN ONIC:face
2025-11-02 15:10:34,@sektorgaming2809,Ae gogogo
2025-11-02 15:10:35,@trevisilvania7701,alter ego
2025-11-02 15:10:35,@Buzz7-l6d,TLPH DIBAGI TELOR AMA RRQ .TLPH MAH TEAM EZ
2025-11-02 15:10:36,@xyrenn476,alter ego it's time
2025-11-02 15:10:36,@saipensi9155,AE
2025-11-02 15:10:37,@iqromredmi8574,onic time
2025-11-02 15:10:37,@Superdli5,prediksi?
2025-11-02 15:10:38,@FeniWulandari-d5h,WAKTUNYA ALTER EGO BUKAN ONIC:face
2025-11-02 15:10:40,@Apaajadehyak,GOOO AE
2025-11-02 15:10:40,@MidnightVenom-v,LETS GOOOOOOO AE
2025-11-02 15:10:42,@Ganzzzzzucihaaaaa23,"fans AE buru² amat, udah pasti kalah juga"
2025-11-02 15:10:42,@RayyEdit,RRQ DI GOA CUAK
2025-11-02 15:10:43,@jazzskieofficial2181,semuanya hujat aja sutsujin karena bilang AE gak ada gameplay liat ae dapat M7 omongan sutsujin itu omong kosong
2025-11-02 15:10:47,@FeniWulandari-d5h,WAKTUNYA ALTER EGO BUKAN ONIC:face
2025-11-02 15:10:47,@rahayusuryanugraha5668,SAATNYA JUARA AE
2025-11-02 15:10:47,@CarolinezefanyaHutabarat19,ONIC-4 AE-2
2025-11-02 15:10:47,@iGadisxy,di atas langit masih ada onic
2025-11-02 15:10:48,@Enaldddddddddd,AEeeeeeee menanggggg
2025-11-02 15:10:48,@YulianaAna-vu2md,"INI YANG PADA HUJAT AE, PASTI FANSNYA KONGDOM"
2025-11-02 15:10:51,@EmrizalNasution,onik lah juara nya
2025-11-02 15:10:51,@ryan-kc8nc,ae gope dm gua
2025-11-02 15:10:52,@ferlydinan11,di blok admin yg judi wkwk
2025-11-02 15:10:53,@ANIMALSHORTSAI22,final onic vs evos jam berapa
2025-11-02 15:10:55,@muhammadalizarabbani3977,GOO AE
2025-11-02 15:10:55,@RAYHANADIPUTRARAYHAN,lama
2025-11-02 15:10:55,@Yai006,Let’s gooooph
2025-11-02 15:10:56,@kienzy7,onic
2025-11-02 15:10:56,@YulianaAna-vu2md,"INI YANG PADA HUJAT AE, PASTI FANSNYA KONGDOM"
2025-11-02 15:10:56,@haryadimocil3154,bisa AE lu tong
2025-11-02 15:10:56,@Miramityaja,bismmilah onic
2025-11-02 15:10:57,@FeniWulandari-d5h,WAKTUNYA ALTER EGO BUKAN ONIC:face
2025-11-02 15:10:58,@AsfaAlthaf,WAKTUNYA ONIC!
2025-11-02 15:10:58,@Sitiazhar-q7d,pastiii bisaaa oniccccc
2025-11-02 15:10:58,@SprtKage,El family is back
2025-11-02 15:10:58,@black_inside28,semoga Ae menang
2025-11-02 15:11:01,@SitinurhamidaKhodir,prediksi 4-1
2025-11-02 15:11:03,@ayayna123,ini waktunya onic bukan kita :saluting_face:
2025-11-02 15:11:04,@Ganzzzzzucihaaaaa23,saatnya onic bukan ae
2025-11-02 15:11:04,@Buzz7-l6d,TLPH DIBAGI TELOR AMA RRQ .TLPH MAH TEAM EZ
2025-11-02 15:11:05,@zxcccbvvv,bismillah AE juara
2025-11-02 15:11:05,@Yai006,Let’s goooo kairuuuuu 
2025-11-02 15:11:06,@FeniWulandari-d5h,WAKTUNYA ALTER EGO BUKAN ONIC:face
2025-11-02 15:11:07,@RayyEdit,RRQ DI GOA GA KELUAR KELUAR
2025-11-02 15:11:07,@RAYHANADIPUTRARAYHAN,tl
2025-11-02 15:11:07,@EmrizalNasution,ae apa lah aee
2025-11-02 15:11:11,@glennaldoyossy6718,ALL IN AE 4 2
2025-11-02 15:11:12,@Nadzilaa,1jt pegang AE
2025-11-02 15:11:12,@Ryundi,AE 4-3
2025-11-02 15:11:13,@iyancendy,prediksi yang menang siapa ges
2025-11-02 15:11:13,@FeniWulandari-d5h,WAKTUNYA ALTER EGO BUKAN ONIC:face
2025-11-02 15:11:14,@SitinurhamidaKhodir,onic back to back
2025-11-02 15:11:15,@Madzz_Shin,ONIC:handshake: ALTER EGO
2025-11-02 15:11:15,@black_inside28,SEMOGA AE MENANG DAN JUARA MPL ID S16
2025-11-02 15:11:16,@MidnightVenom-v,KITA BUTUH JUARA BARUUUUU
2025-11-02 15:11:19,@dikijunior123,"kira""jam brp matchnya"
2025-11-02 15:11:22,@andyahmad99,KIRAIN EVOS VS ONIC
2025-11-02 15:11:24,@ahus8793,AE SIH 7
2025-11-02 15:11:25,@reysimanjuntak1052,P*E*P*E*Q Q*O*N*T*O*L K*O*N*G*D*O*M
2025-11-02 15:11:26,@ghofuryama1652,ae pasti juara gilo ng skylar
2025-11-02 15:11:26,@bangocik1297,ae
2025-11-02 15:11:27,@KevinJo-ox8ce,RRQ Main JAM Berapa ?:hand-orange-covering-eyes:
2025-11-02 15:11:27,@KaitnanK,AE MPL KING ONIC M7 BISMILLAH
2025-11-02 15:11:27,@YulianaAna-vu2md,"INI YANG PADA HUJAT AE, PASTI FANSNYA KONGDOM"
2025-11-02 15:11:27,@Lil_SL,ONIC 4-0
2025-11-02 15:11:28,@ailaaa4,walaupun gwe sonic tp gwe pgn liat AE menanh
2025-11-02 15:11:28,@aulyaarkhabsuthon,sholat dulu guys
2025-11-02 15:11:29,@Kayzo07-y3,Go Go ONIC
2025-11-02 15:11:29,@reysimanjuntak1052,P*E*P*E*Q Q*O*N*T*O*L K*O*N*G*D*O*M
2025-11-02 15:11:31,@RayyEdit,RRQ LU MENDING MAIN POU AJA
2025-11-02 15:11:32,@wahyuismunandar6622,"kasih aja ke ae onic, biar mpl indo gabosen lu terus yg juara"
2025-11-02 15:11:32,@EmrizalNasution,onic
2025-11-02 15:11:32,@ANIMALSHORTSAI22,final onic vs evos jam berapa
2025-11-02 15:11:33,@onin_,rrq main jam brp?
2025-11-02 15:11:33,@reysimanjuntak1052,P*E*P*E*Q Q*O*N*T*O*L K*O*N*G*D*O*M
2025-11-02 15:11:33,@MuhammadHusaini-s2t,Onic id juara
2025-11-02 15:11:35,@Mablus_Mablus,this is AE time
2025-11-02 15:11:35,@umarramu258,ae
2025-11-02 15:11:35,@dangaming-b1u,BO 6 YA LAMA BGT ATUH
2025-11-02 15:11:36,@sugiantoyanna7898,let's Goo Onic vs AE. siapapun pemenangnya itulah yg terbaik di s16. next bawa pulang piala M7
2025-11-02 15:11:38,@reysimanjuntak1052,P*E*P*E*Q Q*O*N*T*O*L K*O*N*G*D*O*M
2025-11-02 15:11:38,@realeroticbarber,7
2025-11-02 15:11:38,@dickyvengeance3140,let's go king arfy
2025-11-02 15:11:38,@Buzz7-l6d,TLPH DIBAGI TELOR AMA RRQ .TLPH MAH TEAM EZ
2025-11-02 15:11:39,@FeniWulandari-d5h,WAKTUNYA ALTER EGO BUKAN ONIC:face
2025-11-02 15:11:39,@YulianaAna-vu2md,"INI YANG PADA HUJAT AE, PASTI FANSNYA KONGDOM"
2025-11-02 15:11:40,@Ryundi,AE 7-0
2025-11-02 15:11:41,@princenotonherlistshegetsa5125,"INI WAKTUNYA AE BREN, BUKAN ONIC:trophy-yellow-smiling:"
2025-11-02 15:11:42,@EmrizalNasution,yok onic
2025-11-02 15:11:42,@umarramu258,lets go ae
2025-11-02 15:11:43,@Okijakasubarkah,info RRQ VS PERSIB JAM BERAPA
2025-11-02 15:11:44,@ayayna123,ini waktunya onic bukan kita :saluting_face:
2025-11-02 15:11:45,@Lil_SL,ae dipulangin sama onic:winking_face_with_tongue:
2025-11-02 15:11:49,@Nadzilaa,1jt pegang AE
2025-11-02 15:11:51,@realeroticbarber,7
2025-11-02 15:11:51,@YanYanz-c1e,5jt sini gua onik yok
2025-11-02 15:11:53,@Nacht-19,jam brp
2025-11-02 15:11:54,@YanYanz-c1e,dm
2025-11-02 15:11:57,@Elnino1991,Sini yg pegang AE 1jt tadi
2025-11-02 15:11:58,@Mibrasdhetaur05,ayolah onic kasih Piala nya ke ae aja
2025-11-02 15:12:00,@Vaxxzu,AE king
2025-11-02 15:12:02,@saverounlimited,GOOOOOO!!!!!!! ONIC...
2025-11-02 15:12:04,@f3rr99,halo mpl
2025-11-02 15:12:05,@Vaxxzu,AE king
2025-11-02 15:12:05,@rizalanjay07,AE
2025-11-02 15:12:07,@zxcccbvvv,"Come on, alter ego"
2025-11-02 15:12:08,@saverounlimited,GOOOOOO!!!!!!! ONIC...
2025-11-02 15:12:08,@AltaGemoysekali,onic akan mendapatkan tiket M7 let's go ONIC ku
2025-11-02 15:12:09,@f3rr99,aku kembali
2025-11-02 15:12:10,@BagusPratama-v4y,semoga onic menang tapi kasih SCOR ke ae
2025-11-02 15:12:10,@Vaxxzu,AE champion
2025-11-02 15:12:11,@KevinJo-ox8ce,RRQ main jam berapa ?:elbowcough:
2025-11-02 15:12:13,@budisitompan4537,lama
2025-11-02 15:12:14,@saverounlimited,GOOOOOO!!!!!!! ONIC...
2025-11-02 15:12:16,@hapehanyar175,ayo AE
2025-11-02 15:12:17,@dianiagustiani0108,onic juara
2025-11-02 15:12:17,@akunkosong-z1i,"merah 5 lembar, pegang onic"
2025-11-02 15:12:17,@raziqraziq-d3x,onic
2025-11-02 15:12:17,@reysimanjuntak1052,P*E*P*E*Q Q*O*N*T*O*L K*O*N*G*D*O*M
2025-11-02 15:12:18,@f3rr99,lama
2025-11-02 15:12:18,@TKToPigroup,siapapun yg menang gua Senengggg
2025-11-02 15:12:21,@AtoMic24747,INI RRQ YANG MAIN YA?
2025-11-02 15:12:21,@saverounlimited,GOOOOOO!!!!!!! ONIC...
2025-11-02 15:12:22,@Buzz7-l6d,TLPH DIBAGI TELOR AMA RRQ .TLPH MAH TEAM EZ
2025-11-02 15:12:22,@renatacarissaputrisyamil3761,seterah siapa yg menang
2025-11-02 15:12:23,@yogapratana7061,aee 2rb 
2025-11-02 15:12:23,@candatawa-ev1vf,langsung aja kasi pialanya ke AE biar mpl ga membosankan wkwk masa onic ters yg juara wkwkwkwk
2025-11-02 15:12:24,@dickyvengeance3140,alther ego go go go
2025-11-02 15:12:24,@brothink007,7
2025-11-02 15:12:25,@brothink007,7
2025-11-02 15:12:25,@FrostMen_455,Pliss aee
2025-11-02 15:12:25,@jazzskieofficial2181,semua bilang sutsujin jangan ke RRQ mending ke SRG RRQ itu badut m series tambah lagi gagal playoff lagi
2025-11-02 15:12:26,@brothink007,7
2025-11-02 15:12:26,@xrinjani10irsyadnuzapranas69,king ae
2025-11-02 15:12:26,@Madzz_Shin,ONIC :handshake: ALTER EGO
2025-11-02 15:12:27,@brothink007,7
2025-11-02 15:12:27,@rakharahman9035,Gua dukung yg menang
2025-11-02 15:12:28,@brothink007,7
2025-11-02 15:12:27,@svallowz,:face-purple-crying:
2025-11-02 15:12:28,@Boyter_507,ae hokinya udh habis tub yakin gw
2025-11-02 15:12:28,@SugriwAAa,ae go
2025-11-02 15:12:28,@brothink007,7
2025-11-02 15:12:29,@brothink007,7
2025-11-02 15:12:29,@dionanggarekza2215,jam 17:30
2025-11-02 15:12:30,@saverounlimited,GOOOOOO!!!!!!! ONIC...
2025-11-02 15:12:30,@f3rr99,onic menang ini
2025-11-02 15:12:32,@reysimanjuntak1052,P*E*P*E*Q Q*O*N*T*O*L K*O*N*G*D*O*M
2025-11-02 15:12:32,@ferlydinan11,votenya mana min woyyy
2025-11-02 15:12:32,@hapisweh,ae bismillah win mpl pertama kali nya
2025-11-02 15:12:32,@icecyyss9014,5-1onic 5 jt gass
2025-11-02 15:12:33,@Yhawc,p
2025-11-02 15:12:33,@zkinn5363,7
2025-11-02 15:12:34,@princenotonherlistshegetsa5125,SEMANGAT JUMENGGG. SIAP2 MUKBANG KING KRAB
2025-11-02 15:12:34,@FeniWulandari-d5h,EXSPER. FARMING AURA
2025-11-02 15:12:35,@dionanggarekza2215,17:30
2025-11-02 15:12:35,@reysimanjuntak1052,P*E*P*E*Q Q*O*N*T*O*L K*O*N*G*D*O*M
2025-11-02 15:12:35,@xxtaufikhidayatxx,letsgo
2025-11-02 15:12:35,@TKToPigroup,siapapun yg menang gua seneng
2025-11-02 15:12:37,@dianiagustiani0108,Onic juar
2025-11-02 15:12:38,@reysimanjuntak1052,P*E*P*E*Q Q*O*N*T*O*L K*O*N*G*D*O*M
2025-11-02 15:12:38,@Vaxxzu,NINO wujudkan impianmu
2025-11-02 15:12:38,@rakharahman9035,GUA DUKUNG YG MENANG
2025-11-02 15:12:38,@ANIMALSHORTSAI22,final onic vs evos jam berapa
2025-11-02 15:12:38,@davidsinurat263,7
2025-11-02 15:12:39,@davidsinurat263,7
2025-11-02 15:12:39,@davidsinurat263,7
2025-11-02 15:12:39,@davidsinurat263,7
2025-11-02 15:12:39,@davidsinurat263,7
2025-11-02 15:12:39,@davidsinurat263,7
2025-11-02 15:12:39,@brothink007,7
2025-11-02 15:12:40,@MidnightVenom-v,INDOPRIDE GAESSSSS
2025-11-02 15:12:40,@sfsfuu,yok ae ae jaya juara angkat yang piala
2025-11-02 15:12:40,@Davidzsy,alter ego gogogo
2025-11-02 15:12:40,@zkinn5363,7
2025-11-02 15:12:41,@reysimanjuntak1052,P*E*P*E*Q Q*O*N*T*O*L K*O*N*G*D*O*M
2025-11-02 15:12:41,@ferlydinan11,admin ga peka nih
2025-11-02 15:12:42,@brothink007,7
2025-11-02 15:12:42,@WildanEngland-q2c,p
2025-11-02 15:12:42,@agungwijaya2208,Lamaaaaaaaaa
2025-11-02 15:12:43,@TKToPigroup,"2 2 nya tim keren, humble"
2025-11-02 15:12:43,@Ryundi,Siape kite
2025-11-02 15:12:44,@Madzz_Shin,ONIC :handshake: ALTER EGO
2025-11-02 15:12:44,@zkinn5363,7
2025-11-02 15:12:45,@reysimanjuntak1052,P*E*P*E*Q Q*O*N*T*O*L K*O*N*G*D*O*M
2025-11-02 15:12:46,@saverounlimited,GOOOOOO!!!!!!! ONIC...
2025-11-02 15:12:47,@svallowz,7
2025-11-02 15:12:47,@zkinn5363,7
2025-11-02 15:12:48,@GuritaGeming-w1d,nggak ada RRQ dukung AE juwara
2025-11-02 15:12:48,@brothink007,7
2025-11-02 15:12:48,@saipensi9155,ae sebelum Edwi:face-blue-smiling:n striming
2025-11-02 15:12:49,@reysimanjuntak1052,P*E*P*E*Q Q*O*N*T*O*L K*O*N*G*D*O*M
2025-11-02 15:12:49,@FrostMen_455,mulai 17:30
2025-11-02 15:12:49,@AjdaaMercury,امنن
2025-11-02 15:12:49,@svallowz,7
2025-11-02 15:12:50,@FikFiko-f5o,20 jt onic
2025-11-02 15:12:50,@zkinn5363,7
2025-11-02 15:12:51,@Elnino1991,YANG PEGANG AE 1JT TADI MANA WOIIII..DM GUA
2025-11-02 15:12:51,@TriSukawati-il6ft,7
2025-11-02 15:12:52,@brothink007,7
2025-11-02 15:12:52,@reysimanjuntak1052,P*E*P*E*Q Q*O*N*T*O*L K*O*N*G*D*O*M
2025-11-02 15:12:52,@Buzz7-l6d,TLPH DIBAGI TELOR AMA RRQ .TLPH MAH TEAM EZ
2025-11-02 15:12:52,@RezaSudiansyah,bjir anomali 7 ada mulu
2025-11-02 15:12:52,@xxtaufikhidayatxx,7
2025-11-02 15:12:53,@Vaxxzu,NINO goat
2025-11-02 15:12:54,@zkinn5363,7
2025-11-02 15:12:54,@brothink007,7
2025-11-02 15:12:55,@BestWarrior-rg6dt,BOTH LOSE BOTH NOB
2025-11-02 15:12:55,@Akiyuxu,GOO TODAK
2025-11-02 15:12:55,@reysimanjuntak1052,P*E*P*E*Q Q*O*N*T*O*L K*O*N*G*D*O*M
2025-11-02 15:12:56,@AjdaaMercury,ابدك
2025-11-02 15:12:56,@xuryanto5008,INDO INDO :rolling_on_the_floor_laughing::rolling_on_the_floor_laughing::rolling_on_the_floor_laughing:
2025-11-02 15:12:57,@Boyter_507,todak
2025-11-02 15:12:57,@Ganzzzzzucihaaaaa23,7
2025-11-02 15:12:57,@TagorHeru,AE go go go
2025-11-02 15:12:58,@AtoMic24747,BRO NANYA RRQ JUARA BERAPA?
2025-11-02 15:12:58,@TriSukawati-il6ft,7
2025-11-02 15:12:58,@STYMSTAE-SPORT,"plisss jangan banggain AE, kalau fans AE wajib under kkan AE"
2025-11-02 15:12:58,@rafialzikri367,AYOO AE JUARA PLIS PENGEN BGT LIAT NINO JUARAA:smiling_face_with_halo::smiling_face_with_halo:
2025-11-02 15:13:00,@f3rr99,alter ego akan mengukir sejarah part 2
2025-11-02 15:13:00,@reysimanjuntak1052,P*E*P*E*Q Q*O*N*T*O*L K*O*N*G*D*O*M
2025-11-02 15:13:01,@TriSukawati-il6ft,7
2025-11-02 15:13:01,@Ganzzzzzucihaaaaa23,7
2025-11-02 15:13:01,@FeniWulandari-d5h,xepsre
2025-11-02 15:13:01,@davidsinurat263,7
2025-11-02 15:13:02,@ferlydinan11,Votenya mana min oyy
2025-11-02 15:13:02,@Lhnivnprtsvck,"Ini siapa lagi yg fun match,,.. coba lah undang mantn2 pro player yg old,,.. ada juga seru nya"
2025-11-02 15:13:02,@brothink007,7
2025-11-02 15:13:03,@dionanggarekza2215,Lontee
2025-11-02 15:13:04,@reysimanjuntak1052,P*E*P*E*Q Q*O*N*T*O*L K*O*N*G*D*O*M
2025-11-02 15:13:04,@xxtaufikhidayatxx,7
2025-11-02 15:13:04,@Ganzzzzzucihaaaaa23,7
2025-11-02 15:13:05,@TriSukawati-il6ft,7
2025-11-02 15:13:05,@majinbuu7737,SONICALTERCHAMPS
2025-11-02 15:13:06,@RaditSukma-y6z,onic pasti menang karna ada dua legend mm dan hayper adalah sekailar dan kairi
2025-11-02 15:13:06,@brothink007,7
2025-11-02 15:13:07,@KavTzyy,onic
2025-11-02 15:13:07,@xxtaufikhidayatxx,7
2025-11-02 15:13:08,@Ganzzzzzucihaaaaa23,7
2025-11-02 15:13:08,@TriSukawati-il6ft,7
2025-11-02 15:13:09,@alfarizkyabeng1328,mana yang megang AE 1 juta sinih DM gua
2025-11-02 15:13:09,@MuhammadRifan-q6f,7
2025-11-02 15:13:09,@reysimanjuntak1052,P*E*P*E*Q Q*O*N*T*O*L K*O*N*G*D*O*M
2025-11-02 15:13:09,@dionanggarekza2215,David genggek
2025-11-02 15:13:09,@majinbuu7737,SONICALTERCHAMPS
2025-11-02 15:13:11,@dianiagustiani0108,7
2025-11-02 15:13:11,@brothink007,7
2025-11-02 15:13:11,@xxtaufikhidayatxx,7
2025-11-02 15:13:11,@MhdRezaPratama,lama banget ya
2025-11-02 15:13:12,@Ganzzzzzucihaaaaa23,7
2025-11-02 15:13:12,@nancymoon940,Gue AE 2.5 juta
2025-11-02 15:13:13,@majinbuu7737,SONICALTERCHAMPS
2025-11-02 15:13:13,@xuryanto5008,INDO INDO :rolling_on_the_floor_laughing::rolling_on_the_floor_laughing::rolling_on_the_floor_laughing:
2025-11-02 15:13:13,@Davidzsy,alter ego go go go
2025-11-02 15:13:14,@agungwijaya2208,ayo final oi
2025-11-02 15:13:15,@dickyvengeance3140,alther ego go go
2025-11-02 15:13:15,@Dandan-97w,high domino
2025-11-02 15:13:15,@brothink007,7
2025-11-02 15:13:16,@reva2779,anomali7
2025-11-02 15:13:16,@majinbuu7737,SONICALTERCHAMPS
2025-11-02 15:13:16,@Ganzzzzzucihaaaaa23,7
2025-11-02 15:13:16,@andidarmawan7291,7
2025-11-02 15:13:17,@jazzskieofficial2181,sutsujin #7 statement nonsense
2025-11-02 15:13:17,@MuhammadikhsanMaulana-j9i,alter ego go go go go go
2025-11-02 15:13:17,@Vaxxzu,NINO Goat AE King
2025-11-02 15:13:17,@qbiraxmimpi9952,7
2025-11-02 15:13:18,@Madzz_Shin,"OI,JGN PROVOKATOR JIR"
2025-11-02 15:13:18,@wahyudarmawan5155,7
2025-11-02 15:13:18,@MuhammadRifan-q6f,7
2025-11-02 15:13:18,@dianiagustiani0108,7
2025-11-02 15:13:19,@andidarmawan7291,7
2025-11-02 15:13:19,@namikazeboding4929,dejavu.
2025-11-02 15:13:20,@ayayna123,ini waktunya onic bukan kita :saluting_face:
2025-11-02 15:13:21,@UtamiFitriyanti,mulai jam brp ni final
2025-11-02 15:13:21,@nazmisyahmi,menu7u m7 #7
2025-11-02 15:13:22,@KavTzyy,onic
2025-11-02 15:13:22,@reysimanjuntak1052,P*E*P*E*Q Q*O*N*T*O*L K*O*N*G*D*O*M
2025-11-02 15:13:22,@Buzz7-l6d,TLPH DIBAGI TELOR AMA RRQ .TLPH MAH TEAM EZ
2025-11-02 15:13:22,@saverounlimited,GOOOOOO!!!!!!! ONIC...
2025-11-02 15:13:23,@KevinJo-ox8ce,RRQ main jam berapa ????
2025-11-02 15:13:23,@MuhammadRifan-q6f,7
2025-11-02 15:13:23,@Ganzzzzzucihaaaaa23,7
2025-11-02 15:13:24,@Boyter_507,ae mending suren aja
2025-11-02 15:13:26,@brothink007,7
2025-11-02 15:13:26,@dianiagustiani0108,7
2025-11-02 15:13:26,@MhdRezaPratama,7
2025-11-02 15:13:26,@abdilaaah,knp ada cendy anj
2025-11-02 15:13:27,@reysimanjuntak1052,P*E*P*E*Q Q*O*N*T*O*L K*O*N*G*D*O*M
2025-11-02 15:13:27,@ishmedkurniawan12,ngapain cendi jir
2025-11-02 15:13:28,@andidarmawan7291,7
2025-11-02 15:13:28,@ferlydinan11,spam vote guys
2025-11-02 15:13:28,@agungwijaya2208,gasssssss
2025-11-02 15:13:28,@RaditSukma-y6z,7u
2025-11-02 15:13:28,@saverounlimited,GOOOOOO!!!!!!! ONIC...
2025-11-02 15:13:29,@wisnunugrhaa9499,Ae wajib juara sih ini
2025-11-02 15:13:29,@MuhammadikhsanMaulana-j9i,#7
2025-11-02 15:13:29,@Akhdan30,7
2025-11-02 15:13:30,@ayayna123,ini waktunya onic bukan kita :saluting_face:
2025-11-02 15:13:30,@zarzz-w3d,7
2025-11-02 15:13:31,@andidarmawan7291,7
2025-11-02 15:13:32,@reysimanjuntak1052,P*E*P*E*Q Q*O*N*T*O*L K*O*N*G*D*O*M
2025-11-02 15:13:32,@achmadkhamim-bn8iv,7
2025-11-02 15:13:33,@brothink007,7
2025-11-02 15:13:33,@dianiagustiani0108,7
2025-11-02 15:13:34,@Diki_makan,:1st_place_medal::trophy:
2025-11-02 15:13:34,@andidarmawan7291,7
2025-11-02 15:13:34,@Akhdan30,7
2025-11-02 15:13:35,@Boyter_507,it's onic time
2025-11-02 15:13:36,@TriSukawati-il6ft,serius ga ada vote nya ni min?
2025-11-02 15:13:36,@Elnino1991,DM GUA YANG PEGANG AE 2.5JT
2025-11-02 15:13:36,@xxtaufikhidayatxx,ayo aktifkan pasif ae
2025-11-02 15:13:36,@brothink007,7
2025-11-02 15:13:36,@xuryanto5008,GAK TIM GAK VIEWERS NYA HAHAA INDO INDO :rolling_on_the_floor_laughing::rolling_on_the_floor_laughing::rolling_on_the_floor_laughing:
2025-11-02 15:13:37,@reysimanjuntak1052,P*E*P*E*Q Q*O*N*T*O*L K*O*N*G*D*O*M
2025-11-02 15:13:39,@afdhalllive47,rrq gogo
2025-11-02 15:13:39,@ferlydinan11,biar admin kerja
2025-11-02 15:13:39,@dianiagustiani0108,7
2025-11-02 15:13:41,@RaditSukma-y6z,7
2025-11-02 15:13:41,@reysimanjuntak1052,P*E*P*E*Q Q*O*N*T*O*L K*O*N*G*D*O*M
2025-11-02 15:13:42,@brothink007,7
2025-11-02 15:13:42,@Marisha-g2e,onic
2025-11-02 15:13:43,@reysimanjuntak1052,P*E*P*E*Q Q*O*N*T*O*L K*O*N*G*D*O*M
2025-11-02 15:13:43,@Sanci-Pri,:squinting_face_with_tongue::backhand_index_pointing_up:
2025-11-02 15:13:44,@Vaxxzu,alterchamp
2025-11-02 15:13:46,@Ganzzzzzucihaaaaa23,7/14
2025-11-02 15:13:46,@reysimanjuntak1052,P*E*P*E*Q Q*O*N*T*O*L K*O*N*G*D*O*M
2025-11-02 15:13:47,@brothink007,7
2025-11-02 15:13:47,@dianiagustiani0108,7
2025-11-02 15:13:47,@Akhdan30,7
2025-11-02 15:13:47,@dhiyaulghufran,FINAL JAM 17.30 BROOOO
2025-11-02 15:13:48,@AgasTya-d2h,7
2025-11-02 15:13:48,@Marisha-g2e,ONIC
2025-11-02 15:13:48,@andresiahaan8797,7
2025-11-02 15:13:49,@Elnino1991,MANA WOIII
2025-11-02 15:13:49,@MuhammadikhsanMaulana-j9i,gooooooo alter ego
2025-11-02 15:13:49,@Yhawc,ONIC JUARA BALASKAN KEKALAHAN EVOS
2025-11-02 15:13:50,@reysimanjuntak1052,P*E*P*E*Q Q*O*N*T*O*L K*O*N*G*D*O*M
2025-11-02 15:13:50,@brothink007,7
2025-11-02 15:13:50,@ferlydinan11,VOTE
2025-11-02 15:13:51,@ChiChi-x7l,7
2025-11-02 15:13:52,@wisnunugrhaa9499,"gamau onic dah kebanyakan piala mpl , nanati onic di m7 aja"
2025-11-02 15:13:52,@reysimanjuntak1052,P*E*P*E*Q Q*O*N*T*O*L K*O*N*G*D*O*M
2025-11-02 15:13:53,@ayayna123,ini waktunya onic bukan kita :saluting_face:
2025-11-02 15:13:53,@Vaxxzu,alterchamp mana suaranya
2025-11-02 15:13:54,@EpickDinara,AE JUARANYA
2025-11-02 15:13:54,@rizafahlavi,onic onic
2025-11-02 15:13:55,@brothink007,7
2025-11-02 15:13:55,@ferlydinan11,VOTE
2025-11-02 15:13:56,@dianiagustiani0108,7
2025-11-02 15:13:57,@reysimanjuntak1052,P*E*P*E*Q Q*O*N*T*O*L K*O*N*G*D*O*M
2025-11-02 15:13:57,@Akhdan30,7
2025-11-02 15:13:58,@afdhalllive47,rrq go
2025-11-02 15:13:58,@amaulx3294,Cendy drak sistem
2025-11-02 15:13:58,@brothink007,7
2025-11-02 15:13:59,@ahmadwahyu9425,GO RRQ
2025-11-02 15:13:59,@Marisha-g2e,7
2025-11-02 15:14:00,@ferlydinan11,VOTE MIN
2025-11-02 15:14:01,@reysimanjuntak1052,P*E*P*E*Q Q*O*N*T*O*L K*O*N*G*D*O*M
2025-11-02 15:14:01,@Dandan-97w,chip chip domino
2025-11-02 15:14:02,@saryunsyoutube,ae 3 onic 4
2025-11-02 15:14:02,@brothink007,7
2025-11-02 15:14:03,@Davidzsy,alter ego go go go
2025-11-02 15:14:04,@rizafahlavi,m
2025-11-02 15:14:05,@irwanpermana4435,semoga AE menang
2025-11-02 15:14:05,@ferlydinan11,VOTE MIN
2025-11-02 15:14:05,@reysimanjuntak1052,P*E*P*E*Q Q*O*N*T*O*L K*O*N*G*D*O*M
2025-11-02 15:14:05,@HendraHidayatChannel,GF nta RRQ lawan mana gess?:beaming_face_with_smiling_eyes:
2025-11-02 15:14:06,@Vaxxzu,alterchamp gooo
2025-11-02 15:14:07,@brothink007,7
2025-11-02 15:14:07,@channelgeming5316,RRQ kapan main
2025-11-02 15:14:08,@hyounz9178,7
2025-11-02 15:14:08,@KevinJo-ox8ce,RRQ RAJA DARI SEGALA RAJA GOA
2025-11-02 15:14:08,@EpickDinara,AE JUARANYA
2025-11-02 15:14:09,@reysimanjuntak1052,P*E*P*E*Q Q*O*N*T*O*L K*O*N*G*D*O*M
2025-11-02 15:14:10,@xxtaufikhidayatxx,7
2025-11-02 15:14:11,@reysimanjuntak1052,P*E*P*E*Q Q*O*N*T*O*L K*O*N*G*D*O*M
2025-11-02 15:14:11,@brothink007,7
2025-11-02 15:14:12,@nancymoon940,Gue AE 2.5 juta
2025-11-02 15:14:12,@f3rr99,lama
2025-11-02 15:14:12,@mansyursyam6046,M7 gas
2025-11-02 15:14:14,@dhiyaulghufran,FINAL JAM 17.30 BROOOO
2025-11-02 15:14:14,@Buzz7-l6d,TLPH DIBAGI TELOR AMA RRQ .TLPH MAH TEAM EZ.ONIC MAH TIM APAAN
2025-11-02 15:14:14,@reysimanjuntak1052,P*E*P*E*Q Q*O*N*T*O*L K*O*N*G*D*O*M
2025-11-02 15:14:14,@doniisharianto412,woiiiiiiiiiiiii
2025-11-02 15:14:14,@EpickDinara,AE JUARANYA
2025-11-02 15:14:15,@ferlydinan11,ADMIN NGANTUK
2025-11-02 15:14:15,@KavTzyy,onic
2025-11-02 15:14:16,@brothink007,7
2025-11-02 15:14:16,@ahmadwahyu9425,RRQ KAPAN MAEN?
2025-11-02 15:14:17,@xuryanto5008,INDO INDO INDO :rolling_on_the_floor_laughing::rolling_on_the_floor_laughing::rolling_on_the_floor_laughing:
2025-11-02 15:14:20,@Vanszjungler,:trophy-yellow-smiling:ONIC
2025-11-02 15:14:20,@EpickDinara,AE JUARANYA
2025-11-02 15:14:20,@arrutsuman,menang ae
2025-11-02 15:14:21,@toosca,HAHAHAHAH EGGPOS KAPAN MAEN GESS????
2025-11-02 15:14:23,@brothink007,7
2025-11-02 15:14:23,@SenyukahJaya,semagat
2025-11-02 15:14:24,@BayuSaputra-dj4ho,ONIC:trophy-yellow-smiling:
2025-11-02 15:14:27,@astrolover-o9w,its onic time
2025-11-02 15:14:28,@EpickDinara,AE JUARANYA
2025-11-02 15:14:31,@GERRY563,Sini 100 JT GW PEGANG ONIC:face-blue-smiling:
2025-11-02 15:14:33,@afdhalllive47,go rrq go to the bank game
2025-11-02 15:14:34,@kar4425,67
2025-11-02 15:14:34,@hasnaumarj5757,AE GO GO GO GO GO GO
2025-11-02 15:14:34,@ferlydinan11,VOTENYA MANA MIN
2025-11-02 15:14:35,@Devinaoktaviani-z6f,ayo oniccc
2025-11-02 15:14:35,@azkiya2694,gooo AE
2025-11-02 15:14:36,@wahidihans8292,rrq badut
2025-11-02 15:14:36,@tyaa-h5o,#7
2025-11-02 15:14:36,@SahwanXmlbbSahwanXmlbb,kingdom ayam
2025-11-02 15:14:36,@dickifirmansyah9442,@adam01634 nyo..ada rekber ga?
2025-11-02 15:14:39,@hpredmi3266,onic time
2025-11-02 15:14:40,@bayutegarprakasa3408,onic kalah
2025-11-02 15:14:40,@ayayna123,ini waktunya onic bukan kita :saluting_face:
2025-11-02 15:14:40,@nancymoon940,Gue AE 2.5 juta ini serius
2025-11-02 15:14:41,@azraizadzahari6175,kiukiu
2025-11-02 15:14:42,@KevinJo-ox8ce,RRQ main jam berapa ????
2025-11-02 15:14:43,@mikamika2354,JANGAN CARI YANG GAK ADS
2025-11-02 15:14:44,@Dandan-97w,bandar QQ domino
2025-11-02 15:14:45,@HendraHidayatChannel,Grand final nya RRQ vs mana gess??:face_with_hand_over_mouth:
2025-11-02 15:14:45,@Buzz7-l6d,TLPH DIBAGI TELOR AMA RRQ .TLPH MAH TEAM EZ.ONIC MAH TIM APAAN
2025-11-02 15:14:45,@lewudayak7739,ae
2025-11-02 15:14:45,@ryaanreadmgzn4593,:yt::yt::yt::yt:
2025-11-02 15:14:46,@Vaxxzu,AE is next the champion
2025-11-02 15:14:47,@AtoMic24747,7:index_pointing_up::clown_face:
2025-11-02 15:14:47,@AhmadSyazwan-b8v,KELAMAAN ASTAGAAA
2025-11-02 15:14:47,@ferlydinan11,KAMI BUTUH VOTE
2025-11-02 15:14:47,@dickyvengeance3140,let's go alther ego
2025-11-02 15:14:48,@xrazz-j5z,go RRQ
2025-11-02 15:14:48,@RezaBarja,EVOS kapan main
2025-11-02 15:14:49,@azraizadzahari6175,kiumiu
2025-11-02 15:14:49,@EpickDinara,AE JUARANYA
2025-11-02 15:14:50,@fristakun,:face-purple-crying:
2025-11-02 15:14:50,@sulthonsalpek,RRQ TURU:sleepy_face::sleepy_face:
2025-11-02 15:14:50,@f3rr99,waktu adalah uang
2025-11-02 15:14:53,@yowesmaaf9808,hm
2025-11-02 15:14:54,@hpredmi3266,eek
2025-11-02 15:14:55,@zdnnichol,remehin AE biar juara:moai:
2025-11-02 15:14:55,@EpickDinara,AE JUARANYA
2025-11-02 15:14:55,@KavTzyy,onic
2025-11-02 15:14:56,@afdhalllive47,5 juta Ae
2025-11-02 15:14:57,@HusniMubarok-c3k,onic menang lah
2025-11-02 15:14:57,@mekaagaming,ae semangatt
2025-11-02 15:14:58,@almaarif7690,1000 juta utk AE
2025-11-02 15:14:58,@Davidzsy,ALTER EGO GO GO GO
2025-11-02 15:14:58,@azraizadzahari6175,kurumu
2025-11-02 15:14:59,@AndiAjja-jb6cp,BERANI TARUHAN 3 JUTA ONIC VS AE?
2025-11-02 15:14:59,@ayayna123,oh my kairi :loudly_crying_face::loudly_crying_face:
2025-11-02 15:14:59,@amrangamrang5055,ae go
2025-11-02 15:15:00,@FFA-DRAGON,ada kingdom yg dukung AE karna Nino ada juga yg dukung AE karna benci onic :face_with_tears_of_joy: fakta
2025-11-02 15:15:00,@rizkirinaldi6979,lest go AE
2025-11-02 15:15:00,@EpickDinara,AE JUARANYA
2025-11-02 15:15:01,@BangDIKA2923,AE JUARA
2025-11-02 15:15:01,@Andri123-rs7uv,alter ego akan mengukir sejarah
2025-11-02 15:15:03,@tyaa-h5o,this is oniccc timeee
2025-11-02 15:15:03,@KavTzyy,onic
2025-11-02 15:15:06,@afdhalllive47,gas ae 5 jt
2025-11-02 15:15:06,@lewudayak7739,onic jatuh dr langit
2025-11-02 15:15:07,@EpickDinara,AE JUARANYA
2025-11-02 15:15:07,@madagascargaming6698,udh pasti onic menang
2025-11-02 15:15:08,@f3rr99,apakah match ini mengandung beras
2025-11-02 15:15:08,@Devinaoktaviani-z6f,onic pasti menang
2025-11-02 15:15:09,@kakekmerah-e8n,gelo cendy
2025-11-02 15:15:10,@ROHAYATIRIADI,RRQ
2025-11-02 15:15:11,@RatuVelissa,rrq juara Mulu bosen jadinya
2025-11-02 15:15:11,@mawwiii19,IT'S ONIC TIME
2025-11-02 15:15:11,@ErpinZakaria,onic vs ae sejuta sinii ke wa
2025-11-02 15:15:11,@hafiznurarief9620,AE juara
2025-11-02 15:15:12,@Supeerva4official,ae gokgokgokgokgok
2025-11-02 15:15:13,@KavTzyy,onic
2025-11-02 15:15:14,@xrazz-j5z,lama banget ini mulainya
2025-11-02 15:15:14,@KevinJo-ox8ce,"AE tim apaan ,RRQ punya Lemong Jago Kagura :speaking_head:"
2025-11-02 15:15:15,@RafaFajri-z2w,jam berapa mulai nya
2025-11-02 15:15:16,@EpickDinara,AE JUARANYA
2025-11-02 15:15:17,@ayayna123,ini waktunya onic bukan kita :saluting_face:
2025-11-02 15:15:19,@KavTzyy,onic
2025-11-02 15:15:19,@Mablus_Mablus,harus dong AE juara
2025-11-02 15:15:19,@azraizadzahari6175,gasken
2025-11-02 15:15:20,@dickyvengeance3140,alther ego go go
2025-11-02 15:15:21,@BayuSaputra-dj4ho,:card-red-penalty:
2025-11-02 15:15:22,@Dandan-97w,domino
2025-11-02 15:15:23,@hafiznurarief9620, Draf ny bagus hero pool ny byk
2025-11-02 15:15:24,@EpickDinara,AE JUARANYA
2025-11-02 15:15:25,@mawwiii19,BISMILLAH ONIC JUARA :trophy:
2025-11-02 15:15:27,@alteregobadutmpl16,gak ada sejarahnya badut juara mpl
2025-11-02 15:15:27,@mikhaoktavianus6069,mulai jam beraepa
2025-11-02 15:15:27,@HusniMubarok-c3k,siapa yang dukung onic komentar di bawah ya gess
2025-11-02 15:15:28,@Davidzsy,ALTER EGO GO GO GO!!!!!!
2025-11-02 15:15:28,@getukfams2726,goceng onic nichh
2025-11-02 15:15:30,@Kyyvic,Onic”
2025-11-02 15:15:30,@EtoTheGMfI,RRQ juara M7
2025-11-02 15:15:30,@prabuhardiansah2460,mulai jam berapa
2025-11-02 15:15:30,@ErpinZakaria,onic vc ae gua onic sejuta ke wa
2025-11-02 15:15:30,@hafiznurarief9620,AE 
2025-11-02 15:15:32,@mplindonesia28,rrq
2025-11-02 15:15:33,@EpickDinara,AE JUARANYA
2025-11-02 15:15:33,@Vanszjungler,:popcorn-yellow-striped-smile:
2025-11-02 15:15:34,@PodsAuthenticJoglo,3jt ae lanjut dm aja ROQS
2025-11-02 15:15:35,@nancymoon940,Gue AE 2.5 juta ini serius
2025-11-02 15:15:36,@hafiznurarief9620,AR JUARA
2025-11-02 15:15:36,@heriyadi9605,rrq juaranya
2025-11-02 15:15:37,@afdhalllive47,gas 5 jt up
2025-11-02 15:15:39,@rhofianto8273,BISMILLAH AEE
2025-11-02 15:15:40,@KevinJo-ox8ce,"Onic Team apaan ,RRQ punya Lemong Jago KAGURA :speaking_head:"
2025-11-02 15:15:40,@dominikusdomi543,onic ini juaranya liat aja
2025-11-02 15:15:40,@EpickDinara,AE JUARANYA
2025-11-02 15:15:41,@amrangamrang5055,hah rrq yakin
2025-11-02 15:15:41,@FAZ.CONCEPT_,7
2025-11-02 15:15:42,@hafiznurarief9620,AE JUARA
2025-11-02 15:15:42,@BaiqSukmawati-fd1gy,KINGDOM NYAMAR JADI FANS AE
2025-11-02 15:15:42,@edisun_id,hidup JOKOWI
2025-11-02 15:15:42,@AzuriteXD1080p,gass onicc
2025-11-02 15:15:42,@graceee_aja,ALTERR EGOOOO
2025-11-02 15:15:42,@afrisalnasution9840,7
2025-11-02 15:15:43,@ReyziRendrakilla,apapun hasilnya onic juaranya
2025-11-02 15:15:45,@ryuuuiii,let's go onic
2025-11-02 15:15:45,@berryhefian7306,gooogoo AE
2025-11-02 15:15:45,@ferlydinan11,KAMI BUTUH VOTE
2025-11-02 15:15:45,@FAZ.CONCEPT_,7
2025-11-02 15:15:45,@lu_diem,AE LAH
2025-11-02 15:15:45,@EpickDinara,AE JUARANYA
2025-11-02 15:15:45,@alteregobadutmpl16,AE selama ada Nino sampai kiamat gak bakalan juara
2025-11-02 15:15:46,@ZEHAHAHA-e8v,"dukung onic tp klo ae juarapun gk pp ikhlas klo guamah,"
2025-11-02 15:15:46,@muhammadarya5037,RRQ JELEK
2025-11-02 15:15:46,@yt_ramxz,"FANS FOMO, KARBIT, OKNUM2 PUN JUGA PADA KUMPUL DISINI AHAHAH:face_with_tears_of_joy::rolling_on_the_floor_laughing::rolling_on_the_floor_laughing:"
2025-11-02 15:15:48,@MSafrudin-g7s,drama iklan
2025-11-02 15:15:48,@AliUsman-f3p3k,rrq tim apaan
2025-11-02 15:15:48,@Supersuzy14,viva rrq
2025-11-02 15:15:48,@teamsogokucuriyk6752,abden kang
2025-11-02 15:15:49,@Mlbbshortse,jm brp mainnya ni
2025-11-02 15:15:49,@ferlydinan11,KAMI BUTUH VOTE
2025-11-02 15:15:49,@dickyvengeance3140,alther ego go go
2025-11-02 15:15:50,@Devinaoktaviani-z6f,onic go go
2025-11-02 15:15:50,@ayayna123,ini waktunya onic bukan kita :saluting_face:
2025-11-02 15:15:51,@fyer4289,bismillah AE JUARA 1
2025-11-02 15:15:51,@DAFILAGA,4-0pasti score nya
2025-11-02 15:15:51,@EpickDinara,AE JUARANYA
2025-11-02 15:15:52,@muhammadarya5037,RRRQ MISKIN
2025-11-02 15:15:53,@pemain8778,100jt Onic
2025-11-02 15:15:53,@senowahyu-h5q,10 juta AE MENANG
2025-11-02 15:15:54,@Rexxy690,BISMILLAH AE JUARANYA
2025-11-02 15:15:54,@dominikusdomi543,ku jual mobil gue kalo kalah onic
2025-11-02 15:15:55,@MugiPanjiWardhana,onic
2025-11-02 15:15:55,@t_rexx7915,mulainya jam 17.00 tunggu aja
2025-11-02 15:15:55,@SebubukNigeng,gooo onic
2025-11-02 15:15:56,@Garxyne,:winking_face_with_tongue:
2025-11-02 15:15:56,@ferlydinan11,KAMI BUTUH VOTE
2025-11-02 15:15:56,@kitaajachannel,RRQ 7
2025-11-02 15:15:57,@ayayna123,:face_exhaling:
2025-11-02 15:15:58,@muhammadarya5037,RRQ BIADAP
2025-11-02 15:15:58,@Duniaserangga_,"AE JUARA BIAR MPL IDA GAK JADI LIGA TANI, BOSEN ONIC MULU"
2025-11-02 15:15:59,@RizZ95663,Onic
2025-11-02 15:16:00,@Langgajakim,7
2025-11-02 15:16:01,@EpickDinara,AE JUARANYA
2025-11-02 15:16:02,@FAZ.CONCEPT_,7
2025-11-02 15:16:02,@Supersuzy14,letssgooo rrq juara
2025-11-02 15:16:03,@DiKi25Suryana,onic pasti juara lah
2025-11-02 15:16:03,@ayayna123,bosannyaaa :head_shaking_horizontally:
2025-11-02 15:16:04,@Devinaoktaviani-z6f,bismillah onic menang
2025-11-02 15:16:04,@AchmadMurtado-m5d9n,prediksi guaa juaranya salah satuu nihhh :handshake:
2025-11-02 15:16:04,@PumViin001,bismillah ae
2025-11-02 15:16:04,@Davidzsy,EVOS KAPAN MAIN?
2025-11-02 15:16:04,@Garxyne,7
2025-11-02 15:16:06,@kitaajachannel,7
2025-11-02 15:16:06,@MugiPanjiWardhana,ONIC
2025-11-02 15:16:07,@EpickDinara,AE JUARANYA
2025-11-02 15:16:07,@muhammadarya5037,RRQ BADUT
2025-11-02 15:16:09,@herisugandi535,LEMON THE GOAT MLBB
2025-11-02 15:16:09,@Rexxy690,AE JUARAAAAA
2025-11-02 15:16:09,@ayegemuk8335,hidup joki
2025-11-02 15:16:10,@JoeyJordisonAkbar,AE kyknya sieh
2025-11-02 15:16:10,@hasnaumarj5757,yg dukung RRQ gak ush nonton nanti mewek
2025-11-02 15:16:10,@AliUsman-f3p3k,onic
2025-11-02 15:16:11,@bocil-l3t,gooooo
2025-11-02 15:16:11,@snippet47,7
2025-11-02 15:16:11,@PaiRfi,onic
2025-11-02 15:16:12,@dianiagustiani0108,7
2025-11-02 15:16:13,@snippet47,7
2025-11-02 15:16:13,@diyaslj3001,onik sama rrq bubar aja AE ini yang juara
2025-11-02 15:16:15,@snippet47,7
2025-11-02 15:16:15,@sengaleage5908,ganti music nya bosen
2025-11-02 15:16:16,@smailpolis,GUA DUKUNG ONIC TAPI SETIDAKNYA AE BISA KASIH PERLAWANAN
2025-11-02 15:16:16,@rafidsaragihh,mulai nya jam berapaa iniii??
2025-11-02 15:16:17,@snippet47,7
2025-11-02 15:16:17,@lizafauziah7468,king ae pliss
2025-11-02 15:16:17,@dickyherbowo,lah ad si Cendy skip dulu daah
2025-11-02 15:16:17,@roybenget-pv7is,AE
2025-11-02 15:16:17,@Danangwijaya020,AE 10jt sini
2025-11-02 15:16:17,@myppsurur2068,2jt onic
2025-11-02 15:16:18,@EpickDinara,AE JUARANYA
2025-11-02 15:16:18,@afdhalllive47,top global rrq go
2025-11-02 15:16:18,@alizanawi7294,bismillah onic
2025-11-02 15:16:18,@azzam3057,onic main j brp?
2025-11-02 15:16:18,@Chmbys,AE 2RIBU
2025-11-02 15:16:18,@yefa_halimawan,"apaan si di sini gaada yg fomo""an fun aja"
2025-11-02 15:16:19,@muazjabal7474,ae
2025-11-02 15:16:19,@snippet47,7
2025-11-02 15:16:19,@halleluyahchannel4252,rrq kapan main?
2025-11-02 15:16:19,@muhammadarya5037,RRQ BADUTTTTTYYY:face-blue-smiling:
2025-11-02 15:16:20,@heszypurwanto4929,admin memmejkk
2025-11-02 15:16:21,@rezabychannel8465,AE juaraaaa
2025-11-02 15:16:21,@Santosorizki-n5k1z,Onic fiks
2025-11-02 15:16:21,@dedifebriharianto1852,taruhan game 1
2025-11-02 15:16:22,@KevinJo-ox8ce,RRQ main jam berapa ?
2025-11-02 15:16:22,@dimasprasetyo3354,GOAAAAAAA
2025-11-02 15:16:22,@datditdut_2,ONICC
2025-11-02 15:16:23,@RidhoSimanjuntak-r2b,AE MENGUKIR SEJARAH
2025-11-02 15:16:23,@Vee_Onez,onic
2025-11-02 15:16:24,@fauzi_dong0,KINGDOM NYAMAR JADI ALTERCAMP
2025-11-02 15:16:24,@Buzz7-l6d,TLPH DIBAGI TELOR AMA RRQ .TLPH MAH TEAM EZ.ONIC MAH TIM APAAN.SEMUA YG BENCI RRQ ITU CUMAN IRI AMA RRQ
2025-11-02 15:16:25,@EpickDinara,AE JUARANYA
2025-11-02 15:16:26,@ayegemuk8335,hidup joki ajing biji hilang satu
2025-11-02 15:16:26,@Sugeng.channel1445,AE punya doa jalur langit
2025-11-02 15:16:26,@ayayna123,00.00
2025-11-02 15:16:26,@yayannurendra,RRQ RAJA DARI SEGALA RAJA
2025-11-02 15:16:28,@najmaatssaqib6044,Onicc
2025-11-02 15:16:28,@kim_gaming472,:winking_face_with_tongue::backhand_index_pointing_up:
2025-11-02 15:16:29,@Vee_Onez,onic
2025-11-02 15:16:29,@PaiRfi,onic
2025-11-02 15:16:29,@ZakiHamdani-x2d,rrq juara nontonin play op 
2025-11-02 15:16:30,@snippet47,RRQ KAPAN MAINNYA?
2025-11-02 15:16:30,@FFA-DRAGON,jangan taruhan nanti tim yg kalian dukung kalah gamau bayar :face_with_tears_of_joy:
2025-11-02 15:16:30,@MohdAdam-h7s,lah
2025-11-02 15:16:30,@nancymoon940,Gue AE 2.5 juta ini serius
2025-11-02 15:16:30,@Chmbys,AE 5ribu
2025-11-02 15:16:30,@CemsutOkem,pasti bocil kingdom lagi nonton juga
2025-11-02 15:16:30,@EpickDinara,AE JUARANYA
2025-11-02 15:16:31,@dianiagustiani0108,Onic juara
2025-11-02 15:16:31,@yayannurendra,RRQ RAJA DARI SEGALA RAJA
2025-11-02 15:16:32,@ZhohoriMemet-v7n,ayok onic kalian pasti menang LG :flexed_biceps:
2025-11-02 15:16:32,@MuhammadRifan-q6f,onic
2025-11-02 15:16:32,@Lannsukamieayam,7
2025-11-02 15:16:33,@BangJoiss,KING AE
2025-11-02 15:16:33,@herisugandi535,LEMON THE REAL GOAT :lemon::lemon::lemon:
2025-11-02 15:16:34,@dedifebriharianto1852,onik 1jt
2025-11-02 15:16:34,@AkuMwKue,gas AE
2025-11-02 15:16:34,@PuutJebredead,lama banget
2025-11-02 15:16:36,@AdammSimanjuntak,yuuuu ae
2025-11-02 15:16:36,@abdulhakim1561,Ucup jarko
2025-11-02 15:16:36,@dimasprasetyo3354,*GOOOAAAAAA*
2025-11-02 15:16:37,@yayannurendra,RRQ RAJA DARI SEGALA RAJA
2025-11-02 15:16:37,@EpickDinara,AE JUARANYA
2025-11-02 15:16:37,@ucupmarucup-767,1jt ONIC
2025-11-02 15:16:37,@najmaatssaqib6044,Ae jago bgt
2025-11-02 15:16:37,@anz226,Rrq kapan main min
2025-11-02 15:16:37,@rifankhaerul3597,Ngaret
2025-11-02 15:16:38,@rafidsaragihh,onic
2025-11-02 15:16:38,@herisugandi535,LEMON THE REAL GOAT :lemon::lemon::lemon:
2025-11-02 15:16:38,@btnpls,W
2025-11-02 15:16:39,@bintanghariri,ONIC
2025-11-02 15:16:39,@febryputra1860,AE JUARA
2025-11-02 15:16:40,@MohdAdam-h7s,iklan trus
2025-11-02 15:16:40,@asekumar30,goooook AE
2025-11-02 15:16:40,@ayayna123,iklannya masyaallah tabarakallah
2025-11-02 15:16:41,@Devinaoktaviani-z6f,gooo onic
2025-11-02 15:16:41,@yayannurendra,RRQ RAJA DARI SEGALA RAJA
2025-11-02 15:16:42,@EpickDinara,AE JUARANYA
2025-11-02 15:16:42,@Buzz7-l6d,TLPH DIBAGI TELOR AMA RRQ .TLPH MAH TEAM EZ.ONIC MAH TIM APAAN.SEMUA YG BENCI RRQ ITU CUMAN IRI AMA RRQ
2025-11-02 15:16:42,@MuhammadRifan-q6f,onic
2025-11-02 15:16:44,@delaerika2017,#cuma evos
2025-11-02 15:16:44,@RockandRoll-1993,"entah kenapa gua masih yakin ONIC juara, 4:2 tapi ya semangat aja, apapun hasilnya kalian sudah lakukan yang terbaik..."
2025-11-02 15:16:44,@KavTzyy,ONIC
2025-11-02 15:16:44,@herisugandi535,LEMON THE REAL GOAT :lemon::lemon::lemon:
2025-11-02 15:16:45,@Nurmanrasyid-fk9gj,mn nih
2025-11-02 15:16:45,@edw3358,jgn lupa untuk Respek banned
2025-11-02 15:16:46,@Arrasy-iy8pt,ONIC
2025-11-02 15:16:46,@yayannurendra,RRQ RAJA DARI SEGALA RAJA
2025-11-02 15:16:47,@PanggilAjaNius,MANA SUARANYA SONIC ANGKAT PIALAAA???
2025-11-02 15:16:47,@bintanghariri,ONIC
2025-11-02 15:16:48,@saipensi9155,nino
2025-11-02 15:16:48,@toXdwipa,kesuweeen
2025-11-02 15:16:48,@Rezins45,aku lah sang kingdon
2025-11-02 15:16:49,@DafBiru,"RRQ aja ga lolos,gimana mau main:cat_with_tears_of_joy::face_holding_back_tears::cat_with_tears_of_joy:"
2025-11-02 15:16:50,@EpickDinara,AE JUARANYA
2025-11-02 15:16:50,@opluffy5500,yamet kudasai
2025-11-02 15:16:50,@rielsekuy3090,lama
2025-11-02 15:16:51,@Akhmadsatori-e1j,onic sans landak kuning:flexed_biceps:
2025-11-02 15:16:51,@ManShirashiii,onic pliss
2025-11-02 15:16:51,@yayannurendra,RRQ RAJA DARI SEGALA RAJA
2025-11-02 15:16:52,@theCrescentMoon833,Kingdom banyak ganti skin jadi Alterchamps wkwk
2025-11-02 15:16:52,@adriangaming4834,onicccccccccccccc
2025-11-02 15:16:52,@allfriends-b1y,KASIH
2025-11-02 15:16:53,@herisugandi535,LEMON THE REAL GOAT :lemon::lemon::lemon:
2025-11-02 15:16:54,@MuhammadRifan-q6f,onic
2025-11-02 15:16:54,@rifankhaerul3597,:text-green-game-over:
2025-11-02 15:16:54,@Devinaoktaviani-z6f,1jt onic
2025-11-02 15:16:54,@adibainunnajah3653,AE
2025-11-02 15:16:54,@DAK_jkjk03,ALTER EGO
2025-11-02 15:16:54,@ayayna123,astaghfirullah
2025-11-02 15:16:55,@bintanghariri,ONIC
2025-11-02 15:16:55,@pemain8778,Onic 100jt
2025-11-02 15:16:56,@BaiqSukmawati-fd1gy,iklan dlu
2025-11-02 15:16:56,@Ryan_fer20,AE YOK KASIAN NINO BELUM NGERASAIN JUARA
2025-11-02 15:16:56,@stecu-j5f,ONIC
2025-11-02 15:16:56,@KavTzyy,ONIC
2025-11-02 15:16:57,@Yaya-p3u,RRQ KAPAN MAIN??????
2025-11-02 15:16:57,@EpickDinara,AE JUARANYA
2025-11-02 15:16:57,@PanggilAjaNius,7
2025-11-02 15:16:58,@azraizadzahari6175,kelqmaan
2025-11-02 15:16:58,@yayannurendra,RRQ RAJA DARI SEGALA RAJA
2025-11-02 15:16:59,@PuutJebredead,onic lah juaranya
2025-11-02 15:16:59,@BangJoiss,2 jt AE
2025-11-02 15:17:00,@adibainunnajah3653,ONIC
2025-11-02 15:17:00,@Arrasy-iy8pt,ONIC MENANG
2025-11-02 15:17:00,@bintanghariri,ONIC
2025-11-02 15:17:01,@arui414,7
2025-11-02 15:17:01,@agamagusti574,kapan mulai
2025-11-02 15:17:02,@fathifathi7897,yuk aek piala pertama
2025-11-02 15:17:02,@aaskachanel1539,2 juta ae
2025-11-02 15:17:02,@JoeyJordisonAkbar,demi inget
2025-11-02 15:17:02,@EpickDinara,AE JUARANYA
2025-11-02 15:17:02,@ONIC_nabila,ONICCCCC
2025-11-02 15:17:03,@PanggilAjaNius,7
2025-11-02 15:17:03,@Sembarang-j5g,uda kasih ae ajha piala nya guys
2025-11-02 15:17:03,@DashenS-v5b,AE bottttttttt
2025-11-02 15:17:03,@rorojzok-ul7ui,onic juara
2025-11-02 15:17:04,@Mdhafanszyaaldi,go go onic
2025-11-02 15:17:04,@abdulhakim1561,Ucup jarko
2025-11-02 15:17:04,@MuhammadRifan-q6f,onic
2025-11-02 15:17:04,@yayannurendra,RRQ RAJA DARI SEGALA RAJA
2025-11-02 15:17:05,@dickyvengeance3140,bismillah :folded_hands: alther ego
2025-11-02 15:17:05,@PanggilAjaNius,7
2025-11-02 15:17:05,@Mablus_Mablus,kurangin gengsi up mental let's go angkat trofi AE
2025-11-02 15:17:06,@Buzz7-l6d,TLPH DIBAGI TELOR AMA RRQ .TLPH MAH TEAM EZ.ONIC MAH TIM APAAN.SEMUA YG BENCI RRQ ITU CUMAN IRI AMA RRQ
2025-11-02 15:17:06,@ayayna123,ini waktunya onic bukan kita :saluting_face:
2025-11-02 15:17:07,@Davidzsy,ALTER EGO
2025-11-02 15:17:07,@EpickDinara,AE JUARANYA
2025-11-02 15:17:08,@dm-ig6dy,maennya jam setengah 6 kan?
2025-11-02 15:17:08,@Rapaa_chanellllll,penduduk asli goa hitam pepeqiiii
2025-11-02 15:17:08,@rorojzok-ul7ui,oniccv
2025-11-02 15:17:09,@saipensi9155,AE WOYY:face-blue-smiling:
2025-11-02 15:17:09,@PanggilAjaNius,7
2025-11-02 15:17:10,@KavTzyy,onic
2025-11-02 15:17:10,@yayannurendra,RRQ RAJA DARI SEGALA RAJA
2025-11-02 15:17:11,@azraizadzahari6175,lama
2025-11-02 15:17:11,@raziqraziq-d3x,onic
2025-11-02 15:17:11,@adibainunnajah3653,udah ketebak
2025-11-02 15:17:12,@allfriends-b1y,RESPECT AE KASIH AE JUARA
2025-11-02 15:17:12,@EpickDinara,AE JUARANYA
2025-11-02 15:17:12,@PanggilAjaNius,7
2025-11-02 15:17:14,@octafreu,AE ALL IN
2025-11-02 15:17:14,@A_sulaiman7,lets go ae
2025-11-02 15:17:14,@nurfaidah1984,bismillah semoga AE menang aminn' 
2025-11-02 15:17:15,@PanggilAjaNius,7
2025-11-02 15:17:15,@muhammadnafi4025,semangat perwakilan M7 from kingdom
2025-11-02 15:17:16,@yayannurendra,RRQ RAJA DARI SEGALA RAJA
2025-11-02 15:17:16,@DashenS-v5b,oniccccc
2025-11-02 15:17:16,@aryantoernaanto1629,ayo AE ukir sejarah....
2025-11-02 15:17:17,@EpickDinara,AE JUARANYA
2025-11-02 15:17:18,@rifankhaerul3597,respect
2025-11-02 15:17:19,@kupp-ee9uh,jam brp star nya
2025-11-02 15:17:19,@FadilMolangga,yang mau taruhan sini
2025-11-02 15:17:19,@PanggilAjaNius,7
2025-11-02 15:17:19,@EKARACHMAT-ne5fp,"katanya doang main jam 4 tapi di mulainya subuh, kebiasaan"
2025-11-02 15:17:19,@MuhammadRifan-q6f,yok bisa yok onic
2025-11-02 15:17:19,@JoeyJordisonAkbar,demi ungger
2025-11-02 15:17:19,@Devinaoktaviani-z6f,onic goo
2025-11-02 15:17:19,@ryanramadhan4501,ini bgian tim apa
2025-11-02 15:17:20,@raziqraziq-d3x,king onik bos
2025-11-02 15:17:20,@alllumum7640,ae or onic?
2025-11-02 15:17:22,@TagorHeru,AE
2025-11-02 15:17:22,@PanggilAjaNius,7
2025-11-02 15:17:23,@rifankhaerul3597,respect
2025-11-02 15:17:24,@EpickDinara,AE JUARANYA
2025-11-02 15:17:24,@Amang_Ku,SKIP IKLAN
2025-11-02 15:17:24,@Pemadamgasing10261,7
2025-11-02 15:17:24,@EsterOlivio,lama banget jir
2025-11-02 15:17:24,@nancymoon940,Gue AE 2.5 juta ini serius
2025-11-02 15:17:25,@julz1443,ONIC (4) vs AE (1)
2025-11-02 15:17:25,@arul1119,sahrONIC
2025-11-02 15:17:25,@MeyshaNurain,onic
2025-11-02 15:17:26,@kupp-ee9uh,jam brp mulai nya
2025-11-02 15:17:26,@arui414,m7
2025-11-02 15:17:26,@AkbarFiransyah-u3l,maen jam brpa guys
2025-11-02 15:17:27,@KevinJo-ox8ce,Langsung aja Kasih Pialanya KE KING RRQ:face-blue-smiling:
2025-11-02 15:17:28,@rafidsaragihh,7
2025-11-02 15:17:28,@alfidtaruk,RAJA GOA
2025-11-02 15:17:28,@FadilMolangga,yang mau taruhan sini
2025-11-02 15:17:28,@yayannurendra,RRQ RAJA DARI SEGALA RAJA
2025-11-02 15:17:28,@Asbullah-y6u,siapa yang main hari ini we
2025-11-02 15:17:29,@Paridilpaing,diatas langit ada apa
2025-11-02 15:17:29,@rifankhaerul3597,respect
2025-11-02 15:17:30,@Rapaa_chanellllll,#7
2025-11-02 15:17:30,@HappyfamilySf,1 Milyar gue pegang Onic
2025-11-02 15:17:30,@NizamAlsyarief-o9v,yang tim nya ga lolos playof jangan berisik
2025-11-02 15:17:32,@ferlydinan11,SAMSUNG FRAME DROP
2025-11-02 15:17:32,@Buzz7-l6d,TLPH DIBAGI TELOR AMA RRQ .TLPH MAH TEAM EZ.ONIC MAH TIM APAAN.SEMUA YG BENCI RRQ ITU CUMAN IRI AMA RRQ
2025-11-02 15:17:32,@Arrasy-iy8pt,1
2025-11-02 15:17:33,@yizreelfernandoabel470,katanya jam 10 malam rrq vs evos.
2025-11-02 15:17:34,@Rapaa_chanellllll,#7
2025-11-02 15:17:34,@Devinaoktaviani-z6f,onic pasti menangggg
2025-11-02 15:17:35,@saipensi9155,AE AAMIIN:face-blue-smiling:
2025-11-02 15:17:36,@aneibachannel5742,onic
2025-11-02 15:17:36,@rorojzok-ul7ui,ada yang berani taruhan ga?
2025-11-02 15:17:36,@dilzzcxc,ayokkk landak juara
2025-11-02 15:17:36,@NearJoestarr,Kasih Aja Pialanya Ke AE
2025-11-02 15:17:37,@A_sulaiman7,kindong bersama altercamp
2025-11-02 15:17:38,@Vee_Onez,onic
2025-11-02 15:17:38,@noorazwan3133,bila mula??
2025-11-02 15:17:39,@MrWhite-e4m,7
2025-11-02 15:17:39,@6e_pelmasoraya18,onicc
2025-11-02 15:17:40,@Rapaa_chanellllll,#7
2025-11-02 15:17:40,@djdidiwahana8582,alter champs go go
2025-11-02 15:17:41,@yayannurendra,RRQ RAJA DARI SEGALA RAJA
2025-11-02 15:17:42,@dikigifari2442,lama
2025-11-02 15:17:43,@Nyengenye,percaya atau tidak ae yang juara 4-3
2025-11-02 15:17:44,@Qyy_21,rrq mana katanya final lewat undangan parah ni mpl:face-purple-smiling-tears:
2025-11-02 15:17:44,@Tio-c9v,AKHIRNYA
2025-11-02 15:17:45,@shinorines,ONIC
2025-11-02 15:17:45,@yizreelfernandoabel470,katanya jam 10 malam rrq vs evos.
2025-11-02 15:17:45,@ChrisnaPutra-n8v,2jt aja onic
2025-11-02 15:17:45,@KavTzyy,onic
2025-11-02 15:17:45,@kucing-salto25,AE menangkan lah #kingdom
2025-11-02 15:17:46,@Irafandi,rrq kok ga mian
2025-11-02 15:17:48,@sandraardicahyo3354,BISMILLAH ALTER EGOOOO
2025-11-02 15:17:48,@ARDI-96-vft,lamaaaaaa
2025-11-02 15:17:49,@pokusdluaj,NUNGGU APAAN LAGI DAH LAMA MULAI NYAA
2025-11-02 15:17:49,@careragaming2714,jam berapa yaa mainnya
2025-11-02 15:17:50,@Rapaa_chanellllll,#7
2025-11-02 15:17:51,@ayyaaaa-gy2uv,"pada nungguin apaan jir, mainnya masih lama woi"
2025-11-02 15:17:51,@dickyvengeance3140,AE 4-2 onic bismillah :folded_hands: AE juara
2025-11-02 15:17:51,@yayannurendra,RRQ RAJA DARI SEGALA RAJA
2025-11-02 15:17:51,@bimasakti5721,HALA MADRID!!!
2025-11-02 15:17:52,@dmnnn9,iklan sue
2025-11-02 15:17:52,@FadilMolangga,gw megang onic
2025-11-02 15:17:52,@Rii-i7s,main jam berapa
2025-11-02 15:17:54,@alfiepiee1900,Onic
2025-11-02 15:17:54,@rorojzok-ul7ui,rrq badut :clown_face:
2025-11-02 15:17:54,@TarakaArdani,woi
2025-11-02 15:17:55,@Shah11r,final RRQ vs Evos kapan gais?
2025-11-02 15:17:55,@KavTzyy,onic
2025-11-02 15:17:57,@mgalihpramudika9707,7
2025-11-02 15:17:57,@djdidiwahana8582,iklan
2025-11-02 15:17:57,@trytoshow,MULAI JAM BERAPA
2025-11-02 15:17:58,@haziqhaiqal4901,ae juara nih
2025-11-02 15:17:58,@AliUsman-f3p3k,mangan
2025-11-02 15:17:59,@putramndala-x3q2i,RRG RAJA DARI SEGALA RAJA
2025-11-02 15:17:59,@EpickDinara,AE PASTI MENANG
2025-11-02 15:18:00,@mgalihpramudika9707,7
2025-11-02 15:18:01,@Antocozy,lamaaa
2025-11-02 15:18:01,@julz1443,onic vs ae 4-1
2025-11-02 15:18:01,@muhammadirham5254,sya rasa onic mengalah
2025-11-02 15:18:01,@A_sulaiman7,KINGDOM BERSAMA ALTERCAMP
2025-11-02 15:18:02,@BaniAlikhsan,ONIC
2025-11-02 15:18:02,@TarakaArdani,kelaS
2025-11-02 15:18:02,@fenzz.official,lma kli
2025-11-02 15:18:03,@RendyNtz,5-0
2025-11-02 15:18:03,@muhammadraafi9442,rrq majn ntr jam 2 pagi
2025-11-02 15:18:04,@PumViin001,samsunggggg
2025-11-02 15:18:05,@arilariansyah3382,aeee juara nih
2025-11-02 15:18:05,@nicofernandositorus7205,onic
2025-11-02 15:18:05,@yayannurendra,RRQ RAJA DARI SEGALA RAJA
2025-11-02 15:18:05,@vickymartin126,RRQ JUARA
2025-11-02 15:18:06,@mgalihpramudika9707,7
2025-11-02 15:18:06,@KevinJo-ox8ce,Jom Tengok RRQ di GOA :speaking_head:
2025-11-02 15:18:06,@radennicoavdiansyah167,lama nian woy
2025-11-02 15:18:07,@IffatBotak,jam brp sih mainnya
2025-11-02 15:18:07,@YosepMahardika-c5o,RAJA DARI SEGALA RENNER UP ETSSS
2025-11-02 15:18:07,@Aditya-Rachman09,AE 10JT SINI
2025-11-02 15:18:08,@Amang_Ku,banyak iklan
2025-11-02 15:18:08,@Davidzsy,ALTER EGO LET'S GO!!!!!!!
2025-11-02 15:18:09,@mgalihpramudika9707,7
2025-11-02 15:18:09,@ROHAYATIRIADI,onic kalah 1jt
2025-11-02 15:18:09,@dindaalyatanpabatas,Yang nonton 10ribu yg like cuma 2 ribu:body-blue-raised-arms:
2025-11-02 15:18:09,@cipiyaaa3241,lesgooo
2025-11-02 15:18:10,@ALIFTzr01,bismillah onic juara yaallah aminnn
2025-11-02 15:18:10,@dmnnn9,gjls iklan
2025-11-02 15:18:10,@BayuSaputra-dj4ho,Galaxy s25
2025-11-02 15:18:10,@omaga2337,MAIN NYA JAM 17.30 BROO
2025-11-02 15:18:11,@jziemn,17 30 mulainya
2025-11-02 15:18:11,@tiyotiyo2521,all in onic
2025-11-02 15:18:11,@distaardi7390,AE SEPELE KIDSS
2025-11-02 15:18:11,@rizkybatmanbb,rrq badut
2025-11-02 15:18:11,@yayannurendra,RRQ RAJA DARI SEGALA RAJA
2025-11-02 15:18:11,@abayywrjm,sule klarifikasi
2025-11-02 15:18:12,@AkbarFiransyah-u3l,17 30 anjir maennya
2025-11-02 15:18:12,@mgalihpramudika9707,7
2025-11-02 15:18:14,@EpickDinara,AE PASTI MENANG
2025-11-02 15:18:14,@BimaSyakti,7
2025-11-02 15:18:14,@dindaalyatanpabatas,Yang nonton 10ribu yg like cuma 2 ribu:body-blue-raised-arms:
2025-11-02 15:18:15,@TannSokharith,RRQ
2025-11-02 15:18:15,@defindrastevitanor3817,onic time
2025-11-02 15:18:15,@whissies,berapa jam lagi si?
2025-11-02 15:18:16,@mgalihpramudika9707,7
2025-11-02 15:18:17,@dwvn5792,ALTER EGO AKAN MENGUKIR SEJARAH!!
2025-11-02 15:18:18,@Ridwan-m-t9f,iklan segaban wak
2025-11-02 15:18:18,@yayannurendra,RRQ RAJA DARI SEGALA RAJA
2025-11-02 15:18:19,@AliUsman-f3p3k,mangan
2025-11-02 15:18:19,@renopml-hj2xe,onic menang
2025-11-02 15:18:19,@dindaalyatanpabatas,Yang nonton 10ribu yg like cuma 2 ribu:body-blue-raised-arms:
2025-11-02 15:18:22,@EpickDinara,AE PASTI MENANG
2025-11-02 15:18:22,@SaSa-kg1sd,taruhan dosa besar
2025-11-02 15:18:22,@BaiqSukmawati-fd1gy,RRQ RAJA DARI SEGALA BADUT :clown_face:
2025-11-02 15:18:22,@dirgafajrr,7
2025-11-02 15:18:24,@makanbangku8362,rrq
2025-11-02 15:18:24,@rundyahdyd,mulai jam brp ini
2025-11-02 15:18:24,@dindaalyatanpabatas,Yang nonton 10ribu yg like cuma 2 ribu:body-blue-raised-arms:
2025-11-02 15:18:25,@TarakaArdani,ngantuk min
2025-11-02 15:18:25,@ridwangaming533,ini score 4-1 feeling
2025-11-02 15:18:25,@akbarzax2077,AE letsgoooooooo
2025-11-02 15:18:26,@fareeda1216,"Game 15 MENIT, IKLAN 2 jam?? GAK MALU APA MOBILE LEGEND SAMA GAME MOBA LAIN??"
2025-11-02 15:18:27,@distaardi7390,AE SEPELE
2025-11-02 15:18:27,@defindrastevitanor3817,bolabdia
2025-11-02 15:18:27,@AliUsman-f3p3k,7
2025-11-02 15:18:27,@SaSa-kg1sd,taruhan dosa besar
2025-11-02 15:18:28,@defindrastevitanor3817,bolkoajta
2025-11-02 15:18:29,@CutZahra-e2t,onic time
2025-11-02 15:18:30,@AliUsman-f3p3k,77
2025-11-02 15:18:31,@JoeyJordisonAkbar,ONIC or AE
2025-11-02 15:18:31,@haziqhaiqal4901,logo mpl id nya mau diturunin sendiri apa mau diturunin king ae
2025-11-02 15:18:32,@SendalBolong-c2j,goo RRQ JUARA
2025-11-02 15:18:32,@Aditya-Rachman09,"AE 10JT SINI, DM GUA @ronalph"
2025-11-02 15:18:33,@ayayna123,semangat landak lucu :red_heart:
2025-11-02 15:18:33,@SaSa-kg1sd,taruhan dosa besar
2025-11-02 15:18:33,@hizkiagoodjob5452,jam berapa sih
2025-11-02 15:18:34,@marknct-jb5os,jam brpa?
2025-11-02 15:18:34,@defindrastevitanor3817,bolokokata
2025-11-02 15:18:34,@dindaalyatanpabatas,Yang nonton 10ribu yg like cuma 2 ribu:body-blue-raised-arms:
2025-11-02 15:18:34,@andreana7929,7
2025-11-02 15:18:35,@Kalia-f4x,udah rame aja nih
2025-11-02 15:18:35,@yayannurendra,RRQ RAJA DARI SEGALA RAJA
2025-11-02 15:18:35,@saipensi9155,nunggu gorengan dibagikan:face-blue-smiling:
2025-11-02 15:18:35,@Rapaa_chanellllll,JAM 5 ANJ MULAI NYAAA
2025-11-02 15:18:35,@Tahru-fb8xm,7
2025-11-02 15:18:36,@omegamccviNozoMi,WOI KOH DELWYN LIVE DONG
2025-11-02 15:18:36,@andreana7929,7
2025-11-02 15:18:36,@AliUsman-f3p3k,77
2025-11-02 15:18:37,@aira-w5s,harap 4-3
2025-11-02 15:18:38,@TarakaArdani,min sung ae
2025-11-02 15:18:38,@Kalia-f4x,udah rame aja nih
2025-11-02 15:18:38,@SaSa-kg1sd,taruhan dosa besar
2025-11-02 15:18:38,@NemzzGud01,fix rrq goa
2025-11-02 15:18:39,@Mablus_Mablus,AE suka di sepelein catat
2025-11-02 15:18:40,@andreana7929,7
2025-11-02 15:18:40,@AliUsman-f3p3k,77
2025-11-02 15:18:41,@rifankhaerul3597,HAUS BROADCASTING
2025-11-02 15:18:41,@dindaalyatanpabatas,Yang nonton 10ribu yg like cuma 2 ribu:body-blue-raised-arms:
2025-11-02 15:18:41,@andreana7929,7
2025-11-02 15:18:42,@RyaaNatNat,mulaikhaa?????
2025-11-02 15:18:42,@Akbar2631,rrq gak lolos oi
2025-11-02 15:18:42,@Tahru-fb8xm,7
2025-11-02 15:18:42,@NdddNdndnene,7
2025-11-02 15:18:43,@hpredmi3266,wong irrrrrrrrrreng
2025-11-02 15:18:43,@Kalia-f4x,udah rame aja nih
2025-11-02 15:18:44,@AliUsman-f3p3k,77
2025-11-02 15:18:46,@Zidanalfarizqi-j1l,masih iklan wok
2025-11-02 15:18:47,@MugiPanjiWardhana,ONIC time
2025-11-02 15:18:47,@roockyky349,deg degan aaaa :smiling_face_with_tear:
2025-11-02 15:18:47,@SaSa-kg1sd,taruhan dosa besar
2025-11-02 15:18:47,@vickymartin126,RRQ DI ATAS ONIC
2025-11-02 15:18:48,@AliUsman-f3p3k,7
2025-11-02 15:18:48,@ilusioncell9911,ae
2025-11-02 15:18:48,@ayayna123,loh
2025-11-02 15:18:48,@pemain8778,Onic 100jt
2025-11-02 15:18:49,@kucing-salto25,AE MANA SUARANYA
2025-11-02 15:18:50,@ilusioncell9911,ae
2025-11-02 15:18:51,@AlberSimbolon-d2v,ONIC 25 JT
2025-11-02 15:18:51,@dindaalyatanpabatas,Yang nonton 10ribu yg like cuma 2 ribu:body-blue-raised-arms:
2025-11-02 15:18:51,@DafaMaulana-f5e,4-0
2025-11-02 15:18:51,@azkanaufalrachmat7427,onic onic onic
2025-11-02 15:18:52,@udendago2444,admin pusing:beaming_face_with_smiling_eyes:
2025-11-02 15:18:53,@ilusioncell9911,ae
2025-11-02 15:18:53,@omaga2337,MAINYA JAM 17.30
2025-11-02 15:18:53,@Buzz7-l6d,TLPH DIBAGI TELOR AMA RRQ .TLPH MAH TEAM EZ.ONIC MAH TIM APAAN.SEMUA YG BENCI RRQ ITU CUMAN IRI AMA RRQ
2025-11-02 15:18:54,@Devinaoktaviani-z6f,udah sore kali
2025-11-02 15:18:54,@safa-_1717,plis deh ya jangan bawa bawa yang ga Lagi ga ada di sini dukung yang lagi main.
2025-11-02 15:18:55,@ilusioncell9911,ae
2025-11-02 15:18:56,@Kalia-f4x,udah rame aja nih
2025-11-02 15:18:56,@Lifeupdate2025,gua pengen eeek
2025-11-02 15:18:57,@dindaalyatanpabatas,Yang nonton 10ribu yg like cuma 2 ribu:body-blue-raised-arms:
2025-11-02 15:18:58,@ilusioncell9911,ae
2025-11-02 15:19:00,@ayayna123,Lo ee Lo ee
2025-11-02 15:19:00,@muhammadirham5254,onic sengaja mengalah
2025-11-02 15:19:00,@ilusioncell9911,ae
2025-11-02 15:19:01,@dedifebriharianto1852,onik 1jt
2025-11-02 15:19:01,@KENZ-gaming2,bismillahirrahmanirrahim semoga onic menang amin:palms_up_together:
2025-11-02 15:19:01,@AhmadHamdani-x2k,onic 2jt
2025-11-02 15:19:04,@ilusioncell9911,ae
2025-11-02 15:19:05,@ChachaAishteru,ae yg menang gua tandai
2025-11-02 15:19:05,@DianAdriansyahYan,seru nih
2025-11-02 15:19:05,@ilusioncell9911,ae
2025-11-02 15:19:07,@SalehSaleh-f8u,go onic time :hedgehog::red_heart:
2025-11-02 15:19:08,@ilusioncell9911,ae
2025-11-02 15:19:08,@ikhfanadewansyah1892,yang menang lawan ererki
2025-11-02 15:19:08,@Kalia-f4x,udah rame aja nih
2025-11-02 15:19:10,@ilusioncell9911,ae
2025-11-02 15:19:12,@adamhamdani9001,set6 woy maenya
2025-11-02 15:19:12,@BimaSyakti,RAJA DARI SEGALA RAJA KEMANA YA
2025-11-02 15:19:13,@hafiz..haFIZZ,7
2025-11-02 15:19:13,@ilusioncell9911,ae
2025-11-02 15:19:13,@KevinJo-ox8ce,RRQ Kapan main ??
2025-11-02 15:19:14,@distaardi7390,AE SEPELE COACH STARSYNDROM
2025-11-02 15:19:14,@JongJeng-v5v,:hand-pink-waving:
2025-11-02 15:19:14,@dindaalyatanpabatas,"Yang nonton 10ribu yg like cuma 2,7ribu:body-blue-raised-arms:"
2025-11-02 15:19:14,@Calonviral_,7
2025-11-02 15:19:15,@Kalia-f4x,udah rame aja nih
2025-11-02 15:19:15,@AliandraFoto,Ae 5jt
2025-11-02 15:19:16,@syarifuddinudin7382,onicc
2025-11-02 15:19:16,@SalehSaleh-f8u,go onic time :hedgehog::red_heart:
2025-11-02 15:19:18,@TresnaPadmiyati,AE 10 JT AYO YANG BERANI
2025-11-02 15:19:18,@omegamccviNozoMi,KOH LIVE DONG KOH
2025-11-02 15:19:19,@StellaUmaa,"aelah taruhan 100jt, makan aja masih pakai telor"
2025-11-02 15:19:22,@Basyir123,p
2025-11-02 15:19:22,@aldiofficial848,lamaaaa
2025-11-02 15:19:23,@dindaalyatanpabatas,"Yang nonton 10ribu yg like cuma 2,7ribu:body-blue-raised-arms:"
2025-11-02 15:19:23,@RosPratista,onic
2025-11-02 15:19:23,@aghupising7768,KATAKAN PADA DUNIA KING EVOS PULANG KE GOA WKWKWK
2025-11-02 15:19:23,@ZOLZOLZOLZOL-o2t,DEMI APAAH? WKWKW
2025-11-02 15:19:24,@rakhaammar1268,Ae fiks
2025-11-02 15:19:24,@SiduL-cc1pr,go go go m
2025-11-02 15:19:27,@butsssss6866,MAIN JAM 17:30
2025-11-02 15:19:29,@ilusioncell9911,ae
2025-11-02 15:19:30,@Rinso123-x6v,HAPE PADA XIOMI SOK TARUHAN
2025-11-02 15:19:31,@rizalHAsad,ae gas
2025-11-02 15:19:31,@Devinaoktaviani-z6f,:elbowcough::elbowcough:
2025-11-02 15:19:31,@FUNNETid,"ae 10jt, adakah ?"
2025-11-02 15:19:32,@ilusioncell9911,ae
2025-11-02 15:19:32,@yudiganteng5024,kingdom jngan kepancing.. mereka itu sengaja hina2 kingdom supaya kingdom ramai dsini
2025-11-02 15:19:33,@Ryundi,RRQ
2025-11-02 15:19:33,@dindaalyatanpabatas,"Yang nonton 10ribu yg like cuma 2,7ribu:body-blue-raised-arms:"
2025-11-02 15:19:33,@ayayna123,:loudly_crying_face::loudly_crying_face:
2025-11-02 15:19:34,@FeryAgustiono,onic lah
2025-11-02 15:19:34,@ilusioncell9911,ae
2025-11-02 15:19:36,@Calonviral_,banyak fans bocil
2025-11-02 15:19:36,@SalehSaleh-f8u,go kairi:hedgehog::red_heart:
2025-11-02 15:19:37,@renopml-hj2xe,onic semangat
2025-11-02 15:19:38,@satpaing-pp8qw,onic
2025-11-02 15:19:39,@MuhammadAlfineAnshori,1 triliun
2025-11-02 15:19:39,@Rehansudhtobat,1jt aja pegang ae gw
2025-11-02 15:19:42,@agung18ples,#7 Nunggu di M7
2025-11-02 15:19:42,@Basyir123,ayo ayo bismillah onic menang
2025-11-02 15:19:43,@HizkielSeptianManurung,4 mu vs
2025-11-02 15:19:44,@safa-_1717,Malah judi :face_with_rolling_eyes: hidup melarat so so an judi taruhan
2025-11-02 15:19:44,@sulthonsalpek,"LETS GOOOO, ONIC ID, SEMANGAT ONIC"
2025-11-02 15:19:45,@distaardi7390,Fiks ae tidur aja
2025-11-02 15:19:45,@azerul-iz4cv,llama sekali yaa
2025-11-02 15:19:46,@ariefnuradinugroho6398,Ae 3 jt
2025-11-02 15:19:47,@agung18ples,#7 Nunggu di M7
2025-11-02 15:19:48,@dickyvengeance3140,bismillah:folded_hands: AE juara
2025-11-02 15:19:48,@JoeyJordisonAkbar,masi lama
2025-11-02 15:19:49,@HizkielSeptianManurung,42?
2025-11-02 15:19:49,@rifankhaerul3597,ANJ 90 MENIT LAGI
2025-11-02 15:19:49,@radennicoavdiansyah167,90 41 lama cuk
2025-11-02 15:19:49,@dedifebriharianto1852,onik 1jt ada kah?
2025-11-02 15:19:50,@zihanhamdi4705,onic 30 juta adakah
2025-11-02 15:19:51,@nopiariyanto8409,pliss jangan harepin AE menang biar pasif nya aktif :moai::moai::moai:
2025-11-02 15:19:52,@nurfaidah1984,menuju ke babak plyof :grinning_face_with_sweat:
2025-11-02 15:19:52,@Ryumei-z3b,90m apaan
2025-11-02 15:19:53,@Mablus_Mablus,AE akan angkat trofi:trophy:
2025-11-02 15:19:54,@KevinJo-ox8ce,Ini Final RRQ vs Siapa??
2025-11-02 15:19:54,@RanaMulyana-b3v,onik sekarang kahh
2025-11-02 15:19:54,@dindaalyatanpabatas,"Yang nonton 11ribu yg like cuma 2,7ribu:body-blue-raised-arms:"
2025-11-02 15:19:55,@ArisSetiady-tp7cg,bosen onix lolos terus tapi ga pernah bawa piala Mseries
2025-11-02 15:19:55,@ZsRorpa,AE dark sistem
2025-11-02 15:19:56,@FathurRahman-mx7mp,AE juara
2025-11-02 15:19:56,@IffatBotak,jam brp sih
2025-11-02 15:19:57,@Ryundi,sudah yapping nya
2025-11-02 15:19:58,@Mudvincible,kapan mulai matchnya
2025-11-02 15:19:59,@Yhsanggrainihs,yaela sejam lebih nunggu
2025-11-02 15:20:00,@ayayna123,malah judii
2025-11-02 15:20:02,@Calonviral_,rrq juara
2025-11-02 15:20:03,@zein-vLoG,0nic 2 ae 3
2025-11-02 15:20:04,@LikeKAnaLang,langya 6:00 pa to
2025-11-02 15:20:05,@ikhfanadewansyah1892,this AE time not Onic time!
2025-11-02 15:20:05,@Ridwan-m-t9f,sejam setengah wak
2025-11-02 15:20:06,@rakasaputrajaya2413,lama amat njir 90menit
2025-11-02 15:20:07,@AlpinAlpin-m6m,yg dukung onic ketik 1
2025-11-02 15:20:08,@nightbot,MPL ID dengan tegas menentang segala bentuk perjudian & mendukung kompetisi yang adil dan berintegritas. Mari kita bangun komunitas yang menghormati nilai-nilai sportivitas dalam dunia esports!
2025-11-02 15:20:09,@IffatBotak,kapan mulai
2025-11-02 15:20:09,@ikhfanadewansyah1892,this AE time not Onic time
2025-11-02 15:20:10,@mzahidzaidansyah,halo
2025-11-02 15:20:11,@lutfi_ansyarii,bismillah ae
2025-11-02 15:20:11,@kayedaily,ae
2025-11-02 15:20:12,@kureijikovalckia,AE JUARA !!
2025-11-02 15:20:14,@Calonviral_,ban yss jasuke
2025-11-02 15:20:14,@dindaalyatanpabatas,"Yang nonton 11ribu yg like cuma 3,2ribu:body-blue-raised-arms:"
2025-11-02 15:20:15,@WandaIstiqomah,onic 10jt cari lawan
2025-11-02 15:20:16,@rikohamzani9654,main jam berapa
2025-11-02 15:20:16,@JovanAlvaro-m3p,onic
2025-11-02 15:20:16,@the1n_aqil, Yapping
2025-11-02 15:20:16,@ayayna123,semangat landak lucu :red_heart:
2025-11-02 15:20:17,@ikhfanadewansyah1892,this AE time not Onic time
2025-11-02 15:20:17,@gillagaming4870,Bisa yuk ae juara
2025-11-02 15:20:17,@NinjarunNoval,onic menang udah
2025-11-02 15:20:18,@AidilRamadan-q9j,90 menit gelo
2025-11-02 15:20:18,@rayhanadetiapurnama9099,BISMILLAH EVOS IS BACK
2025-11-02 15:20:21,@mzahidzaidansyah,p
2025-11-02 15:20:23,@BayuPriyoga,ae gabakal menang
2025-11-02 15:20:23,@dindaalyatanpabatas,"Yang nonton 11ribu yg like cuma 3,2ribu:body-blue-raised-arms:"
2025-11-02 15:20:23,@DianAdriansyahYan,stop taruhan woy
2025-11-02 15:20:24,@wandraalfaiz6649,mana woii
2025-11-02 15:20:25,@Irsyaevaniz,bismillah onic
2025-11-02 15:20:25,@ninaamelinda6350,judi
2025-11-02 15:20:26,@mzahidzaidansyah,Mabar
2025-11-02 15:20:28,@PoinksMielZer,goodluck AE Group stage Exit secured in M7
2025-11-02 15:20:28,@gerraldsptra2849,MANA KATANYA IPOS IS BEK:face_with_tears_of_joy::face_with_tears_of_joy::face_with_tears_of_joy:
2025-11-02 15:20:30,@omegamccviNozoMi,LETS GO AE
2025-11-02 15:20:33,@KevinJo-ox8ce,RRQ Kapan main ??
2025-11-02 15:20:33,@agunggunawan7939,AE Let’s Go
2025-11-02 15:20:33,@ferlydinan11,dinda orang dalam dinda
2025-11-02 15:20:34,@riosiahaan9890,main jam berapa bre
2025-11-02 15:20:34,@omegamccviNozoMi,AE
2025-11-02 15:20:36,@riyan.albiansyah78,Onic 3-4 Ae
2025-11-02 15:20:36,@elzordan9915,ONIC ONICC
2025-11-02 15:20:36,@SalehSaleh-f8u,mahal bang:eyes-purple-crying:
2025-11-02 15:20:37,@dindaalyatanpabatas,"Yang nonton 11ribu yg like cuma 3,2ribu:body-blue-raised-arms:"
2025-11-02 15:20:37,@Ridwan-m-t9f,gelo 90 menit loh ya
2025-11-02 15:20:37,@KhoirunNasikin-z9e,ae
2025-11-02 15:20:39,@ChristofelLumentah,ONIC
2025-11-02 15:20:40,@omegamccviNozoMi,AE GOK GOK GOK
2025-11-02 15:20:41,@LikeKAnaLang,PUYATAN MATATAPOS LABAN ALAS 12
2025-11-02 15:20:42,@Sigma_Science87,jam berapa game 1 nya bg
2025-11-02 15:20:43,@jaranjepat,AE bakal pecah telor juaraaa
2025-11-02 15:20:44,@fauzanspace,rrq main jam berapa
2025-11-02 15:20:45,@abii1402,GOOD LUCK AE LETSGOOOOOWWW:black_heart::black_heart::black_heart:
2025-11-02 15:20:45,@nopiariyanto8409,JANGAN HAREPIN AE MENANG BIAR PASIF NYA AKTIF :moai::moai::moai:
2025-11-02 15:20:45,@kingmatanosa4069,"kasih si biar dk bosan mpl,jgn onic mulu"
2025-11-02 15:20:45,@BayuPriyoga,karbitan ae banyak amat wkwkwk
2025-11-02 15:20:46,@ikfifikiarsyadaniazza6377,baru 11rbu view?
2025-11-02 15:20:46,@ayayna123,:face_exhaling:
2025-11-02 15:20:48,@dindaalyatanpabatas,"Yang nonton 11ribu yg like cuma 3,2ribu:body-blue-raised-arms:"
2025-11-02 15:20:49,@FiqiAfui,lets go todaaak
2025-11-02 15:20:49,@wandraalfaiz6649,main jam berapa ni
2025-11-02 15:20:50,@nopiariyanto8409,JANGAN HAREPIN AE MENANG BIAR PASIF NYA AKTIF :moai::moai::moai:
2025-11-02 15:20:50,@PoinksMielZer,goodluck AE Group stage Exit secured in M7
2025-11-02 15:20:51,@dickyvengeance3140,bismillah :folded_hands: AE juara
2025-11-02 15:20:51,@jesnolim1t,AE MENANG DENGAN SCORE 4-3
2025-11-02 15:20:51,@D1Otsutsuki,bismillah semoga ngga ada karbitan
2025-11-02 15:20:53,@FatkurRozi-j6k,kalah sudah biasa
2025-11-02 15:20:53,@johan-ov4ve,AE
2025-11-02 15:20:54,@NicoJr-y4o,:face-purple-crying:
2025-11-02 15:20:55,@nishikhawa,90 menit lgi brp jam jier
2025-11-02 15:20:55,@sulthonsalpek,"AYOOOO ONIC ID SEMANGAT ONIC, KALAHKAN ALTER EGOO ONIC, MATCH PANAS HARI INI."
2025-11-02 15:20:56,@nopiariyanto8409,JANGAN HAREPIN AE MENANG BIAR PASIF NYA AKTIF :moai::moai::moai:
2025-11-02 15:20:56,@pemain8778,Onic juara mpl lagi
2025-11-02 15:20:59,@johan-ov4ve,GO AE
2025-11-02 15:21:02,@ayayna123,semangat landak lucu :red_heart:
2025-11-02 15:21:02,@uralkorba,AE
2025-11-02 15:21:07,@Argasiallagan,Onic 2 JT ?
2025-11-02 15:21:11,@asyar0704,laggg
2025-11-02 15:21:12,@nurfaidah1984,ayo yang pilih AE ketik 1. yang pilih onic Ketik 2. 
2025-11-02 15:21:12,@ayayna123,semangat landak lucu :red_heart:
2025-11-02 15:21:13,@nizzarnizzar9692,ff
2025-11-02 15:21:14,@riosiahaan9890,main jam brp bg
2025-11-02 15:21:15,@dindaalyatanpabatas,"Yang nonton 12ribu yg like cuma 3,2ribu:body-blue-raised-arms:"
2025-11-02 15:21:15,@SetanCentil,cieeee final yg sepi ga da evos rrq
2025-11-02 15:21:15,@kecegamers3850,onic kalah ya?
2025-11-02 15:21:17,@Nizam-rg7or,udah mulai bg
2025-11-02 15:21:20,@adityaabdgbp,kendy
2025-11-02 15:21:21,@ninaamelinda6350,aku Sonic tpii feeling ku menang ae:loudly_crying_face::loudly_crying_face:
2025-11-02 15:21:21,@ahmadasoy22,Lets go ae bantai onic:face-fuchsia-tongue-out:
2025-11-02 15:21:23,@careragaming2714,AQ pendukung onic pngen sii onic menang TPI AQ juga pengen alterigo menang karna terharu sama Nino nya dari season ke season dia GK lelah berjuang onic ngalah dulu lah kasih Nino kebahagiaan impiannya
2025-11-02 15:21:24,@omegamccviNozoMi,SETIA ALTERCHAMPS DARI S9
2025-11-02 15:21:25,@mzahidzaidansyah,halo
2025-11-02 15:21:25,@almuzzammil4967,:face-red-droopy-eyes:
2025-11-02 15:21:25,@vanzbiasalah6942,1 AE
2025-11-02 15:21:25,@sendilego3175,siapa berani gue AE 1 meliyar
2025-11-02 15:21:26,@dindaalyatanpabatas,"Yang nonton 12ribu yg like cuma 3,2ribu:body-blue-raised-arms:"
2025-11-02 15:21:26,@narianadijunius6186,miskin aja sok mau taruhan
2025-11-02 15:21:27,@YOURBOIDARYL,KENDI
2025-11-02 15:21:30,@KevinJo-ox8ce,RRQ Kapan main ??
2025-11-02 15:21:32,@neticenz62,dia siapa cok
2025-11-02 15:21:35,@Mablus_Mablus,ukir sejarah is real.
2025-11-02 15:21:36,@arseneryy,KENDY SIAPA KOCAK
2025-11-02 15:21:36,@Alfフイク,mulai jam berapa gais?
2025-11-02 15:21:37,@sulthonsalpek,ONIC MENANG GUYS
2025-11-02 15:21:37,@zakiassyarif,baru mulai kah??
2025-11-02 15:21:38,@AURORAONLY21,:face-blue-smiling:
2025-11-02 15:21:39,@dando_.,jam berapa sih mulainya
2025-11-02 15:21:42,@MuhammadAlfineAnshori,cendy crispy iy
2025-11-02 15:21:42,@narianadijunius6186,miskin aja sok mau taruhan
2025-11-02 15:21:42,@dickyvengeance3140,bismillah :folded_hands: AE juara
2025-11-02 15:21:43,@Wahyusubuh-h9b,onic banget ini
2025-11-02 15:21:43,@ayayna123,gk dulu deh
2025-11-02 15:21:45,@muhammadwildanulhusna8209,alamak cendy
2025-11-02 15:21:45,@dindaalyatanpabatas,"Yang nonton 12ribu yg like cuma 3,2ribu:body-blue-raised-arms:"
2025-11-02 15:21:46,@amouzaMcdol,RRQ jadwal nya kapan
2025-11-02 15:21:49,@AidilRamadan-q9j,90 menit lagi kocakk
2025-11-02 15:21:50,@Hanz_7v,MASIH SEPI KARNA BELUM MULAI BOY
2025-11-02 15:21:51,@sanopi5643,si retplek kata pens debu ungu
2025-11-02 15:21:51,@Afrizal00012,DICA RICARDO SIAPA???
2025-11-02 15:21:52,@Freistannnnn,beneran ada cendy jing wkwkwkwkw
2025-11-02 15:21:52,@kecegamers3850,si sanz sakit katanya
2025-11-02 15:21:52,@Yantocristianostapadorsasabob,alter ego gogogo!!!!!!
2025-11-02 15:21:52,@riosiahaan9890,aihh lama lagi
2025-11-02 15:21:53,@alwaysawan7412,juara tetap ONIC ya adik2
2025-11-02 15:21:54,@d4rknxxght,opet wkwk
2025-11-02 15:21:55,@KevinJo-ox8ce,RRQ Kapan main ???
2025-11-02 15:21:55,@manjoelll,gelok public enemy
2025-11-02 15:21:55,@AlvianDoni-l6h4b,jam berapa mulainya bang
2025-11-02 15:21:56,@Rahmad_m,s5 MARKETING:face_with_tears_of_joy::face_with_tears_of_joy::face_with_tears_of_joy:
2025-11-02 15:21:57,@amouzaMcdol,RRQ KAPAN OI:face-red-droopy-eyes:
2025-11-02 15:21:59,@onic037,"psti Antara 17,30"
2025-11-02 15:22:03,@SalehSaleh-f8u,beda sama yang dibawah :pleading_face:kalau menang koar koar
2025-11-02 15:22:03,@D1Otsutsuki,ada yuka cuy
2025-11-02 15:22:04,@kirayoshikage813,WE OWN THIS
2025-11-02 15:22:04,@fauzanspace,"yok lah, alter ego juara"
2025-11-02 15:22:04,@DedeAfrian-g1q,jam berapa mulai yh vg
2025-11-02 15:22:05,@nurfaidah1984,AE 3m:winking_face_with_tongue:
2025-11-02 15:22:05,@julz1443,ONIC Menang 4-1
2025-11-02 15:22:06,@dedifebriharianto1852,onik 1jt aja sini
2025-11-02 15:22:06,@renowulan7291,cepet mulai
2025-11-02 15:22:07,@narianadijunius6186,miskin aja sok mau taruhan
2025-11-02 15:22:07,@Supcrap,ALTER EGO
2025-11-02 15:22:07,@TrisnoTrisno-n7z,ogogo alter ego
2025-11-02 15:22:08,@dindaalyatanpabatas,"Yang nonton 12ribu yg like cuma 3,2ribu:body-blue-raised-arms:"
2025-11-02 15:22:09,@devd_in2ide,AE
2025-11-02 15:22:11,@bar-barquin160,#7
2025-11-02 15:22:12,@Alfフイク,thanks
2025-11-02 15:22:12,@AidilRamadan-q9j,ini iklan ni
2025-11-02 15:22:14,@AbdulSalam-b4f4y,7
2025-11-02 15:22:14,@narianadijunius6186,miskin aja sok mau taruhan
2025-11-02 15:22:14,@MEITYAKBAR,"yang menang ae 4-2 gua mimpi, game terakhir arfy savage"
2025-11-02 15:22:15,@HendriHen-t9g,cendy bala bala y
2025-11-02 15:22:15,@anyx_fzn0963,cebdy
2025-11-02 15:22:16,@onomasas,2 jam cuma buat iklan ini?:face-blue-smiling:
2025-11-02 15:22:19,@bar-barquin160,#7
2025-11-02 15:22:20,@ayayna123,ini waktunya onic bukan kita :saluting_face:
2025-11-02 15:22:20,@AbdulSalam-b4f4y,7
2025-11-02 15:22:21,@devd_in2ide,AE
2025-11-02 15:22:21,@dickyvengeance3140,bismillah AE juara
2025-11-02 15:22:22,@rikiaprian5443,onic ni
2025-11-02 15:22:22,@sendilego3175,gue pegang AE 1M siapa berani
2025-11-02 15:22:22,@KevinJo-ox8ce,WOY LAMA GUA MAU LIAT FINAL RRQ:face-red-droopy-eyes:
2025-11-02 15:22:23,@TrisnoTrisno-n7z,weuy jangan judi
2025-11-02 15:22:24,@bar-barquin160,#7
2025-11-02 15:22:24,@narianadijunius6186,miskin aja sok mau taruhan
2025-11-02 15:22:24,@riosiahaan9890,17:30 ya mainnya?
2025-11-02 15:22:25,@RizkiTampan-j3o,:face-red-droopy-eyes::face-purple-crying:
2025-11-02 15:22:26,@AidilRamadan-q9j,skip dah
2025-11-02 15:22:27,@f3rr99,lamaaa
2025-11-02 15:22:28,@alciere,Cendy alyssa
2025-11-02 15:22:28,@AbdulSalam-b4f4y,7
2025-11-02 15:22:28,@Raffa132-o5d,"𝗒𝖺𝗄𝗂𝗇 𝖠𝖤 𝗆𝖾𝗇𝖺𝗇𝗀 𝖺𝖽𝗂𝗄"":tired_face:"
2025-11-02 15:22:28,@bar-barquin160,#7
2025-11-02 15:22:31,@Mikayamaa-e7d,caper #7#7
2025-11-02 15:22:32,@SalehSaleh-f8u,meskipun AE musuh tapi AE rispek sama tim lawan
2025-11-02 15:22:33,@bar-barquin160,#7
2025-11-02 15:22:34,@f3rr99,mainkan elzard
2025-11-02 15:22:34,@narianadijunius6186,miskin aja sok mau taruhan
2025-11-02 15:22:35,@nurfaidah1984,bercanda weeee
2025-11-02 15:22:36,@RyaGem69,RRQ MAIN JAM BERAPA BWANG :clown_face:
2025-11-02 15:22:37,@julz1443,"bukan 4-2, 4-1 onic menang"
2025-11-02 15:22:37,@KakRayzhannn,crispy cendyyy
2025-11-02 15:22:39,@borhanamir3867,7
2025-11-02 15:22:39,@dindaalyatanpabatas,"Yang nonton 12ribu yg like cuma 3,2ribu:body-blue-raised-arms:"
2025-11-02 15:22:40,@aritsyah1177,gaya lu
2025-11-02 15:22:40,@sulthonsalpek,"AYOOO ONIC MENANG, 4-2 ONIC, KASIH AE 2 GAME AJAAAA"
2025-11-02 15:22:41,@borhanamir3867,7
2025-11-02 15:22:42,@narianadijunius6186,miskin aja sok mau taruhan
2025-11-02 15:22:45,@TatangCakww,onnik nih
2025-11-02 15:22:45,@fery21,"bangun sendi, cari kerja sono"
2025-11-02 15:22:46,@vegaxus5s6,lama
2025-11-02 15:22:47,@PutrayasaYasa-z5w,7
2025-11-02 15:22:47,@borhanamir3867,7
2025-11-02 15:22:49,@gonzagaming8642,#7
2025-11-02 15:22:49,@bar-barquin160,RAMAIKAN KOLOM KOMENTAR DENGAN #7
2025-11-02 15:22:53,@nurfaidah1984,:eyes-purple-crying:
2025-11-02 15:22:53,@f3rr99,parakan 01
2025-11-02 15:22:53,@narianadijunius6186,miskin aja sok mau taruhan
2025-11-02 15:22:55,@julz1443,onic bantai ae
2025-11-02 15:22:55,@MEITYAKBAR,3 kata lucu EPOS IS BEKKKKKKKKKKKKK
2025-11-02 15:22:57,@pemain8778,Onic juara mpl LAGI
2025-11-02 15:22:57,@abcdenrose,chou kejut cendy wkwk
2025-11-02 15:22:59,@Pelem,aku ae
2025-11-02 15:22:59,@narianadijunius6186,miskin aja sok mau taruhan
2025-11-02 15:23:03,@Akujugamau,Alter Ego Go Go Go
2025-11-02 15:23:03,@gonzagaming8642,#7
2025-11-02 15:23:03,@Dniel070,EGGPOS NGAREP M7
2025-11-02 15:23:04,@Shahrizalll,congrats Onic id
2025-11-02 15:23:04,@bar-barquin160,RAMAIKAN KOLOM KOMENTAR DENGAN #7
2025-11-02 15:23:04,@dindaalyatanpabatas,"Yang nonton 13ribu yg like cuma 3,2ribu:body-blue-raised-arms:"
2025-11-02 15:23:04,@ayayna123,haa
2025-11-02 15:23:06,@AidilRamadan-q9j,woe mpl id yapping
2025-11-02 15:23:06,@Zulfa-q1d,#7
2025-11-02 15:23:08,@narianadijunius6186,miskin aja sok mau taruhan
2025-11-02 15:23:08,@pampamgopal5637,KINDOM DI GOA ADA SINYAL BUAT NONTON??? SERIUS NANYA
2025-11-02 15:23:08,@sendilego3175,misikn teriak miskin lucu :face_with_tears_of_joy:
2025-11-02 15:23:10,@nurfaidah1984,AE
2025-11-02 15:23:12,@gonzagaming8642,#7
2025-11-02 15:23:12,@dickyvengeance3140,waktunya AE juara bismillah
2025-11-02 15:23:12,@Freistannnnn,mas sandy mas sandy wkwkwkwkwk
2025-11-02 15:23:12,@ayayna123,yang penting ngomong
2025-11-02 15:23:12,@iqbaaalramdhani,7
2025-11-02 15:23:14,@pampamgopal5637,KINDOM DI GOA ADA SINYAL BUAT NONTON??? SERIUS NANYA
2025-11-02 15:23:14,@dindaalyatanpabatas,"Yang nonton 13ribu yg like cuma 3,2ribu:body-blue-raised-arms:"
2025-11-02 15:23:15,@RikoJulnaidi,", masih lama"
2025-11-02 15:23:16,@MamankGarox-s7d,woy rrq kapan maen ?
2025-11-02 15:23:16,@nurfaidah1984,AE
2025-11-02 15:23:17,@darkasyi2425,7
2025-11-02 15:23:18,@narianadijunius6186,miskin aja sok mau taruhan
2025-11-02 15:23:18,@Dniel070,EGGPOS NGAREP M7
2025-11-02 15:23:19,@TerAsi-g7u,onic anj
2025-11-02 15:23:20,@vikrimaulana9049,7
2025-11-02 15:23:20,@zasningsih,7
2025-11-02 15:23:21,@Dniel070,EGGPOS NGAREP M7
2025-11-02 15:23:21,@AidilRamadan-q9j,jangan pamerin iklan lu
2025-11-02 15:23:22,@beeboo2226,AE 4:0
2025-11-02 15:23:22,@narianadijunius6186,miskin aja sok mau taruhan
2025-11-02 15:23:24,@Sannjaegarr,cendol dark sistem jiing
2025-11-02 15:23:24,@Dniel070,EGGPOS NGAREP M7
2025-11-02 15:23:24,@julz1443,"ae masih mental nasional, blm internasional"
2025-11-02 15:23:25,@cancanofficial9,rrq jam berapa serius nanya
2025-11-02 15:23:25,@nurfaidah1984,AE
2025-11-02 15:23:25,@vegaxus5s6,MULAI JAM 6 KELAMA
2025-11-02 15:23:26,@narianadijunius6186,miskin aja sok mau taruhan
2025-11-02 15:23:27,@arielbriann,gua dukung ae kok di hapus komen gua
2025-11-02 15:23:28,@Dniel070,EGGPOS NGAREP M7
2025-11-02 15:23:28,@sulthonsalpek,EVOS LAGI MIMPI KEMARIN GUYS
2025-11-02 15:23:28,@bar-barquin160,RAMAIKAN KOLOM KOMENTAR DENGAN #7
2025-11-02 15:23:28,@pampamgopal5637,KINDOM DI GOA ADA SINYAL BUAT NONTON??? SERIUS NANYA
2025-11-02 15:23:29,@onomasas,"ONIC 3 : 3 AE.. Gue mau ONIC juara, tapi ngak pengen AE kalah."
2025-11-02 15:23:30,@alkamoaz,jam berapa mulai nya?
2025-11-02 15:23:30,@narianadijunius6186,miskin aja sok mau taruhan
2025-11-02 15:23:30,@Wong-r4u,se sempurna apa si Lo sampe nge hina bang Cendy?
2025-11-02 15:23:30,@Dniel070,EGGPOS NGAREP M7
2025-11-02 15:23:31,@nurfaidah1984,AE
2025-11-02 15:23:31,@nadyaronaputri4384,jam brp mulainya?
2025-11-02 15:23:32,@f3rr99,onic menang ini
2025-11-02 15:23:34,@Parsipil21,jam berapa main
2025-11-02 15:23:34,@Dniel070,EGGPOS NGAREP M7
2025-11-02 15:23:34,@narianadijunius6186,miskin aja sok mau taruhan
2025-11-02 15:23:34,@IzdiharMikhail,sapa fans #7 masuk gua aja sono
2025-11-02 15:23:34,@Topann28,mainnya jam 17.30 jgn di tungguin
2025-11-02 15:23:35,@egiaditya9012,harinya ae
2025-11-02 15:23:36,@dindaalyatanpabatas,"Yang nonton 13ribu yg like cuma 3,2ribu:body-blue-raised-arms:"
2025-11-02 15:23:37,@MuhammadNabhan-c4y,oniccc
2025-11-02 15:23:37,@pampamgopal5637,KINDOM DI GOA ADA SINYAL BUAT NONTON??? SERIUS NANYA
2025-11-02 15:23:37,@SalehSaleh-f8u,mingcun jahat :pleading_face:
2025-11-02 15:23:37,@Wong-r4u,se sempurna apa si Lo sampe nge hina bang Cendy?
2025-11-02 15:23:38,@Dniel070,EGGPOS NGAREP M7
2025-11-02 15:23:38,@narianadijunius6186,miskin aja sok mau taruhan
2025-11-02 15:23:39,@nurfaidah1984,AE
2025-11-02 15:23:41,@Dniel070,EGGPOS NGAREP M7
2025-11-02 15:23:41,@Mine-z3s4j,jangan kasi kiboy hero inisiator
2025-11-02 15:23:42,@narianadijunius6186,miskin aja sok mau taruhan
2025-11-02 15:23:43,@nurfaidah1984,AE
2025-11-02 15:23:43,@Raffi-f3z,kureng sendi
2025-11-02 15:23:44,@bar-barquin160,RAMAIKAN KOLOM KOMENTAR DENGAN #7
2025-11-02 15:23:44,@pampamgopal5637,KINDOM DI GOA ADA SINYAL BUAT NONTON??? SERIUS NANYA
2025-11-02 15:23:45,@vegaxus5s6,7
2025-11-02 15:23:45,@BimaSyakti,RAJA DARI SEGALA RAJA KEMANA YA
2025-11-02 15:23:46,@Wong-r4u,se sempurna apa si Lo sampe nge hina bang Cendy?
2025-11-02 15:23:46,@nadyaronaputri4384,jam brp main?
2025-11-02 15:23:47,@GoklasSilitonga,jam 17:30
2025-11-02 15:23:48,@narianadijunius6186,miskin aja sok mau taruhan
2025-11-02 15:23:48,@Mablus_Mablus,koh tenang nino usahain bawa trofi ke gh AE:trophy:
2025-11-02 15:23:48,@nurfaidah1984,AE
2025-11-02 15:23:50,@vegaxus5s6,7
2025-11-02 15:23:52,@adaadaaja-tk6fc,ini match 0 mpl vs 6 mpl?
2025-11-02 15:23:52,@nurfaidah1984,AE
2025-11-02 15:23:52,@narianadijunius6186,miskin aja sok mau taruhan
2025-11-02 15:23:53,@dindaalyatanpabatas,"Yang nonton 13ribu yg like cuma 3,2ribu:body-blue-raised-arms:"
2025-11-02 15:23:54,@vegaxus5s6,7
2025-11-02 15:23:55,@Parsipil21,yapping Mulu
2025-11-02 15:23:56,@rikuwaaa,nt oppo cendy
2025-11-02 15:23:56,@nurfaidah1984,AE
2025-11-02 15:23:56,@yongkysuka,LLQ LAGI DI GOA
2025-11-02 15:23:56,@muhammadfahmiraihan9796,7
2025-11-02 15:23:56,@bar-barquin160,#7
2025-11-02 15:23:59,@mydagemink,rrq main jam berapa ?
2025-11-02 15:23:59,@AidilRamadan-q9j,dah keluar
2025-11-02 15:23:59,@bar-barquin160,#7
2025-11-02 15:23:59,@zulfikarramadhan457,Grand final sepi amat
2025-11-02 15:23:59,@narianadijunius6186,miskin aja sok mau taruhan
2025-11-02 15:23:59,@sendilego3175,"ngak ada yang berani kah sama gue, pegang AE 1M"
2025-11-02 15:24:00,@DarkShade-140,onic main ?
2025-11-02 15:24:00,@nurfaidah1984,AE
2025-11-02 15:24:01,@vegaxus5s6,LAMA YAPING
2025-11-02 15:24:02,@Vogh1q23,onic champion mpl indo n champion M7..
2025-11-02 15:24:03,@bar-barquin160,#7
2025-11-02 15:24:04,@narianadijunius6186,miskin aja sok mau taruhan
2025-11-02 15:24:04,@muhammadfahmiraihan9796,7
2025-11-02 15:24:04,@nurfaidah1984,AE
2025-11-02 15:24:04,@LukyArdian-tw4ht,Cepot cepot
2025-11-02 15:24:06,@Wong-r4u,se sempurna apa si Lo sampe nge hina bang Cendy?
2025-11-02 15:24:06,@FirmansyahCahaya,jam berapa sih ini
2025-11-02 15:24:07,@bar-barquin160,#7
2025-11-02 15:24:07,@ikmalaldi8498,lama ajg
2025-11-02 15:24:08,@nurfaidah1984,ae
2025-11-02 15:24:09,@f3rr99,nafari out
2025-11-02 15:24:09,@narianadijunius6186,miskin aja sok mau taruhan
2025-11-02 15:24:09,@Shots-TV1,info main jamber?
2025-11-02 15:24:10,@dindaalyatanpabatas,"Yang nonton 15ribu yg like cuma 3,2ribu:body-blue-raised-arms:"
2025-11-02 15:24:13,@bar-barquin160,#7
2025-11-02 15:24:13,@aditzrogue8665,ALTER EGO!! GO GO GO !!!
2025-11-02 15:24:13,@igressplay,jam 5 ?
2025-11-02 15:24:15,@narianadijunius6186,miskin aja sok mau taruhan
2025-11-02 15:24:15,@Narevinn,Onic go go go
2025-11-02 15:24:17,@fery21,"pemuda pancasila, ga guna"
2025-11-02 15:24:18,@bar-barquin160,#7
2025-11-02 15:24:20,@narianadijunius6186,miskin aja sok mau taruhan
2025-11-02 15:24:21,@AhmmadYani-v3m,ONIC grup yang konsisten
2025-11-02 15:24:21,@sriratihphoto3376,buat lama aja cecunguk itu
2025-11-02 15:24:22,@ayayna123,ini waktunya onic bukan kita :saluting_face:
2025-11-02 15:24:23,@KevinJo-ox8ce,*RRQ MAIN JAM BERAPA?*
2025-11-02 15:24:23,@azizyazid8959,:face-purple-crying:
2025-11-02 15:24:24,@Meupau17,jam berapa si ini mulainya
2025-11-02 15:24:25,@komangcahyaambara,KOK SEPI KURSINYA BNYAK YG KOSONG?
2025-11-02 15:24:25,@dickyvengeance3140,#Alther ego juara
2025-11-02 15:24:26,@bar-barquin160,RRQ #7
2025-11-02 15:24:26,@narianadijunius6186,miskin aja sok mau taruhan
2025-11-02 15:24:27,@andris298,MISI KING ONIC BENTAR LAGI ANGKAT PIALA
2025-11-02 15:24:27,@imrich3667,#7
2025-11-02 15:24:29,@BagusPratama-v4y,nairana brisik caper bngt lol
2025-11-02 15:24:30,@niaasonic,oniccccccc
2025-11-02 15:24:31,@ayayna123,oh my kairi
2025-11-02 15:24:31,@DBP1204,"evos evos disini, evos evos disana"
2025-11-02 15:24:32,@bar-barquin160,RRQ#7
2025-11-02 15:24:32,@dindaalyatanpabatas,"Yang nonton 15ribu yg like cuma 3,8ribu:body-blue-raised-arms:"
2025-11-02 15:24:32,@yustheman7,Match nya mulai pukul berapa bang?
2025-11-02 15:24:34,@narianadijunius6186,miskin aja sok mau taruhan
2025-11-02 15:24:36,@azizyazid8959,:face-fuchsia-wide-eyes:
2025-11-02 15:24:37,@KangYPREM,7
2025-11-02 15:24:38,@SalehSaleh-f8u,kita kalah bukan karena musuhnya jago :pleading_face:
2025-11-02 15:24:40,@azizyazid8959,7
2025-11-02 15:24:40,@narianadijunius6186,miskin aja sok mau taruhan
2025-11-02 15:24:40,@leonaksikma,canggung
2025-11-02 15:24:42,@f3rr99,lama
2025-11-02 15:24:43,@SefrizaNIKE,7 ayam cuih
2025-11-02 15:24:43,@gonzagaming8642,#7:winking_face_with_tongue:
2025-11-02 15:24:44,@MamankGarox-s7d,itu sepi karna belom maen ya
2025-11-02 15:24:44,@AidilRamadan-q9j,17:30
2025-11-02 15:24:44,@narianadijunius6186,miskin aja sok mau taruhan
2025-11-02 15:24:46,@fathurrahman4240,#ONIC
2025-11-02 15:24:47,@Ilpapanitriawati,kapan mulai nya
2025-11-02 15:24:48,@dindaalyatanpabatas,"Yang nonton 15ribu yg like cuma 3,8ribu:body-blue-raised-arms:"
2025-11-02 15:24:48,@narianadijunius6186,miskin aja sok mau taruhan
2025-11-02 15:24:49,@bar-barquin160,RRQ#7
2025-11-02 15:24:51,@bryanbryan282,Katanya Game ke 1 jam 6?
2025-11-02 15:24:51,@rhnn_1652,"mulainya masih lama, jam 17.30"
2025-11-02 15:24:52,@maulidinnyamana26,judol buset
2025-11-02 15:24:53,@ZiezRyu,7
2025-11-02 15:24:53,@narianadijunius6186,miskin aja sok mau taruhan
2025-11-02 15:24:54,@gonzagaming8642,#7:winking_face_with_tongue:
2025-11-02 15:24:58,@gowther2055,cuan cuan cuan
2025-11-02 15:24:59,@ayayna123,ada oh my kairi :loudly_crying_face::loudly_crying_face:
2025-11-02 15:24:59,@narianadijunius6186,miskin aja sok mau taruhan
2025-11-02 15:24:59,@bar-barquin160,RRW#7
2025-11-02 15:25:01,@dindaalyatanpabatas,"Yang nonton 15ribu yg like cuma 3,8ribu:body-blue-raised-arms:"
2025-11-02 15:25:01,@SalehSaleh-f8u,lawan yang lain boleh kalah asal jangan sama EVOS :pleading_face:
2025-11-02 15:25:03,@bar-barquin160,RRW#7
2025-11-02 15:25:03,@narianadijunius6186,miskin aja sok mau taruhan
2025-11-02 15:25:04,@niaasonic,semangat onic
2025-11-02 15:25:04,@BagusPratama-v4y,nairana brisik hama
2025-11-02 15:25:04,@AidilRamadan-q9j,skip aja ni
2025-11-02 15:25:08,@CANGGIPURNIYAWAN,info in dana ae?
2025-11-02 15:25:08,@narianadijunius6186,miskin aja sok mau taruhan
2025-11-02 15:25:08,@yustheman7,Tq²
2025-11-02 15:25:10,@dickyvengeance3140,let's go alther ego
2025-11-02 15:25:11,@FendiLim-ty4vt,GAK ADA PAEDAHNYA BANYAK CAKAP
2025-11-02 15:25:12,@kokspaa33,pialanya kasih ae aja onicc
2025-11-02 15:25:13,@narianadijunius6186,miskin aja sok mau taruhan
2025-11-02 15:25:13,@king.biltod,INI MATCHNYA MULAI JAM BERAPA SIH?
2025-11-02 15:25:14,@videosnewen579,ALBERT DAN 4 BADUT
2025-11-02 15:25:16,@bar-barquin160,RRQ#7
2025-11-02 15:25:18,@dindaalyatanpabatas,"Yang nonton 15ribu yg like cuma 3,8ribu:body-blue-raised-arms:"
2025-11-02 15:25:20,@narianadijunius6186,miskin aja sok mau taruhan
2025-11-02 15:25:21,@budiherdiyanto3820,jam brapa mulai
2025-11-02 15:25:21,@ZAEX_16ア,ONIC LESGOW
2025-11-02 15:25:22,@annisasuvia4892,Kok banyak yg nanya air air qyu ya
2025-11-02 15:25:22,@caesaraurellioaugusto9105,memeq
2025-11-02 15:25:23,@NIKODANKUCINGAJAIB,maaf tapi onic akan borong piala ini dan akan kami bawa balik piala m series ke indo
2025-11-02 15:25:25,@narianadijunius6186,miskin aja sok mau taruhan
2025-11-02 15:25:28,@regi.sg11,MULAI NYA 17:30 COK
2025-11-02 15:25:29,@narianadijunius6186,miskin aja sok mau taruhan
2025-11-02 15:25:32,@Daywalker-59,kasih AE juara gak sih onic
2025-11-02 15:25:33,@narianadijunius6186,miskin aja sok mau taruhan
2025-11-02 15:25:34,@Madzz_Shin,ONIC JUARA NIH MAH
2025-11-02 15:25:35,@dindaalyatanpabatas,"Yang nonton 15ribu yg like cuma 3,8ribu:body-blue-raised-arms:"
2025-11-02 15:25:36,@Andrewandz11,RRQ kpn main?
2025-11-02 15:25:37,@narianadijunius6186,miskin aja sok mau taruhan
2025-11-02 15:25:38,@roxzyenzanoy,jamber guys mulai
2025-11-02 15:25:38,@king.biltod,KAIRI SUMEDANG AWOKAWOK
2025-11-02 15:25:38,@AraD4rling,kwkwkwkkw kairi
2025-11-02 15:25:38,@ranggaaditio2854,gowww
2025-11-02 15:25:39,@Ganzzzzzk, match cuan
2025-11-02 15:25:39,@marioyusuf9439,kairoo
2025-11-02 15:25:40,@gonzagaming8642,#7:winking_face_with_tongue:
2025-11-02 15:25:40,@dindaalyatanpabatas,"Yang nonton 15ribu yg like cuma 3,8ribu:body-blue-raised-arms:"
2025-11-02 15:25:41,@ayayna123,Kairul :loudly_crying_face:
2025-11-02 15:25:42,@maulidinnyamana26,match jam 17
2025-11-02 15:25:42,@sandyra-l3j,onic
2025-11-02 15:25:43,@CANGGIPURNIYAWAN,rrq fans nya para bocil wkwk
2025-11-02 15:25:44,@kholip6572,A
2025-11-02 15:25:45,@narianadijunius6186,miskin aja sok mau taruhan
2025-11-02 15:25:47,@kholip6572,A
2025-11-02 15:25:47,@RajasonangGultom-z9e,KAN RRQ #7
2025-11-02 15:25:48,@dindaalyatanpabatas,"Yang nonton 15ribu yg like cuma 3,8ribu:body-blue-raised-arms:"
2025-11-02 15:25:49,@pikachok9807,"bersama koch adi, siap tsunami tropi:hugging_face::hugging_face::hugging_face:"
2025-11-02 15:25:49,@narianadijunius6186,miskin aja sok mau taruhan
2025-11-02 15:25:49,@iaaaaa-j2j,:face-blue-smiling:
2025-11-02 15:25:49,@odicoasem7553,RRQ AN7ENG
2025-11-02 15:25:50,@jirlah-l6y,pede onicccvv
2025-11-02 15:25:53,@kokspaa33,ae
2025-11-02 15:25:53,@kholip6572,Dz
2025-11-02 15:25:53,@narianadijunius6186,miskin aja sok mau taruhan
2025-11-02 15:25:55,@kholip6572,S
2025-11-02 15:25:55,@Madzz_Shin,ini mah kumar
2025-11-02 15:25:55,@kokspaa33,ae
2025-11-02 15:25:56,@dickyvengeance3140,alther ego
2025-11-02 15:25:56,@igressplay,ae onic belom dateng ke pik 2
2025-11-02 15:25:57,@luqmaanhaakim,berharap AE menciptakan sejarah baru di MPL ID season 16.
2025-11-02 15:25:57,@narianadijunius6186,miskin aja sok mau taruhan
2025-11-02 15:25:57,@roxzyenzanoy,jam set 6 wib kan
2025-11-02 15:25:58,@kokspaa33,ae
2025-11-02 15:25:58,@jirlah-l6y,gasss oniccc kuuu
2025-11-02 15:25:59,@kholip6572,D
2025-11-02 15:25:59,@regi.sg11,LAH ADA KAIRI MULLET WOII DIA GATAU WKWK
2025-11-02 15:25:59,@zultan5015,gogogo Onic
2025-11-02 15:26:00,@gonzagaming8642,#7:winking_face_with_tongue:
2025-11-02 15:26:00,@amanagilramadhan7637,IYA BANG IYA RRQ GADA GAUSA BANYAK BACOT
2025-11-02 15:26:01,@narianadijunius6186,miskin aja sok mau taruhan
2025-11-02 15:26:01,@kholip6572,Z
2025-11-02 15:26:02,@djdidiwahana8582,stopp rrq kapan main rrq ga lolos play off
2025-11-02 15:26:03,@kholip6572,Z
2025-11-02 15:26:04,@hellomyword,BISMILLAH ONIC JUARA MPL S16
2025-11-02 15:26:05,@narianadijunius6186,miskin aja sok mau taruhan
2025-11-02 15:26:05,@kholip6572,D
2025-11-02 15:26:05,@Mablus_Mablus,di benak onic fans mimpi di mata altercham ini saatnya menghujutkan mimpi yg terkubur
2025-11-02 15:26:06,@marioyusuf9439,kairo
2025-11-02 15:26:06,@srisuryani6159,onik fiks juara
2025-11-02 15:26:07,@kholip6572,S
2025-11-02 15:26:08,@dindaalyatanpabatas,"Yang nonton 16ribu yg like cuma 3,8ribu:body-blue-raised-arms:"
2025-11-02 15:26:08,@narianadijunius6186,miskin aja sok mau taruhan
2025-11-02 15:26:08,@kholip6572,S
2025-11-02 15:26:09,@pikachok9807,"bersama koch adi, siap tsunami tropi:hugging_face::hugging_face::hugging_face:"
2025-11-02 15:26:11,@kholip6572,D
2025-11-02 15:26:11,@deryzgaming,7
2025-11-02 15:26:12,@narianadijunius6186,miskin aja sok mau taruhan
2025-11-02 15:26:14,@lizafauziah7468,lama
2025-11-02 15:26:14,@dindaalyatanpabatas,"Yang nonton 16ribu yg like cuma 3,8ribu:body-blue-raised-arms:"
2025-11-02 15:26:16,@gonzagaming8642,#7:winking_face_with_tongue:
2025-11-02 15:26:17,@narianadijunius6186,miskin aja sok mau taruhan
2025-11-02 15:26:17,@marioyusuf9439,7
2025-11-02 15:26:19,@rachmatarjuna1720,juara 3 ikut piala agustusan
2025-11-02 15:26:20,@ayayna123,lamanya :loudly_crying_face:
2025-11-02 15:26:21,@narianadijunius6186,miskin aja sok mau taruhan
2025-11-02 15:26:21,@marioyusuf9439,7
2025-11-02 15:26:22,@RizkiALhusaeni,RRQ
2025-11-02 15:26:23,@SalehSaleh-f8u,:pleading_face:ini waktunya kita bukan Onic
2025-11-02 15:26:26,@dindaalyatanpabatas,"Yang nonton 16ribu yg like cuma 3,8ribu:body-blue-raised-arms:"
2025-11-02 15:26:26,@narianadijunius6186,miskin aja sok mau taruhan
2025-11-02 15:26:26,@RizkiALhusaeni,mana
2025-11-02 15:26:26,@gonzagaming8642,#7:winking_face_with_tongue:
2025-11-02 15:26:27,@ayayna123,langsung intinya :face_with_tears_of_joy::face_with_tears_of_joy:
2025-11-02 15:26:27,@Shahrizalll,4-1 mungkin
2025-11-02 15:26:28,@jabar7491,gacor780
2025-11-02 15:26:30,@narianadijunius6186,miskin aja sok mau taruhan
2025-11-02 15:26:31,@nurfaidah1984,Alter ego go go go
2025-11-02 15:26:33,@hazakiewiranata7159,AE GO !!!!
2025-11-02 15:26:33,@Supremebeing0116,masih lama 17 30
2025-11-02 15:26:37,@narianadijunius6186,miskin aja sok mau taruhan
2025-11-02 15:26:37,@gonzagaming8642,#7:winking_face_with_tongue:
2025-11-02 15:26:39,@halfsk8er,mulai jam brapa
2025-11-02 15:26:39,@RaniElvatoni-x9u,bismillah onic menang aamiin
2025-11-02 15:26:40,@dindaalyatanpabatas,"Yang nonton 16ribu yg like cuma 3,8ribu:body-blue-raised-arms:"
2025-11-02 15:26:40,@RizkiALhusaeni,RRQ mana RRQ
2025-11-02 15:26:41,@narianadijunius6186,miskin aja sok mau taruhan
2025-11-02 15:26:42,@Villya_Youtubee,ini dimulainya kapan btw
2025-11-02 15:26:42,@gonzagaming8642,#7:winking_face_with_tongue:
2025-11-02 15:26:44,@halfsk8er,okay
2025-11-02 15:26:44,@me.arianti,bismillah onicc yok bisa yokk
2025-11-02 15:26:45,@narianadijunius6186,miskin aja sok mau taruhan
2025-11-02 15:26:47,@AdamRandi-f9d,goooo onicc
2025-11-02 15:26:48,@rizalaziz3451,Onok
2025-11-02 15:26:49,@GALAXYXD21,7
2025-11-02 15:26:49,@narianadijunius6186,miskin aja sok mau taruhan
2025-11-02 15:26:49,@dandymaulana7454,mulai jam brp
2025-11-02 15:26:49,@symismail7294,7
2025-11-02 15:26:49,@SalehSaleh-f8u,7
2025-11-02 15:26:50,@FandiSquarepants,LAMA!
2025-11-02 15:26:50,@argasaputra-gd2sf,NT dah
2025-11-02 15:26:51,@evangidayatulloh07,letsgo onic
2025-11-02 15:26:51,@RizkiALhusaeni,go RRQ
2025-11-02 15:26:51,@dindaalyatanpabatas,"Yang nonton 16ribu yg like cuma 3,8ribu:body-blue-raised-arms:"
2025-11-02 15:26:51,@rarasyafirachanel9540,#7
2025-11-02 15:26:51,@muhammadmisbahulriziq7756,p
2025-11-02 15:26:52,@gonzagaming8642,#7:winking_face_with_tongue:
2025-11-02 15:26:53,@GALAXYXD21,7
2025-11-02 15:26:53,@symismail7294,7
2025-11-02 15:26:53,@narianadijunius6186,miskin aja sok mau taruhan
2025-11-02 15:26:54,@dickyvengeance3140,bismillah 4-2 alther ego juara
2025-11-02 15:26:54,@rarasyafirachanel9540,7
2025-11-02 15:26:55,@rizalaziz3451,Onic 
2025-11-02 15:26:55,@SalehSaleh-f8u,7
2025-11-02 15:26:56,@faisalabay7350,langsung saja piala nya kasih king AE
2025-11-02 15:26:56,@julhalbert,bjir ai
2025-11-02 15:26:57,@symismail7294,7
2025-11-02 15:26:57,@gonzagaming8642,#7:winking_face_with_tongue:
2025-11-02 15:26:57,@MamankGarox-s7d,miskin aja sok mau taruhan
2025-11-02 15:26:58,@narianadijunius6186,miskin aja sok mau taruhan
2025-11-02 15:26:58,@rarasyafirachanel9540,7
2025-11-02 15:26:58,@haikaldesvian7062,RRQ AYAM
2025-11-02 15:26:59,@fanonicholl,ayamm
2025-11-02 15:26:59,@SalehSaleh-f8u,7
2025-11-02 15:27:00,@GALAXYXD21,7
2025-11-02 15:27:00,@symismail7294,7
2025-11-02 15:27:00,@ferdiyansyah5234,#7:backhand_index_pointing_up::winking_face_with_tongue:
2025-11-02 15:27:00,@rares4530,"sabar kocak, org gaada yg mau nonton kuis kya gini, pasti nunggu mulai dlu"
2025-11-02 15:27:00,@ZeroYusuf-x1t,bismillah semoga onic juara
2025-11-02 15:27:02,@GALAXYXD21,7
2025-11-02 15:27:02,@narianadijunius6186,miskin aja sok mau taruhan
2025-11-02 15:27:03,@SalehSaleh-f8u,7
2025-11-02 15:27:03,@symismail7294,7
2025-11-02 15:27:03,@xsant-ch,7
2025-11-02 15:27:03,@changerber3928,jam brpa main jing
2025-11-02 15:27:05,@GALAXYXD21,7
2025-11-02 15:27:05,@ZulHilmi-l5h2o,7
2025-11-02 15:27:05,@AdamRandi-f9d,goo anic
2025-11-02 15:27:06,@Heavenly_4you,7
2025-11-02 15:27:06,@irwanaudiobalun,7
2025-11-02 15:27:06,@ahmadfajar-c6u,ae mbapuk
2025-11-02 15:27:06,@Supremebeing0116,MULAI JAM 17: 30
2025-11-02 15:27:07,@dindaalyatanpabatas,"Yang nonton 16ribu yg like cuma 3,8ribu:body-blue-raised-arms:"
2025-11-02 15:27:06,@julz1443,ON International Champion (ONIC)
2025-11-02 15:27:07,@unknown-u5l6w,main 80 menit lag
2025-11-02 15:27:07,@Whyxkya,7
2025-11-02 15:27:07,@wskingoff4336,voting bre
2025-11-02 15:27:08,@SalehSaleh-f8u,7
2025-11-02 15:27:08,@ZulHilmi-l5h2o,7
2025-11-02 15:27:08,@FirulAzis-y9d5q,rrq bot
2025-11-02 15:27:08,@GALAXYXD21,7
2025-11-02 15:27:08,@xsant-ch,7
2025-11-02 15:27:09,@syahrul7261,7
2025-11-02 15:27:09,@Heavenly_4you,7
2025-11-02 15:27:09,@fanonicholl,7
2025-11-02 15:27:10,@Silviel2606,Jam Berapa Mulainya?
2025-11-02 15:27:10,@gonzagaming8642,#7:winking_face_with_tongue:
2025-11-02 15:27:10,@imbouu,RRQ #7
2025-11-02 15:27:10,@petualangisekai,setelah lamanya masih yaping juga
2025-11-02 15:27:10,@zunzhe-d1c,7
2025-11-02 15:27:11,@ZulHilmi-l5h2o,7
2025-11-02 15:27:11,@Nizam-rg7or,7
2025-11-02 15:27:11,@アシドク,7
2025-11-02 15:27:12,@AdamRandi-f9d,goo anic
2025-11-02 15:27:12,@SalehSaleh-f8u,7
2025-11-02 15:27:13,@narianadijunius6186,miskin aja sok mau taruhan
2025-11-02 15:27:13,@syahrul7261,7
2025-11-02 15:27:13,@evangidayatulloh07,7
2025-11-02 15:27:13,@ZulHilmi-l5h2o,7
2025-11-02 15:27:13,@PuPov-vb4nu,7
2025-11-02 15:27:13,@NeymarJunior-y1h,EPOS >>TLPH
2025-11-02 15:27:13,@Heavenly_4you,7
2025-11-02 15:27:13,@xsant-ch,7
2025-11-02 15:27:13,@fanonicholl,7
2025-11-02 15:27:15,@ZulHilmi-l5h2o,7
2025-11-02 15:27:15,@rustaamaji7537,7
2025-11-02 15:27:16,@abiansyahrul4354,7
2025-11-02 15:27:16,@FandiSquarepants,woiii agak cepetan dikit!
2025-11-02 15:27:16,@Nizam-rg7or,#7
2025-11-02 15:27:17,@narianadijunius6186,miskin aja sok mau taruhan
2025-11-02 15:27:17,@SalehSaleh-f8u,7
2025-11-02 15:27:17,@nurfaidah1984,RRQ sudah pulang :beaming_face_with_smiling_eyes:
2025-11-02 15:27:18,@fanonicholl,7
2025-11-02 15:27:18,@gonzagaming8642,#7:winking_face_with_tongue:
2025-11-02 15:27:18,@aboy705,7
2025-11-02 15:27:18,@ZNXSHA,7
2025-11-02 15:27:19,@GodBika,7
2025-11-02 15:27:19,@AlvinAlle,7
2025-11-02 15:27:19,@abiansyahrul4354,7
2025-11-02 15:27:19,@garlicboy1245,7
2025-11-02 15:27:20,@Nizam-rg7or,7
2025-11-02 15:27:21,@illonedamaian6612,7
2025-11-02 15:27:21,@rahmatfauzi3319,7
2025-11-02 15:27:21,@notwhystd,tes
2025-11-02 15:27:21,@SalehSaleh-f8u,7
2025-11-02 15:27:22,@narianadijunius6186,miskin aja sok mau taruhan
2025-11-02 15:27:22,@ZulHilmi-l5h2o,7
2025-11-02 15:27:22,@ferrarilorenso4150,7
2025-11-02 15:27:22,@abiansyahrul4354,7
2025-11-02 15:27:22,@ferrarilorenso4150,7
2025-11-02 15:27:22,@AlvinAlle,7
2025-11-02 15:27:22,@NingNung-g9k,ini belum mulai kan?
2025-11-02 15:27:22,@Hendri-q6h,lama
2025-11-02 15:27:22,@ferrarilorenso4150,7
2025-11-02 15:27:23,@xsant-ch,7
2025-11-02 15:27:23,@ZulHilmi-l5h2o,7
2025-11-02 15:27:23,@ferrarilorenso4150,77
2025-11-02 15:27:23,@fanonicholl,7
2025-11-02 15:27:23,@AndhikaHusada,17 30 gais mainnya
2025-11-02 15:27:23,@ferrarilorenso4150,7
2025-11-02 15:27:23,@gonzagaming8642,#7:winking_face_with_tongue:
2025-11-02 15:27:24,@ferrarilorenso4150,7
2025-11-02 15:27:24,@TarakaArdani,tes
2025-11-02 15:27:24,@TepzFearless,7
2025-11-02 15:27:25,@ZulHilmi-l5h2o,7
2025-11-02 15:27:25,@herifirdaus-o7y,LLLAAAMMMMAAAA
2025-11-02 15:27:25,@syahrul7261,7
2025-11-02 15:27:26,@abiansyahrul4354,7
2025-11-02 15:27:26,@narianadijunius6186,miskin aja sok mau taruhan
2025-11-02 15:27:26,@SalehSaleh-f8u,7
2025-11-02 15:27:26,@fanonicholl,7
2025-11-02 15:27:27,@ZulHilmi-l5h2o,7
2025-11-02 15:27:27,@baja7868,4900maH apa itu samsung busuk
2025-11-02 15:27:27,@mhmmdtqii,7
2025-11-02 15:27:27,@kliwonindo4366,7
2025-11-02 15:27:27,@TepzFearless,7
2025-11-02 15:27:27,@rioersaferdinann_,7
2025-11-02 15:27:28,@fikrikopites5827,7
2025-11-02 15:27:28,@AlvinAlle,7
2025-11-02 15:27:28,@xsant-ch,7
2025-11-02 15:27:28,@AbdurrahmanAman-ir1ug,7
2025-11-02 15:27:28,@Vickyweef,7
2025-11-02 15:27:28,@mhmmdtqii,7
2025-11-02 15:27:29,@アシドク,7
2025-11-02 15:27:29,@ferdiyansyah5234,ereri ko gda ada? tim ayam
2025-11-02 15:27:29,@danangsatrio,7
2025-11-02 15:27:29,@syahrul7261,7
2025-11-02 15:27:29,@mhmmdtqii,7
2025-11-02 15:27:30,@Nizam-rg7or,7
2025-11-02 15:27:30,@RirisCahyaning,7
2025-11-02 15:27:30,@zrch98,7
2025-11-02 15:27:30,@GodBika,7
2025-11-02 15:27:30,@SalehSaleh-f8u,7
2025-11-02 15:27:30,@Heavenly_4you,:backhand_index_pointing_down::winking_face_with_tongue:
2025-11-02 15:27:30,@narianadijunius6186,miskin aja sok mau taruhan
2025-11-02 15:27:31,@Vickyweef,7
2025-11-02 15:27:31,@junakalbar,7
2025-11-02 15:27:31,@KhoirunNasikin-z9e,ae
2025-11-02 15:27:31,@razorgoogle1747,77
2025-11-02 15:27:31,@imbouu,RRQ 7
2025-11-02 15:27:32,@mhmmdtqii,7
2025-11-02 15:27:32,@vernandagerhana1357,ES TELLER 77
2025-11-02 15:27:32,@TepzFearless,7
2025-11-02 15:27:32,@abiansyahrul4354,7
2025-11-02 15:27:32,@om_jin86,7
2025-11-02 15:27:33,@zrch98,7
2025-11-02 15:27:33,@Vickyweef,7
2025-11-02 15:27:33,@syahrul7261,7
2025-11-02 15:27:33,@ferrarilorenso4150,7
2025-11-02 15:27:34,@bagassfausta,7
2025-11-02 15:27:34,@baja7868,4900maH apa itu samsung busuk
2025-11-02 15:27:35,@SalehSaleh-f8u,7
2025-11-02 15:27:35,@Vickyweef,7
2025-11-02 15:27:35,@ferrarilorenso4150,7
2025-11-02 15:27:35,@fanonicholl,7
2025-11-02 15:27:36,@umm_hijrah,ketik #7
2025-11-02 15:27:37,@mhmmdtqii,7
2025-11-02 15:27:37,@dindaalyatanpabatas,"Yang nonton 17ribu yg like cuma 3,8ribu:body-blue-raised-arms:"
2025-11-02 15:27:37,@Nizam-rg7or,7
2025-11-02 15:27:37,@onedee2805,77Q
2025-11-02 15:27:38,@rickymontana6192,7
2025-11-02 15:27:38,@djdidiwahana8582,7
2025-11-02 15:27:38,@TepzFearless,7
2025-11-02 15:27:38,@RirisCahyaning,7
2025-11-02 15:27:39,@gonzagaming8642,#7:winking_face_with_tongue:
2025-11-02 15:27:39,@zrch98,7
2025-11-02 15:27:39,@AlvinAlle,7
2025-11-02 15:27:39,@SalehSaleh-f8u,7
2025-11-02 15:27:40,@anakAlam1985,#7
2025-11-02 15:27:40,@Nizam-rg7or,7
2025-11-02 15:27:40,@ericcantona7678,7 mana nih blm nonton
2025-11-02 15:27:40,@AdamRandi-f9d,7
2025-11-02 15:27:40,@Vickyweef,7
2025-11-02 15:27:40,@abiansyahrul4354,7
2025-11-02 15:27:40,@XXTRA666,7
2025-11-02 15:27:40,@GiselSiahaan-q2m,7
2025-11-02 15:27:41,@marchellinovivo6679,7
2025-11-02 15:27:41,@Cerita_duniaajaib, 
2025-11-02 15:27:41,@Cerita_duniaajaib, 
2025-11-02 15:27:41,@Rehansudhtobat,7
2025-11-02 15:27:42,@Cerita_duniaajaib, 
2025-11-02 15:27:42,@dindaalyatanpabatas,"Yang nonton 17ribu yg like cuma 3,8ribu:body-blue-raised-arms:"
2025-11-02 15:27:43,@Nizam-rg7or,7
2025-11-02 15:27:43,@Heavenly_4you,:squinting_face_with_tongue::backhand_index_pointing_up:
2025-11-02 15:27:43,@GodBika,7
2025-11-02 15:27:44,@baja7868,4900maH apa itu samsung busuk
2025-11-02 15:27:43,@fanonicholl,7
2025-11-02 15:27:44,@gonzagaming8642,#7:winking_face_with_tongue:
2025-11-02 15:27:44,@nabiladom8154,8
2025-11-02 15:27:44,@zrch98,7
2025-11-02 15:27:46,@fatur0315,7
2025-11-02 15:27:46,@Rehansudhtobat,7
2025-11-02 15:27:47,@Nizam-rg7or,7
2025-11-02 15:27:47,@Vickyweef,7
2025-11-02 15:27:47,@Aditgamer-c1u,7
2025-11-02 15:27:47,@nurulnvrda,7
2025-11-02 15:27:47,@Cerita_duniaajaib, 7
2025-11-02 15:27:47,@minwil01,7
2025-11-02 15:27:47,@zrch98,7
2025-11-02 15:27:48,@TepzFearless,7
2025-11-02 15:27:48,@mhmmdtqii,7
2025-11-02 15:27:48,@aboy705,Mama aku di Mseries
2025-11-02 15:27:48,@Vickyweef,7
2025-11-02 15:27:49,@danangsatrio,:winking_face_with_tongue::winking_face_with_tongue::winking_face_with_tongue:
2025-11-02 15:27:49,@fahrizalnoorrahman3550,7
2025-11-02 15:27:49,@abiansyahrul4354,7
2025-11-02 15:27:49,@gonzagaming8642,#7:winking_face_with_tongue:
2025-11-02 15:27:50,@baja7868,4900maH apa itu samsung busuk
2025-11-02 15:27:50,@Rehansudhtobat,7
2025-11-02 15:27:50,@zrch98,7
2025-11-02 15:27:50,@Cerita_duniaajaib,7
2025-11-02 15:27:50,@minwil01,7
2025-11-02 15:27:50,@Vickyweef,7
2025-11-02 15:27:50,@GodBika,7
2025-11-02 15:27:51,@AlvinAlle,7
2025-11-02 15:27:51,@ArisWan-i7v,7
2025-11-02 15:27:52,@FajarRianto-to9bk,lama
2025-11-02 15:27:52,@Daniss_10,7
2025-11-02 15:27:52,@Nizam-rg7or,#7
2025-11-02 15:27:52,@HusnaWiyah-s1z,ONIC TIME
2025-11-02 15:27:52,@AdamRandi-f9d,:rolling_on_the_floor_laughing::rolling_on_the_floor_laughing::rolling_on_the_floor_laughing:
2025-11-02 15:27:52,@abiansyahrul4354,7
2025-11-02 15:27:53,@imbouu,7
2025-11-02 15:27:53,@FarhanEdisapurta,7
2025-11-02 15:27:53,@djdidiwahana8582,7
2025-11-02 15:27:54,@aguszamri,3
2025-11-02 15:27:54,@XXTRA666,7
2025-11-02 15:27:55,@Cerita_duniaajaib,7
2025-11-02 15:27:55,@baja7868,4900maH apa itu samsung busuk
2025-11-02 15:27:55,@minwil01,7
2025-11-02 15:27:55,@abiansyahrul4354,7
2025-11-02 15:27:55,@Randaco,7 RRQ
2025-11-02 15:27:55,@FirdaIkhwan,7
2025-11-02 15:27:56,@BagasArya-b2y,7
2025-11-02 15:27:56,@dwiyanfitrianto8270,7
2025-11-02 15:27:56,@xsant-ch,7
2025-11-02 15:27:56,@Nizam-rg7or,#7
2025-11-02 15:27:56,@nizzarnizzar9692,7
2025-11-02 15:27:56,@mallarizky6746,7
2025-11-02 15:27:57,@SalehSaleh-f8u,sorry end thenk you #7
2025-11-02 15:27:57,@gonzagaming8642,#7:winking_face_with_tongue:
2025-11-02 15:27:57,@zrch98,7
2025-11-02 15:27:58,@marioyusuf9439,:face-blue-wide-eyes::face-blue-wide-eyes:
2025-11-02 15:27:58,@XyzXyz-z8w7j,7
2025-11-02 15:27:58,@lordsat0ru-mp5,spam 7 semua jir
2025-11-02 15:27:58,@AlvinAlle,7
2025-11-02 15:27:59,@Kiyus-h8o,7
2025-11-02 15:27:59,@baja7868,4900maH apa itu samsung busuk
2025-11-02 15:27:59,@HendraWansyah-yj1eg,7
2025-11-02 15:27:59,@zrch98,7
2025-11-02 15:27:59,@mhmmdtqii,7
2025-11-02 15:27:59,@AndhiIT,77
2025-11-02 15:27:59,@fikrikopites5827,7
2025-11-02 15:27:59,@abiansyahrul4354,7
2025-11-02 15:28:00,@TepzFearless,7
2025-11-02 15:28:00,@Cerita_duniaajaib,7
2025-11-02 15:28:00,@ArdianRamadan-d9x5p,7
2025-11-02 15:28:01,@Nizam-rg7or,#7
2025-11-02 15:28:01,@BagasArya-b2y,7
2025-11-02 15:28:02,@aguszamri,3
2025-11-02 15:28:02,@Fajri-e2g,#7
2025-11-02 15:28:03,@TepzFearless,7
2025-11-02 15:28:03,@gonzagaming8642,#7:winking_face_with_tongue:
2025-11-02 15:28:03,@Nizam-rg7or,7
2025-11-02 15:28:03,@baja7868,4900maH apa itu samsung busuk
2025-11-02 15:28:03,@fatur0315,7
2025-11-02 15:28:04,@AndhiIT,7
2025-11-02 15:28:04,@YukaApriansyah-tp3bk,lama ngk sabar pengen lihat onic hari akhir
2025-11-02 15:28:04,@fikrikopites5827,7
2025-11-02 15:28:05,@Cerita_duniaajaib,7
2025-11-02 15:28:05,@nexxbabi1439,7
2025-11-02 15:28:05,@Nizam-rg7or,7
2025-11-02 15:28:06,@umm_hijrah,ketik#7
2025-11-02 15:28:06,@abiansyahrul4354,7
2025-11-02 15:28:06,@TepzFearless,7
2025-11-02 15:28:06,@aguszamri,3
2025-11-02 15:28:07,@jejee_imup12,lama
2025-11-02 15:28:07,@HendraWansyah-yj1eg,7
2025-11-02 15:28:07,@SpraYetno,7
2025-11-02 15:28:07,@ArdianRamadan-d9x5p,7
2025-11-02 15:28:08,@Nizam-rg7or,7
2025-11-02 15:28:08,@pakgaming2554,7
2025-11-02 15:28:08,@ArisWan-i7v,7
2025-11-02 15:28:08,@baja7868,4900maH apa itu samsung busuk
2025-11-02 15:28:08,@BagasArya-b2y,#7
2025-11-02 15:28:08,@noppinzz,btr badut play off:clown_face::clown_face::clown_face:
2025-11-02 15:28:08,@SalehSaleh-f8u,sorry end thenk you:eyes-purple-crying:
2025-11-02 15:28:09,@CrisJovandri31,memk
2025-11-02 15:28:09,@abiansyahrul4354,7
2025-11-02 15:28:09,@Jscadsty,RRQ PASTI MENANG HARI INI
2025-11-02 15:28:09,@djdidiwahana8582,ini waktunya onic bkn rrq
2025-11-02 15:28:09,@Randaco,7 RRQ
2025-11-02 15:28:10,@Cerita_duniaajaib,7
2025-11-02 15:28:10,@AltaGemoysekali,#7
2025-11-02 15:28:10,@AlvinAlle,7
2025-11-02 15:28:10,@gonzagaming8642,#7:winking_face_with_tongue:
2025-11-02 15:28:10,@fatur0315,7
2025-11-02 15:28:11,@baja7868,4900maH apa itu samsung busuk
2025-11-02 15:28:12,@kerisnaldyginting794,7
2025-11-02 15:28:12,@fikrikopites5827,7
2025-11-02 15:28:14,@jejee_imup12,7
2025-11-02 15:28:14,@khrsmagstiaji45,7
2025-11-02 15:28:14,@BagasArya-b2y,7
2025-11-02 15:28:14,@aguszamri,3
2025-11-02 15:28:14,@fatur0315,7
2025-11-02 15:28:14,@Nizam-rg7or,7
2025-11-02 15:28:15,@baja7868,4900maH apa itu samsung busuk
2025-11-02 15:28:15,@om_jin86,7
2025-11-02 15:28:15,@SalehSaleh-f8u,7
2025-11-02 15:28:15,@gonzagaming8642,#7:winking_face_with_tongue:
2025-11-02 15:28:16,@adrianakbar9618,7
2025-11-02 15:28:16,@XXTRA666,7
2025-11-02 15:28:17,@adrianakbar9618,7
2025-11-02 15:28:17,@HendraWansyah-yj1eg,7 pak ap
2025-11-02 15:28:17,@NarratiFun,RR7
2025-11-02 15:28:17,@herigaming4349,min itu di running text nya ada yang kurang spasi 1 MPL INDONESIA SEASON 16>HARUSNYA (SPASI) 16
2025-11-02 15:28:17,@Nizam-rg7or,7
2025-11-02 15:28:17,@Candrasetyawan-sr6uh,7
2025-11-02 15:28:17,@bangbem1995,7 apa bang
2025-11-02 15:28:17,@adrianakbar9618,7
2025-11-02 15:28:17,@MamahInah-h3e,LAMAAA
2025-11-02 15:28:18,@adrianakbar9618,7
2025-11-02 15:28:18,@adrianakbar9618,7
2025-11-02 15:28:19,@jejee_imup12,7
2025-11-02 15:28:19,@adrianakbar9618,7
2025-11-02 15:28:19,@Andre-gp7mv,7
2025-11-02 15:28:19,@baja7868,4900maH apa itu samsung busuk
2025-11-02 15:28:20,@AlvinAlle,7
2025-11-02 15:28:20,@gonzagaming8642,#7:winking_face_with_tongue:
2025-11-02 15:28:21,@asdil6412,3
2025-11-02 15:28:21,@Megalova,7
2025-11-02 15:28:22,@adrianakbar9618,7
2025-11-02 15:28:22,@Vlinder3,mgapain sih komennnya 7?
2025-11-02 15:28:23,@Nizam-rg7or,7
2025-11-02 15:28:23,@HendraWansyah-yj1eg,7
2025-11-02 15:28:23,@om_jin86,7
2025-11-02 15:28:23,@agusrinaldi6541,7
2025-11-02 15:28:24,@Andre-gp7mv,7
2025-11-02 15:28:24,@baja7868,4900maH apa itu samsung busuk
2025-11-02 15:28:24,@aguszamri,3 ke goa
2025-11-02 15:28:24,@mallarizky6746,7
2025-11-02 15:28:24,@XXTRA666,7
2025-11-02 15:28:25,@ekosetyawan6832,77
2025-11-02 15:28:26,@Keii-i3n,7
2025-11-02 15:28:26,@gonzagaming8642,#7:winking_face_with_tongue:
2025-11-02 15:28:27,@CrisJovandri31,keburu mau cas hp gw
2025-11-02 15:28:27,@Andre-gp7mv,7
2025-11-02 15:28:28,@NarratiFun,RR7
2025-11-02 15:28:28,@dewaangga5974,7
2025-11-02 15:28:28,@BagasArya-b2y,7:backhand_index_pointing_down::winking_face_with_tongue:
2025-11-02 15:28:28,@baja7868,4900maH apa itu samsung busuk
2025-11-02 15:28:28,@Randaco,7 RRQ
2025-11-02 15:28:28,@umm_hijrah,7
2025-11-02 15:28:28,@ArdianRamadan-d9x5p,#7
2025-11-02 15:28:29,@ekosetyawan6832,7
2025-11-02 15:28:29,@Nizam-rg7or,#7
2025-11-02 15:28:29,@XXTRA666,7
2025-11-02 15:28:29,@Megalova,7
2025-11-02 15:28:30,@NarratiFun,RR7
2025-11-02 15:28:31,@Andre-gp7mv,7
2025-11-02 15:28:31,@ekosetyawan6832,7
2025-11-02 15:28:31,@baja7868,4900maH apa itu samsung busuk
2025-11-02 15:28:32,@TarakaArdani,tes
2025-11-02 15:28:32,@IimLah,ayo ae
2025-11-02 15:28:32,@Megalova,7
2025-11-02 15:28:33,@Smurk_619,AE 1 JT
2025-11-02 15:28:33,@kenzieshankara,7
2025-11-02 15:28:33,@HendraWansyah-yj1eg,7
2025-11-02 15:28:33,@KELOMPOK_PTI,"cristiano ronaldo nomor 7 is the goat, rrq hastag 7 goat"
2025-11-02 15:28:34,@ayayna123,ini waktunya onic bukan kita :saluting_face:
2025-11-02 15:28:34,@AlvinAlle,7
2025-11-02 15:28:34,@Andre-gp7mv,7
2025-11-02 15:28:35,@baja7868,4900maH apa itu samsung busuk
2025-11-02 15:28:35,@Megalova,7
2025-11-02 15:28:36,@kenzieshankara,7
2025-11-02 15:28:37,@XXTRA666,7
2025-11-02 15:28:37,@Mablus_Mablus,:body-blue-raised-arms:
2025-11-02 15:28:38,@ekosetyawan6832,7
2025-11-02 15:28:38,@NarratiFun,RR7
2025-11-02 15:28:38,@SalehSaleh-f8u,:pleading_face:lawan siapapun boleh kalah asal jangan evos :pleading_face:
2025-11-02 15:28:38,@Andre-gp7mv,7
2025-11-02 15:28:38,@BagasArya-b2y,7
2025-11-02 15:28:39,@aguszamri,3
2025-11-02 15:28:39,@baja7868,4900maH apa itu samsung busuk
2025-11-02 15:28:39,@lukashirikato1569,7
2025-11-02 15:28:39,@AzkaNajih,77
2025-11-02 15:28:40,@kenzieshankara,7
2025-11-02 15:28:41,@HadiLiman-m3e,7
2025-11-02 15:28:41,@rizkyherlangga277,7
2025-11-02 15:28:41,@Andre-gp7mv,7
2025-11-02 15:28:42,@Megalova,7
2025-11-02 15:28:42,@TKToPigroup,7
2025-11-02 15:28:42,@Heavenly_4you,:cat_with_tears_of_joy:
2025-11-02 15:28:43,@gonzagaming8642,#7:winking_face_with_tongue:
2025-11-02 15:28:43,@bhadulltoretro1034,"COMMENT AN ORANG INDONESIA PALING GAK BERMUTU , PANTES BNYK YG MISKIN"
2025-11-02 15:28:43,@kenzieshankara,7
2025-11-02 15:28:43,@BagasArya-b2y,7
2025-11-02 15:28:43,@aguszamri,3
2025-11-02 15:28:44,@Smurk_619,GW AE 1 JT
2025-11-02 15:28:44,@Andre-gp7mv,7
2025-11-02 15:28:44,@rizkyherlangga277,7
2025-11-02 15:28:45,@NarratiFun,RR7
2025-11-02 15:28:45,@baja7868,4900maH apa itu samsung busuk
2025-11-02 15:28:45,@m.ghifaryfauzan6680,7
2025-11-02 15:28:45,@AlvinAlle,7
2025-11-02 15:28:46,@Andre-gp7mv,7
2025-11-02 15:28:46,@XXTRA666,7
2025-11-02 15:28:46,@Randaco,Spam RRQ7
2025-11-02 15:28:47,@BagasArya-b2y,7
2025-11-02 15:28:47,@akunrian2356,HAMA
2025-11-02 15:28:47,@SalehSaleh-f8u,7
2025-11-02 15:28:47,@TKToPigroup,7
2025-11-02 15:28:47,@Megalova,7
2025-11-02 15:28:48,@dhulll__26,cuma evos cuma evos cuma evos cuma evoss
2025-11-02 15:28:48,@Cirro27,Percuma masuk playoff kalau gak ke final
2025-11-02 15:28:48,@rafii1701,7
2025-11-02 15:28:48,@Andre-gp7mv,7
2025-11-02 15:28:49,@NdeRBX,7
2025-11-02 15:28:49,@WiaParepare,7
2025-11-02 15:28:49,@m.ghifaryfauzan6680,7
2025-11-02 15:28:49,@SONICBAPERAN,ae 20jt
2025-11-02 15:28:50,@BagasArya-b2y,7
2025-11-02 15:28:51,@SigitAkunprib,"WAKTUNYA ,AE JUARA"
2025-11-02 15:28:51,@Andre-gp7mv,7
2025-11-02 15:28:51,@imamhidayat1668,7
2025-11-02 15:28:53,@gorilaglass6333,7
2025-11-02 15:28:53,@m.ghifaryfauzan6680,7
2025-11-02 15:28:54,@Njawikentel,7
2025-11-02 15:28:55,@Megalova,7
2025-11-02 15:28:55,@asdil6412,3 tiga lll
2025-11-02 15:28:55,@baja7868,4900maH apa itu samsung busuk
2025-11-02 15:28:56,@Andre-gp7mv,8
2025-11-02 15:28:57,@rafii1701,7
2025-11-02 15:28:57,@gonzagaming8642,#7:winking_face_with_tongue:
2025-11-02 15:28:57,@RajasonangGultom-z9e,7
2025-11-02 15:28:58,@m.ghifaryfauzan6680,7
2025-11-02 15:28:59,@GOMBELBROTHER,jam brp mulai
2025-11-02 15:28:59,@SONICSKYKING,7
2025-11-02 15:29:00,@Ramaj1k,evos pulang
2025-11-02 15:29:00,@daknight99,7
2025-11-02 15:29:00,@ahmaderfandi9697,Predik AE juara 4-2
2025-11-02 15:29:00,@MuhPadli-p8i,RRQ
2025-11-02 15:29:00,@RajasonangGultom-z9e,7
2025-11-02 15:29:01,@Cawet-k6q,dia atas langit ada onov
2025-11-02 15:29:01,@Nizam-rg7or,:backhand_index_pointing_down:
2025-11-02 15:29:01,@baja7868,4900maH apa itu samsung busuk
2025-11-02 15:29:01,@SirdzatIman,7
2025-11-02 15:29:01,@azofficial7766,mulainya jam berapa cok
2025-11-02 15:29:02,@gonzagaming8642,#7:winking_face_with_tongue:
2025-11-02 15:29:03,@haikalhaikal1320,7
2025-11-02 15:29:02,@CrisJovandri31,Alh feler
2025-11-02 15:29:03,@syahrul7261,7
2025-11-02 15:29:03,@Randaco,RRQ 7
2025-11-02 15:29:03,@Suka_laut,7
2025-11-02 15:29:03,@mallarizky6746,7
2025-11-02 15:29:04,@m.ghifaryfauzan6680,7
2025-11-02 15:29:04,@NarratiFun,RR7
2025-11-02 15:29:04,@AlvinAlle,7
2025-11-02 15:29:05,@ayayna123,ini waktunya onic bukan kita :saluting_face:
2025-11-02 15:29:05,@RajasonangGultom-z9e,7
2025-11-02 15:29:05,@baja7868,4900maH apa itu samsung busuk
2025-11-02 15:29:07,@Nizam-rg7or,:backhand_index_pointing_down:
2025-11-02 15:29:07,@SalehSaleh-f8u,ini waktunya kita bukan onic :pleading_face:
2025-11-02 15:29:07,@RafaAziqra-hd5jv,#7
2025-11-02 15:29:07,@AnggaPrahastia-r8f4m,7
2025-11-02 15:29:07,@gonzagaming8642,#7:winking_face_with_tongue:
2025-11-02 15:29:08,@UchihaShizui-o8m8y,langsung aja kasih ke RRQ pialanya
2025-11-02 15:29:08,@rafii1701,7
2025-11-02 15:29:08,@daknight99,7
2025-11-02 15:29:08,@haikalhaikal1320,7
2025-11-02 15:29:10,@baja7868,4900maH apa itu samsung busuk
2025-11-02 15:29:10,@RajasonangGultom-z9e,7
2025-11-02 15:29:11,@Nizam-rg7or,:backhand_index_pointing_down:
2025-11-02 15:29:11,@NarratiFun,RR7
2025-11-02 15:29:11,@asdil6412,ae 10 jt
2025-11-02 15:29:11,@pyy-avocado,:winking_face_with_tongue:
2025-11-02 15:29:11,@azkanaufalrachmat7427,tim cendy
2025-11-02 15:29:12,@gonzagaming8642,#7:winking_face_with_tongue:
2025-11-02 15:29:13,@aguszamri,3
2025-11-02 15:29:14,@AiraKhairunisa-d8w,King of#7
2025-11-02 15:29:14,@MuhPadli-p8i,rrq
2025-11-02 15:29:15,@RajasonangGultom-z9e,7
2025-11-02 15:29:16,@TKToPigroup,"7 penuh arti, piala onic 7, urutan 7 si tim yg jago"
2025-11-02 15:29:17,@azofficial7766,0
2025-11-02 15:29:17,@HadiLiman-m3e,m7
2025-11-02 15:29:17,@AlvinAlle,7
2025-11-02 15:29:18,@NarratiFun,RR7
2025-11-02 15:29:18,@SalehSaleh-f8u,7
2025-11-02 15:29:18,@rafii1701,7
2025-11-02 15:29:18,@gonzagaming8642,#7:winking_face_with_tongue:
2025-11-02 15:29:18,@donnyputra623,mulai jam brapa pler?
2025-11-02 15:29:19,@IrsadIrsad-kf2ms,IT'S TIME AE MENJADI JUARA
2025-11-02 15:29:20,@MuhPadli-p8i,rrq
2025-11-02 15:29:21,@hardisukma1297,Goooooo AE buat cetak sejarah bawa piasa mpl Dan Jadi Final Nanti Di M7.. Aamin
2025-11-02 15:29:21,@GibranAdhelioghadi,m7 7 nya apa
2025-11-02 15:29:25,@mallarizky6746,7
2025-11-02 15:29:26,@ferrytumberwood1613,:face-orange-raised-eyebrow:
2025-11-02 15:29:26,@ridhonuraprilio1293,king 7
2025-11-02 15:29:26,@NarratiFun,RR7
2025-11-02 15:29:27,@gonzagaming8642,#7:winking_face_with_tongue:
2025-11-02 15:29:27,@m.ghifaryfauzan6680,7
2025-11-02 15:29:27,@Randaco,RRQ 7 RRQ 7
2025-11-02 15:29:28,@dickyvengeance3140,bismillah AE juara
2025-11-02 15:29:28,@AlvinAlle,7
2025-11-02 15:29:29,@aguszamri,is back evos
2025-11-02 15:29:31,@rmjthunderstudio9712,lama ktl
2025-11-02 15:29:31,@gonzagaming8642,#7:winking_face_with_tongue:
2025-11-02 15:29:33,@someone_7-z7,nice alu
2025-11-02 15:29:34,@Xyve-l7b,yapping
2025-11-02 15:29:34,@androidded,xie yg baru lolos play off lagi
2025-11-02 15:29:35,@NarratiFun,RR7
2025-11-02 15:29:37,@gonzagaming8642,#7:winking_face_with_tongue:
2025-11-02 15:29:37,@Shahrizalll,:penguin-blue-waving-tear:
2025-11-02 15:29:37,@nurfaidah1984,aku suka tuan AE
2025-11-02 15:29:38,@SalehSaleh-f8u,tolongin kita lah plis EVOS:pleading_face:
2025-11-02 15:29:40,@nurfaidah1984,aku suka tuan AE
2025-11-02 15:29:41,@gonzagaming8642,#7:winking_face_with_tongue:
2025-11-02 15:29:42,@Mamat799,nak
2025-11-02 15:29:43,@Antarabeleke,77
2025-11-02 15:29:44,@ahmaderfandi9697,predik AE juara 4-2 Finals MVP NINO
2025-11-02 15:29:45,@NarratiFun,7
2025-11-02 15:29:46,@BagasArya-b2y,kingdom sedang menyamar
2025-11-02 15:29:46,@AlvinAlle,7
2025-11-02 15:29:46,@gonzagaming8642,#7:winking_face_with_tongue:
2025-11-02 15:29:47,@Mamat799,:grinning_face::grinning_face:
2025-11-02 15:29:48,@riswanda29,ini bencyanaaaaaaaaa
2025-11-02 15:29:49,@onic037,serius aku nonton dri jam 14.30
2025-11-02 15:29:49,@ahmadlubab7381,7
2025-11-02 15:29:51,@gonzagaming8642,#7:winking_face_with_tongue:
2025-11-02 15:29:52,@SalehSaleh-f8u,7
2025-11-02 15:29:52,@djdidiwahana8582,7
2025-11-02 15:29:53,@erica-njz,7
2025-11-02 15:29:54,@Antarabeleke,77
2025-11-02 15:29:56,@nurfaidah1984,oke
2025-11-02 15:29:56,@SayyidAhmad212,7
2025-11-02 15:29:57,@gonzagaming8642,#7:winking_face_with_tongue:
2025-11-02 15:29:57,@AlvinAlle,7
2025-11-02 15:29:57,@mallarizky6746,7
2025-11-02 15:29:58,@KELOMPOK_PTI,king rr7 back
2025-11-02 15:29:59,@gilangmaulana6769,AE JUARAAA
2025-11-02 15:29:59,@nycthophile7297,KING IVIS IS BICK
2025-11-02 15:29:59,@NarratiFun,7
2025-11-02 15:30:00,@Colicola99,jam berapa ini mulai nya?
2025-11-02 15:30:01,@IrsadIrsad-kf2ms,4-2 ae menang
2025-11-02 15:30:01,@gonzagaming8642,#7:winking_face_with_tongue:
2025-11-02 15:30:03,@rahmatdcluzter8201,mpl dengan yapping terbanyak
2025-11-02 15:30:03,@cuppida,7
2025-11-02 15:30:04,@saifulhashim1646,berapa jam lagi
2025-11-02 15:30:05,@Randaco,RRQ 7
2025-11-02 15:30:05,@net2890,7
2025-11-02 15:30:05,@gonzagaming8642,#7:winking_face_with_tongue:
2025-11-02 15:30:06,@net2890,7
2025-11-02 15:30:06,@net2890,7
2025-11-02 15:30:06,@AlvinAlle,7
2025-11-02 15:30:06,@net2890,7
2025-11-02 15:30:06,@net2890,7
2025-11-02 15:30:07,@net2890,7
2025-11-02 15:30:07,@SalehSaleh-f8u,7
2025-11-02 15:30:07,@rozanfadilla7235,Mulai nya jam brp 
2025-11-02 15:30:07,@NarratiFun,7
2025-11-02 15:30:08,@MuhammadRifan-q6f,7
2025-11-02 15:30:08,@SadewaTriPamungkas,RRQ MAIN JAM BERAPA
2025-11-02 15:30:09,@ArkaVeyron,7
2025-11-02 15:30:09,@djdidiwahana8582,7
2025-11-02 15:30:09,@aira-w5s,5 kot
2025-11-02 15:30:09,@KamisaltoAyanaon,7
2025-11-02 15:30:10,@net2890,7
2025-11-02 15:30:10,@Antarabeleke,77
2025-11-02 15:30:11,@gonzagaming8642,#7:winking_face_with_tongue:
2025-11-02 15:30:12,@ahmadrizki_ns8014,full gak stage?
2025-11-02 15:30:13,@SalehSaleh-f8u,7
2025-11-02 15:30:13,@KamisaltoAyanaon,7
2025-11-02 15:30:13,@nightbot,MPL ID dengan tegas menentang segala bentuk perjudian & mendukung kompetisi yang adil dan berintegritas. Mari kita bangun komunitas yang menghormati nilai-nilai sportivitas dalam dunia esports!
2025-11-02 15:30:13,@TKToPigroup,7
2025-11-02 15:30:14,@AlvinAlle,7
2025-11-02 15:30:14,@ZedAxe-z8t,yapping
2025-11-02 15:30:14,@sairilhasan1285,7
2025-11-02 15:30:15,@net2890,7
2025-11-02 15:30:15,@MuhammadRifan-q6f,7
2025-11-02 15:30:15,@NarratiFun,RR7
2025-11-02 15:30:15,@Smurk_619,"M:backhand_index_pointing_down: , :backhand_index_pointing_down::winking_face_with_tongue:"
2025-11-02 15:30:16,@HaikalFikri-e5j7f,7
2025-11-02 15:30:17,@juliannnwssss,jam berapa
2025-11-02 15:30:18,@sakilatunainiyah,go o
2025-11-02 15:30:18,@muhtaufik9251,Emang di goa ada sinyal ya RRQ??
2025-11-02 15:30:18,@djdidiwahana8582,7
2025-11-02 15:30:18,@rafii1701,kapan mulainya min?
2025-11-02 15:30:18,@yasfialan8379,rrq poke
2025-11-02 15:30:19,@ArcelioRifqi,KINK IPOSS BACK TO GOA
2025-11-02 15:30:19,@GwenLauryn,7
2025-11-02 15:30:19,@Robyto29,7
2025-11-02 15:30:19,@gonzagaming8642,#7:winking_face_with_tongue:
2025-11-02 15:30:19,@XRENNN,Asik juga nih Event nya pilih hero hero:rolling_on_the_floor_laughing:
2025-11-02 15:30:19,@HaikalFikri-e5j7f,7
2025-11-02 15:30:19,@dickyvengeance3140,semoga coach Adi nggk respect ban yss
2025-11-02 15:30:20,@net2890,7
2025-11-02 15:30:20,@SalehSaleh-f8u,7
2025-11-02 15:30:20,@MOHHADORI-j4e,les goo AE
2025-11-02 15:30:20,@riswanda29,belzing DuEt FrOm SkYlArkKkKkK
2025-11-02 15:30:21,@Kira2yoshikage,suara Gemini imut jir
2025-11-02 15:30:21,@Antarabeleke,77
2025-11-02 15:30:22,@ZedAxe-z8t,kebanyakan yapiing
2025-11-02 15:30:22,@HaikalFikri-e5j7f,7
2025-11-02 15:30:22,@djdidiwahana8582,7
2025-11-02 15:30:22,@aira-w5s,5 kot
2025-11-02 15:30:24,@sairilhasan1285,7:face_with_tears_of_joy::face_with_hand_over_mouth:
2025-11-02 15:30:25,@net2890,7
2025-11-02 15:30:25,@Smurk_619,"M:backhand_index_pointing_down: , :backhand_index_pointing_down::winking_face_with_tongue:"
2025-11-02 15:30:25,@nurfaidah1984,ayo semua yang pilih AE ketik 3
2025-11-02 15:30:26,@NarratiFun,7
2025-11-02 15:30:26,@vhyyy_222,yazuke cuma bisa yss haya
2025-11-02 15:30:26,@AlvinAlle,7
2025-11-02 15:30:26,@RengokuGANK,ONIC JUARA GG ONIC
2025-11-02 15:30:27,@sairilhasan1285,7:face_with_tears_of_joy::face_with_hand_over_mouth:
2025-11-02 15:30:27,@rivalsandriana7159,mulai 17.30
2025-11-02 15:30:27,@ArpiRizqie-x8c,alu sma miya jir wkkwkwkwk
2025-11-02 15:30:28,@gonzagaming8642,#7:winking_face_with_tongue:
2025-11-02 15:30:29,@SalehSaleh-f8u,7
2025-11-02 15:30:29,@miawmiaw7562,kink ae vs kink onic
2025-11-02 15:30:30,@net2890,7
2025-11-02 15:30:30,@sairilhasan1285,7:face_with_tears_of_joy::face_with_hand_over_mouth:
2025-11-02 15:30:31,@mallarizky6746,gemini darksistem anying
2025-11-02 15:30:32,@rizkinick,Semangat AE lu juara pasti
2025-11-02 15:30:33,@Robyto29,7
2025-11-02 15:30:33,@nova_amelia12,7
2025-11-02 15:30:33,@petualangisekai,stop yaping
2025-11-02 15:30:34,@djdidiwahana8582,7
2025-11-02 15:30:34,@sairilhasan1285,7:face_with_tears_of_joy::face_with_hand_over_mouth:
2025-11-02 15:30:35,@yasfialan8379,rrq 7#
2025-11-02 15:30:36,@HaikalFikri-e5j7f,saaaaaaveeeeeroooooo
2025-11-02 15:30:36,@NarratiFun,RR7
2025-11-02 15:30:36,@lenoxxx-t5x,7
2025-11-02 15:30:37,@ferrytumberwood1613,7
2025-11-02 15:30:37,@Smurk_619,"M:backhand_index_pointing_down: , :backhand_index_pointing_down::winking_face_with_tongue:"
2025-11-02 15:30:37,@gonzagaming8642,#7:winking_face_with_tongue:
2025-11-02 15:30:38,@sairilhasan1285,7:face_with_tears_of_joy::face_with_hand_over_mouth:
2025-11-02 15:30:39,@rahmatdcluzter8201,mpl id adalah mpl dengan yapping terbanyak
2025-11-02 15:30:39,@KELOMPOK_PTI,"yang nonton 17rb, yang like 7rb, yang subrcribe 7 jt, sekarang jam 17.30"
2025-11-02 15:30:41,@RengokuGANK,GG ONIC
2025-11-02 15:30:41,@GwenLauryn,7
2025-11-02 15:30:42,@sakilatunainiyah,iya njir
2025-11-02 15:30:42,@ayayna123,:face-blue-smiling:
2025-11-02 15:30:42,@AlvinAlle,7
2025-11-02 15:30:43,@gonzagaming8642,#7:winking_face_with_tongue:
2025-11-02 15:30:44,@NarratiFun,7
2025-11-02 15:30:44,@djdidiwahana8582,rrq kg bisa main
2025-11-02 15:30:44,@lutfikoala5604,evos jm brpa
2025-11-02 15:30:45,@dhiyafakhri.s1731,7
2025-11-02 15:30:45,@HaikalFikri-e5j7f,7
2025-11-02 15:30:45,@arif2011y,kawal terus #7
2025-11-02 15:30:45,@nabilanabila-m8o7i,rrq lawan apa ini final nya
2025-11-02 15:30:46,@dhiyafakhri.s1731,7
2025-11-02 15:30:47,@Ajalah-r2u,udah coyy #7 udah gosong jangan dimasak lagi ntar makin gosong :face_with_tears_of_joy:
2025-11-02 15:30:47,@dhiyafakhri.s1731,7
2025-11-02 15:30:48,@gonzagaming8642,#7:winking_face_with_tongue:
2025-11-02 15:30:48,@Curuts-Gaming,7
2025-11-02 15:30:48,@Robyto29,7
2025-11-02 15:30:49,@Rapskymlbb,AE AKAN MENGUKIR SEJARAH:trophy-yellow-smiling:
2025-11-02 15:30:49,@dhiyafakhri.s1731,7
2025-11-02 15:30:49,@regisfigoardana9831,mulai jam berapa?
2025-11-02 15:30:50,@Sannjaegarr,aokwos miya
2025-11-02 15:30:50,@dhiyafakhri.s1731,7
2025-11-02 15:30:50,@SalehSaleh-f8u,7
2025-11-02 15:30:50,@Heavenly_4you,gooooo ONIC
2025-11-02 15:30:51,@muhammadrizkytripermana5047,pak ap nangisssss
2025-11-02 15:30:52,@z1rca,#7
2025-11-02 15:30:53,@ferrytumberwood1613,7
2025-11-02 15:30:53,@NarratiFun,7
2025-11-02 15:30:55,@gonzagaming8642,#7:winking_face_with_tongue:
2025-11-02 15:30:56,@dhiyafakhri.s1731,7
2025-11-02 15:30:57,@dhiyafakhri.s1731,7
2025-11-02 15:30:57,@AnisLasa-s6f,7
2025-11-02 15:30:58,@B2F_Konoha_x_Onepiece,yg topi Bimo picky pick
2025-11-02 15:30:58,@dhiyafakhri.s1731,7
2025-11-02 15:30:59,@androidded,EVOS baru lolos play off lagi ya
2025-11-02 15:31:01,@petualangisekai,Yaping Yaping Yapinh
2025-11-02 15:31:01,@AsfaAlthaf,"2 Hero Darksystem, tapi Player nya bukan Darksystem:face_with_hand_over_mouth:"
2025-11-02 15:31:01,@kenyol0110,onic menang gw botak
2025-11-02 15:31:01,@Smurk_619,"M:backhand_index_pointing_down: , :backhand_index_pointing_down::winking_face_with_tongue:"
2025-11-02 15:31:01,@ahmadfauzi1053,7
2025-11-02 15:31:01,@ifkiirispek3612,7
2025-11-02 15:31:02,@SilviYunitaDewi,7
2025-11-02 15:31:02,@AnisLasa-s6f,7
2025-11-02 15:31:03,@dhiyafakhri.s1731,7
2025-11-02 15:31:03,@brayanselebew,7
2025-11-02 15:31:03,@onic037,:squinting_face_with_tongue::backhand_index_pointing_up:
2025-11-02 15:31:03,@BayuSaputra-ux6th,7
2025-11-02 15:31:04,@arifrohman9592,mainnya setengah 6 sore adik-adik
2025-11-02 15:31:04,@Robyto29,7
2025-11-02 15:31:05,@NarratiFun,RR7
2025-11-02 15:31:05,@dhiyafakhri.s1731,7
2025-11-02 15:31:06,@AnisLasa-s6f,7
2025-11-02 15:31:07,@HaikalFikri-e5j7f,7
2025-11-02 15:31:07,@Fullilsun,mulai jam berapa?
2025-11-02 15:31:07,@ferrytumberwood1613,76
2025-11-02 15:31:09,@SalehSaleh-f8u,pak AP tolong kembalikan Skylar kami:pleading_face:
2025-11-02 15:31:09,@ekahadi4723,7
2025-11-02 15:31:09,@AlvinAlle,7
2025-11-02 15:31:09,@Shahrizalll,semangat AE:flexed_biceps:
2025-11-02 15:31:10,@dhiyafakhri.s1731,7
2025-11-02 15:31:10,@dickyvengeance3140,pasif onic ada di coach Adi
2025-11-02 15:31:10,@brayanselebew,#7
2025-11-02 15:31:10,@nurfaidah1984,OOO peringkat 7 RRQ
2025-11-02 15:31:10,@AnisLasa-s6f,7
2025-11-02 15:31:11,@Candrasetyawan-sr6uh,:buffering::buffering::buffering::buffering::buffering::buffering::buffering::buffering::buffering::buffering::buffering::buffering::buffering::buffering::buffering::buffering::buffering::buffering::buffering::buffering:
2025-11-02 15:31:12,@djdidiwahana8582,7
2025-11-02 15:31:13,@TimothyEdisonWicaksono,lamaa
2025-11-02 15:31:13,@ayayna123,take a long time
2025-11-02 15:31:13,@ahmadfauzi1053,7
2025-11-02 15:31:14,@memepoins,7
2025-11-02 15:31:14,@AnisLasa-s6f,7
2025-11-02 15:31:15,@dhiyafakhri.s1731,7
2025-11-02 15:31:17,@Mablus_Mablus,number 3 kok msuk goa:person-turqouise-waving:
2025-11-02 15:31:17,@PortgasDAzrael,Rrq kingdom x LOKAL
2025-11-02 15:31:17,@abdulazys4748,kasih pialauntuk king ae
2025-11-02 15:31:17,@Sadclips69,7
2025-11-02 15:31:18,@StarBrensz,7
2025-11-02 15:31:18,@ArkaVeyron,7
2025-11-02 15:31:18,@xZoraya,M7 maksudnya?
2025-11-02 15:31:18,@printskillacademy,JAM BERAPA MULAINYA?
2025-11-02 15:31:18,@Rudeboys-k9e,7
2025-11-02 15:31:18,@memepoins,7
2025-11-02 15:31:18,@jriChamps,CR7
2025-11-02 15:31:19,@SalehSaleh-f8u,7
2025-11-02 15:31:19,@AnisLasa-s6f,7
2025-11-02 15:31:19,@muhammadkafka253,mulai jam. berapa bang
2025-11-02 15:31:20,@dhiyafakhri.s1731,7
2025-11-02 15:31:21,@Rudeboys-k9e,7
2025-11-02 15:31:21,@KELOMPOK_PTI,harusnya peringkat 7 ikut m7
2025-11-02 15:31:21,@Rudeboys-k9e,7
2025-11-02 15:31:21,@Rudeboys-k9e,7
2025-11-02 15:31:21,@Rudeboys-k9e,7
2025-11-02 15:31:22,@AditZyrex,lama
2025-11-02 15:31:22,@StarBrensz,7
2025-11-02 15:31:22,@memepoins,7
2025-11-02 15:31:23,@ayayna123,take a long time
2025-11-02 15:31:23,@AnisLasa-s6f,7
2025-11-02 15:31:24,@leonardo-i5d1j,7
2025-11-02 15:31:25,@zoelkeeply7259,72
2025-11-02 15:31:25,@dhiyafakhri.s1731,7
2025-11-02 15:31:26,@StarBrensz,7
2025-11-02 15:31:26,@AlvinAlle,7
2025-11-02 15:31:28,@nurfaidah1984,7
2025-11-02 15:31:28,@Sadclips69,7
2025-11-02 15:31:28,@AnisLasa-s6f,7
2025-11-02 15:31:29,@SalehSaleh-f8u,7
2025-11-02 15:31:29,@djalaludinelrumi4143,:finger-red-number-one::medal-yellow-first-red:AFTER EGO
2025-11-02 15:31:30,@ranggaardiansyah6948,mau nanya Main jam berapa
2025-11-02 15:31:30,@StarBrensz,7
2025-11-02 15:31:30,@dhiyafakhri.s1731,7
2025-11-02 15:31:30,@MamankGarox-s7d,ayam rrq
2025-11-02 15:31:31,@AnisLasa-s6f,7
2025-11-02 15:31:31,@35.jainalelmi53,kapan mainnya
2025-11-02 15:31:32,@Rudeboys-k9e,hai
2025-11-02 15:31:32,@nurfaidah1984,7
2025-11-02 15:31:33,@adrianakbar9618,7
2025-11-02 15:31:33,@jriChamps,LETS GO AE MENGUKIR SEJARAH
2025-11-02 15:31:33,@adrianakbar9618,7
2025-11-02 15:31:34,@wawanbagus_27,7
2025-11-02 15:31:34,@adrianakbar9618,7
2025-11-02 15:31:34,@StarBrensz,7
2025-11-02 15:31:34,@AnisLasa-s6f,7
2025-11-02 15:31:34,@Shah11r,Gemini darksystem
2025-11-02 15:31:34,@adrianakbar9618,7
2025-11-02 15:31:34,@djalaludinelrumi4143,:finger-red-number-one::medal-yellow-first-red:AFTER EGO
2025-11-02 15:31:35,@dhiyafakhri.s1731,7
2025-11-02 15:31:35,@adrianakbar9618,7
2025-11-02 15:31:35,@ZedAxe-z8t,7
2025-11-02 15:31:35,@krisarlngga,7
2025-11-02 15:31:35,@adrianakbar9618,7
2025-11-02 15:31:36,@Robyto29,7
2025-11-02 15:31:37,@adrianakbar9618,7
2025-11-02 15:31:37,@nurfaidah1984,7
2025-11-02 15:31:38,@SalehSaleh-f8u,7
2025-11-02 15:31:39,@AnisLasa-s6f,7
2025-11-02 15:31:39,@djalaludinelrumi4143,:finger-red-number-one::medal-yellow-first-red:AFTER EGO
2025-11-02 15:31:40,@dhiyafakhri.s1731,7
2025-11-02 15:31:40,@gilangmaulana6769,7
2025-11-02 15:31:40,@sakilatunainiyah,7
2025-11-02 15:31:41,@nurfaidah1984,7
2025-11-02 15:31:42,@distraction2316,RRQ menang amiin
2025-11-02 15:31:42,@AnisLasa-s6f,7
2025-11-02 15:31:43,@rifkidoro3621,yang ngetik 7 pasti evos fam ini wkwk
2025-11-02 15:31:43,@Khutur-e6g,AE menang allah
2025-11-02 15:31:44,@akbarirlandiaputra,"cendy dark sistem, gua sering liat d live nya mas dean"
2025-11-02 15:31:44,@adityanugroho5804,7
2025-11-02 15:31:44,@ramdanbudiman1997,7
2025-11-02 15:31:45,@AlvinAlle,7
2025-11-02 15:31:45,@nurfaidah1984,7
2025-11-02 15:31:46,@ラフィ0o0-q3l,"gua pegang Onic, AE tim apaan :face_with_tears_of_joy::face_with_tears_of_joy:"
2025-11-02 15:31:46,@gakadanama1323,7
2025-11-02 15:31:46,@Prass_27,7
2025-11-02 15:31:47,@jriChamps,7
2025-11-02 15:31:47,@Robyto29,7
2025-11-02 15:31:47,@ahmadfarilprayogo5837,letsgi ae
2025-11-02 15:31:47,@Rapskymlbb,prediksi AE 4-2 ONIC:face-orange-biting-nails:
2025-11-02 15:31:48,@ramdanbudiman1997,7
2025-11-02 15:31:48,@onic037,:backhand_index_pointing_down::squinting_face_with_tongue:
2025-11-02 15:31:49,@FarrelAlden,7⁷7⁷7u7uuu
2025-11-02 15:31:49,@nurfaidah1984,7
2025-11-02 15:31:49,@apidsedrul3858,7
2025-11-02 15:31:49,@gakadanama1323,7
2025-11-02 15:31:50,@Prass_27,7
2025-11-02 15:31:51,@Aquamarine_123,7
2025-11-02 15:31:51,@apidsedrul3858,7
2025-11-02 15:31:52,@KyyXorizo,7
2025-11-02 15:31:52,@zumhuryabraham6089,7
2025-11-02 15:31:53,@riswanda29,banyak okum gini gokil
2025-11-02 15:31:53,@Prass_27,7
2025-11-02 15:31:53,@leonardo-i5d1j,rrq main jm berapa?
2025-11-02 15:31:54,@ramdanbudiman1997,7
2025-11-02 15:31:54,@gilangmaulana6769,7
2025-11-02 15:31:54,@RianRian-ik3cf,7
2025-11-02 15:31:54,@dickyvengeance3140,coach Adi tolong jangan ban yss yazuke
2025-11-02 15:31:55,@KELOMPOK_PTI,"ae vs onic, rrq menang"
2025-11-02 15:31:56,@Dello_Dz,7
2025-11-02 15:31:56,@ranggaardiansahh,bet124
2025-11-02 15:31:56,@apidsedrul3858,7
2025-11-02 15:31:57,@KyyXorizo,7
2025-11-02 15:31:57,@ocbluu15,"*Yang spam 7 tuh SDM rendah, Gampang ke provok*"
2025-11-02 15:31:57,@jriChamps,GEMINI KAPAN RRQ KE M SERIES
2025-11-02 15:31:58,@sanztchannel,eeq menang
2025-11-02 15:31:58,@dhiyafakhri.s1731,7
2025-11-02 15:31:59,@Prass_27,7
2025-11-02 15:31:59,@Robyto29,7
2025-11-02 15:31:59,@pbaduhalahh9117,:face_with_tongue:7
2025-11-02 15:31:59,@dhiyafakhri.s1731,7
2025-11-02 15:32:00,@dhiyafakhri.s1731,7
2025-11-02 15:32:00,@Oesman1714,#7
2025-11-02 15:32:00,@NGABROAST,7
2025-11-02 15:32:00,@KyyXorizo,7
2025-11-02 15:32:00,@gilangmaulana6769,7
2025-11-02 15:32:00,@anitapurba1690,onic
2025-11-02 15:32:00,@mahesasanggabuana1563,RINZ THE CRINGE UDH ALM KAH?
2025-11-02 15:32:00,@dhiyafakhri.s1731,7
2025-11-02 15:32:01,@anggunhafizh1903,FANS RRQ KEMANA
2025-11-02 15:32:01,@apidsedrul3858,7
2025-11-02 15:32:01,@Cndraa401,7
2025-11-02 15:32:01,@marihidayat,:winking_face_with_tongue:
2025-11-02 15:32:02,@andiariandaputra2710,7
2025-11-02 15:32:03,@zumhuryabraham6089,7 pe ape
2025-11-02 15:32:03,@Billysukasikma,komen rusak jirr yang main siapa dia 7 7:face-green-smiling:
2025-11-02 15:32:04,@kerangbuluhitam,er er ki main jam berapa
2025-11-02 15:32:04,@ilhamsetiawan-b9b,7
2025-11-02 15:32:05,@azmitanjung2901,Lama
2025-11-02 15:32:05,@dhiyafakhri.s1731,7
2025-11-02 15:32:06,@KyyXorizo,7
2025-11-02 15:32:06,@apidsedrul3858,7
2025-11-02 15:32:07,@nopspaw,7
2025-11-02 15:32:07,@AlvinAlle,7
2025-11-02 15:32:07,@KingGalank,gio
2025-11-02 15:32:07,@nopspaw,7
2025-11-02 15:32:07,@SalehSaleh-f8u,7
2025-11-02 15:32:07,@nopspaw,7
2025-11-02 15:32:07,@FarrelAlden,5
2025-11-02 15:32:08,@nopspaw,7
2025-11-02 15:32:08,@Plinnz,lama
2025-11-02 15:32:08,@nopspaw,7
2025-11-02 15:32:08,@Dikz-uf8uo,7
2025-11-02 15:32:08,@AditSaja-o5z,lama amat
2025-11-02 15:32:08,@Robyto29,7
2025-11-02 15:32:08,@nopspaw,7
2025-11-02 15:32:08,@D1mzzxz,7
2025-11-02 15:32:08,@SafrdiniaAlyanfana,kucing berak sekebon wkwkwk
2025-11-02 15:32:10,@dhiyafakhri.s1731,7
2025-11-02 15:32:10,@narianadijunius6186,MISKIN YATIM PIATU SOK MAU TARUHAN
2025-11-02 15:32:11,@apidsedrul3858,7
2025-11-02 15:32:11,@AangKurniawan-m1h,jam brpa mulai main nya?
2025-11-02 15:32:13,@ilhamsetiawan-b9b,7
2025-11-02 15:32:13,@ayayna123,November O nya apa ONIC
2025-11-02 15:32:13,@sanztchannel,req menang
2025-11-02 15:32:14,@anitapurba1690,onic
2025-11-02 15:32:14,@AditSaja-o5z,L mpl
2025-11-02 15:32:15,@Reibox.M.T,7
2025-11-02 15:32:15,@RitaRosita-yw9ss,lama bngt ni mpl bisan nonton
2025-11-02 15:32:16,@rehan1685,7
2025-11-02 15:32:18,@Robyto29,7
2025-11-02 15:32:18,@jriChamps,7
2025-11-02 15:32:18,@pbaduhalahh9117,:face_with_tongue:7
2025-11-02 15:32:18,@nizaralfari952,7
2025-11-02 15:32:19,@Mablus_Mablus,goa di peruntukan reguler 7or9 itu julukan goa:moai:
2025-11-02 15:32:19,@sanztchannel,req menang
2025-11-02 15:32:19,@anitapurba1690,onic menang
2025-11-02 15:32:19,@Rapskymlbb,AE 4-2 ONIC
2025-11-02 15:32:21,@SalehSaleh-f8u,jangan Miya lah:winking_face:
2025-11-02 15:32:21,@SantiiSantii-n6f,7 7
2025-11-02 15:32:21,@Tomzz-z,7
2025-11-02 15:32:22,@MUSICOGY20,7
2025-11-02 15:32:22,@morissonchannel6187,MAJU JAUH2 UJUNG2NYA GAK LOLOS
2025-11-02 15:32:23,@roffigamingff490,LAMA ANJIR
2025-11-02 15:32:23,@yannime002,ini mulainya jam berapa si
2025-11-02 15:32:24,@pbaduhalahh9117,:face_with_tongue:7
2025-11-02 15:32:25,@sanztchannel,req menang
2025-11-02 15:32:26,@ranggaardiansyah6948,tolong di jawab main jam berapa
2025-11-02 15:32:26,@lovefood-q4i,7
2025-11-02 15:32:28,@anitapurba1690,onic menang
2025-11-02 15:32:28,@ArnindoPusponegoro-ih9ex,7
2025-11-02 15:32:28,@SantiiSantii-n6f,7
2025-11-02 15:32:28,@SamsolSatoru,7
2025-11-02 15:32:29,@Robyto29,7
2025-11-02 15:32:29,@TendayKlaudius,7
2025-11-02 15:32:30,@tantralingga5864,7
2025-11-02 15:32:30,@RitaRosita-yw9ss,lama
2025-11-02 15:32:30,@Tahru-fb8xm,7
2025-11-02 15:32:30,@morissonchannel6187,MAJU JAUH2 UJUNG2NYA GAK LOLOS
2025-11-02 15:32:31,@lovefood-q4i,7
2025-11-02 15:32:31,@AlvinAlle,7
2025-11-02 15:32:31,@ラフィ0o0-q3l,Tolong Jangan Nyalakan Pasih AE :folded_hands::folded_hands::folded_hands:
2025-11-02 15:32:32,@sanztchannel,req menang
2025-11-02 15:32:33,@WandiMayuri,Let's go RRQ:rolling_on_the_floor_laughing:
2025-11-02 15:32:33,@_REMIII_,lamanya
2025-11-02 15:32:34,@pbaduhalahh9117,:face_with_tongue:7
2025-11-02 15:32:34,@anggunhafizh1903,ALBERT DIBELI RRQ BARENG BRUSKO
2025-11-02 15:32:35,@anitapurba1690,onic menang
2025-11-02 15:32:35,@rehan1685,7
2025-11-02 15:32:36,@KenArsenio-v6k,tebak siapa yang menang AE atau onic
2025-11-02 15:32:36,@Tahru-fb8xm,7
2025-11-02 15:32:36,@AhmadNabilFadhiilah,7
2025-11-02 15:32:38,@B2F_Konoha_x_Onepiece,Yg goa nomor 7 udah pada Nongol
2025-11-02 15:32:38,@hzq.___0089,apaan dahh lama bangt anj
2025-11-02 15:32:39,@tantralingga5864,7
2025-11-02 15:32:39,@morissonchannel6187,MAJU JAUH2 UJUNG2NYA GAK LOLOS
2025-11-02 15:32:40,@black0ut173,7 MAKSUD NYA APA ?
2025-11-02 15:32:41,@Storykucingmiaw,Ga penting langsung match aja 
2025-11-02 15:32:42,@Robyto29,7
2025-11-02 15:32:43,@Tahru-fb8xm,7
2025-11-02 15:32:46,@ZakiSEPTIANSYAH,kalian dukung yang mna kalo onic sini deh merapat
2025-11-02 15:32:46,@AlvinAlle,7
2025-11-02 15:32:47,@sanztchannel,req menang
2025-11-02 15:32:48,@penumpangbiasa761,ONIC TURU WAE
2025-11-02 15:32:48,@morissonchannel6187,MAJU JAUH2 UJUNG2NYA GAK LOLOS
2025-11-02 15:32:48,@EnanSulaeman-jb3sm,bismillahirrahmanirrahim gooo onic wiiiiiin
2025-11-02 15:32:49,@wolesbroo,7
2025-11-02 15:32:49,@dickyvengeance3140,let's go ae
2025-11-02 15:32:50,@omaga2337,MAIN NYA JAM 17.30 GUYSS
2025-11-02 15:32:53,@jriChamps,#7
2025-11-02 15:32:54,@sanztchannel,req menang
2025-11-02 15:32:54,@adiputrasetiawan3926,7
2025-11-02 15:32:56,@Robyto29,7
2025-11-02 15:32:57,@penumpangbiasa761,ONIC TURU WAE
2025-11-02 15:32:57,@TendayKlaudius,RRQ KAPAN MAIN
2025-11-02 15:33:00,@sanztchannel,req menang
2025-11-02 15:33:01,@morissonchannel6187,MAJU JAUH2 UJUNG2NYA GAK LOLOS
2025-11-02 15:33:02,@KELOMPOK_PTI,"november n nya apa, navi tim apaan rrq nih 7:squinting_face_with_tongue:"
2025-11-02 15:33:02,@ZANSm2,AE wwwiiiinnnnn
2025-11-02 15:33:03,@Rapskymlbb,AE 4-2 ONIC:face-orange-biting-nails:
2025-11-02 15:33:04,@PandaFuma,crispy cendy ikut main ml
2025-11-02 15:33:04,@AlvinAlle,7
2025-11-02 15:33:05,@rehan1685,:winking_face_with_tongue::backhand_index_pointing_up:
2025-11-02 15:33:05,@sanztchannel,req menang
2025-11-02 15:33:07,@arifrohman9592,6.30 adik-adik mainnya
2025-11-02 15:33:07,@Awas-7,he
2025-11-02 15:33:08,@IQSYALSHODIQKIN,7
2025-11-02 15:33:08,@RoboiBermana,lah mm lah 
2025-11-02 15:33:09,@nizarkamijara527,"udh bner2 gak ada rrq kalian mlah bahas rrq mulu, bukannya tenang kalian malah bikin brisik"
2025-11-02 15:33:10,@SalehSaleh-f8u,pakai saber aja:winking_face:
2025-11-02 15:33:11,@Robyto29,7
2025-11-02 15:33:11,@dominators002-l9l,7
2025-11-02 15:33:13,@madegita8793,apipi
2025-11-02 15:33:14,@morissonchannel6187,MAJU JAUH2 UJUNG2NYA GAK LOLOS
2025-11-02 15:33:15,@tantralingga5864,7
2025-11-02 15:33:18,@sanztchannel,req menang
2025-11-02 15:33:19,@ValenTino-i4v9s,oktober berse7arah
2025-11-02 15:33:19,@lang.123-g3b,onic
2025-11-02 15:33:19,@Maulana-t4w9w,Jam berapa main nya ?
2025-11-02 15:33:21,@morissonchannel6187,MAJU JAUH2 UJUNG2NYA GAK LOLOS
2025-11-02 15:33:23,@zert-l5u,liatin game nya lah mpl woi
2025-11-02 15:33:23,@gepamunqks,maen jam brp guyd
2025-11-02 15:33:25,@putrapartama123,7
2025-11-02 15:33:27,@IlhamFaisol-n7r,GW LAGI DI DI MEKKAH SAMBIL BERDOA UNTUK ONICCC SEMOGA MENANG
2025-11-02 15:33:28,@morissonchannel6187,MAJU JAUH2 UJUNG2NYA GAK LOLOS
2025-11-02 15:33:29,@dipabintangpamungkas4763,alterego bismillah
2025-11-02 15:33:29,@Robyto29,7
2025-11-02 15:33:30,@hanzz-202,alter bego go go
2025-11-02 15:33:30,@MZahran-lq3ub,liat gameplaynya woy
2025-11-02 15:33:31,@Riyadhalfaiz,kpn maennya ee
2025-11-02 15:33:31,@TendayKlaudius,RRQ KAPAN MAIN
2025-11-02 15:33:31,@AlvinAlle,7
2025-11-02 15:33:31,@Nniezzz,"AE GOOD LUCK, SETELAH BERPROSES SEMOGA MENANG..."
2025-11-02 15:33:32,@KELOMPOK_PTI,emot kairi dulu guys:winking_face_with_tongue::backhand_index_pointing_down:
2025-11-02 15:33:34,@muhaiminanwr5984,garing
2025-11-02 15:33:35,@morissonchannel6187,MAJU JAUH2 UJUNG2NYA GAK LOLOS
2025-11-02 15:33:40,@Valenskytoporsky,KINGDOM PADA IRI LIAT TIM NYA PLAYOFF AJA GABISA
2025-11-02 15:33:40,@Robyto29,7
2025-11-02 15:33:41,@hanzz-202,onic time
2025-11-02 15:33:43,@biggboss1210,7
2025-11-02 15:33:44,@nizarkamijara527,"udh bner2 gak ada rrq kalian mlah bahas rrq mulu, bukannya tenang kalian malah bikin brisik"
2025-11-02 15:33:45,@morissonchannel6187,MAJU JAUH2 UJUNG2NYA GAK LOLOS
2025-11-02 15:33:47,@biggboss1210,7
2025-11-02 15:33:49,@biggboss1210,7
2025-11-02 15:33:49,@TouTou-f6j,:squinting_face_with_tongue:
2025-11-02 15:33:51,@ayayna123,:face-blue-smiling:
2025-11-02 15:33:52,@dickyvengeance3140,let's go king ae
2025-11-02 15:33:53,@PandaFuma,mana game play na
2025-11-02 15:33:55,@DeoniziaViegas,Its ae time
2025-11-02 15:33:55,@Robyto29,7
2025-11-02 15:33:56,@EdiNanang-z8l,menang lawan RRQ
2025-11-02 15:33:59,@FarkhanJafar,kapan maennya etdah malah gajelas
2025-11-02 15:33:59,@muhaiminanwr5984,mpl makin kesini makin bnyk drma garing pula
2025-11-02 15:34:01,@Reyyzqt.,cendy bot
2025-11-02 15:34:01,@kucing-salto25,laamaaa
2025-11-02 15:34:01,@DeoniziaViegas,Its ae time
2025-11-02 15:34:01,@morissonchannel6187,MAJU JAUH2 UJUNG2NYA GAK LOLOS
2025-11-02 15:34:01,@ブデイ,7
2025-11-02 15:34:02,@B2F_Konoha_x_Onepiece,Yg di goa nomor 7 . pala nya pada nongol
2025-11-02 15:34:04,@AlvinAlle,7
2025-11-02 15:34:06,@fauzanakbar1405,p
2025-11-02 15:34:07,@user-ll4zx2iq7o,jam 20.00 ngasal
2025-11-02 15:34:07,@qorryangga5896,7
2025-11-02 15:34:08,@SalehSaleh-f8u,7
2025-11-02 15:34:08,@dwvn5792,"@nizarkamijara527 nah bener, udah gaada masih aja di bahas terus, sebenernya mau gak ada rrq atau nggak sama aja:grinning_face_with_sweat::grinning_face_with_sweat:"
2025-11-02 15:34:10,@Rapskymlbb,"AE MENGUKIR SEJARAH, ONIC NGALAH AJA:hand-orange-covering-eyes:"
2025-11-02 15:34:12,@azkanaufalrachmat7427,dinda sok asik
2025-11-02 15:34:14,@AhmadFauzi-u4z9k,challenge ga penting
2025-11-02 15:34:15,@SalehSaleh-f8u,7
2025-11-02 15:34:16,@bariqkhalaf1022,maen jam brp
2025-11-02 15:34:17,@tiancristianusfablo1693,7
2025-11-02 15:34:19,@SalehSaleh-f8u,7
2025-11-02 15:34:22,@morissonchannel6187,MAJU JAUH2 UJUNG2NYA GAK LOLOS
2025-11-02 15:34:22,@SalehSaleh-f8u,7
2025-11-02 15:34:23,@tianperkasa508,alter ego go go go
2025-11-02 15:34:24,@kingpaliki,768 67
2025-11-02 15:34:24,@KELOMPOK_PTI,rrq posisi 7 jadi langsung lolos m7
2025-11-02 15:34:25,@Robyto29,7
2025-11-02 15:34:25,@oktavianusbramantioambarit8981,mulai aja langsung tot
2025-11-02 15:34:25,@ayayna123,oo tidak bisa
2025-11-02 15:34:26,@SalehSaleh-f8u,7
2025-11-02 15:34:26,@PaddojaJr,AE BISA MENANG INI SIH
2025-11-02 15:34:29,@TiaraAulyaa,onic onicc
2025-11-02 15:34:30,@SalehSaleh-f8u,7
2025-11-02 15:34:30,@berlianaulia9967,rqq jam berapa main
2025-11-02 15:34:32,@saochang464,7
2025-11-02 15:34:32,@morissonchannel6187,MAJU JAUH2 UJUNG2NYA GAK LOLOS
2025-11-02 15:34:35,@hadihardiansyah2833,gua mimpi ae juara
2025-11-02 15:34:35,@AlvinAlle,7
2025-11-02 15:34:37,@tianperkasa508,alter ego go go go
2025-11-02 15:34:38,@SalehSaleh-f8u,7
2025-11-02 15:34:39,@Robyto29,7
2025-11-02 15:34:40,@FADHIL-JRS,mulai jam brp?
2025-11-02 15:34:43,@lumpa5245,7
2025-11-02 15:34:43,@tianperkasa508,alter ego go go go
2025-11-02 15:34:44,@MasbulahBulah,gooooo onic
2025-11-02 15:34:44,@morissonchannel6187,MAJU JAUH2 UJUNG2NYA GAK LOLOS
2025-11-02 15:34:44,@SalehSaleh-f8u,7
2025-11-02 15:34:45,@TendayKlaudius,RRQ KAPAN MAIN
2025-11-02 15:34:47,@NandaPrastio-w3q,7
2025-11-02 15:34:48,@SalehSaleh-f8u,7
2025-11-02 15:34:49,@tianperkasa508,alter ego go go go
2025-11-02 15:34:50,@mukhtar3472,7
2025-11-02 15:34:55,@morissonchannel6187,MAJU JAUH2 UJUNG2NYA GAK LOLOS
2025-11-02 15:34:55,@SalehSaleh-f8u,7
2025-11-02 15:34:55,@Mablus_Mablus,AE harus pede
2025-11-02 15:34:55,@ars993,7
2025-11-02 15:34:55,@Rapskymlbb,"AE AKAN MENGUKIR SEJARAH, ONIC NGALAH AJA:hand-orange-covering-eyes:"
2025-11-02 15:34:58,@Robyto29,7
2025-11-02 15:34:59,@mukhtar3472,7 GA DI AJAK
2025-11-02 15:34:59,@SalehSaleh-f8u,7
2025-11-02 15:35:00,@sekganzz,7
2025-11-02 15:35:01,@Robyto29,7
2025-11-02 15:35:02,@sekganzz,7
2025-11-02 15:35:05,@Robyto29,7
2025-11-02 15:35:05,@wiszz_D_caprio,7
2025-11-02 15:35:05,@nurfaidah1984,alter ego go go go
2025-11-02 15:35:06,@SalehSaleh-f8u,7
2025-11-02 15:35:08,@MuhAkramShadiq,KINGDOM 7
2025-11-02 15:35:09,@Alfathtauhidillah-mlbb,belum mulai
2025-11-02 15:35:09,@Robyto29,7
2025-11-02 15:35:11,@SalehSaleh-f8u,7
2025-11-02 15:35:12,@Robyto29,7
2025-11-02 15:35:13,@AlvinAlle,7
2025-11-02 15:35:13,@muhaiminanwr5984,mpl garing publik mIn di lihatin
2025-11-02 15:35:16,@Fikri-v7b,7
2025-11-02 15:35:16,@Robyto29,7
2025-11-02 15:35:16,@SalehSaleh-f8u,7
2025-11-02 15:35:17,@MalikAbdulazis-g8u,Gas AE
2025-11-02 15:35:20,@ars993,7 jauh sono
2025-11-02 15:35:20,@maqdavikaramadhan1668,7
2025-11-02 15:35:21,@Robyto29,7
2025-11-02 15:35:22,@SalehSaleh-f8u,7
2025-11-02 15:35:24,@Nniezzz,LANGSUNG KASIH AJA PIALA MPL BUAT AE MINNN
2025-11-02 15:35:24,@nurfaidah1984,alter ego go go go
2025-11-02 15:35:24,@maqdavikaramadhan1668,7
2025-11-02 15:35:25,@maqdavikaramadhan1668,7
2025-11-02 15:35:25,@maqdavikaramadhan1668,7
2025-11-02 15:35:25,@maqdavikaramadhan1668,7
2025-11-02 15:35:26,@maqdavikaramadhan1668,7
2025-11-02 15:35:26,@maqdavikaramadhan1668,7
2025-11-02 15:35:26,@Robyto29,7
2025-11-02 15:35:26,@SalehSaleh-f8u,7
2025-11-02 15:35:28,@muhaiminanwr5984,mpl gring publok poke di liatin
2025-11-02 15:35:28,@TeddyFrayoga,7
2025-11-02 15:35:28,@AlfianoMaulidi-f8p,7
2025-11-02 15:35:29,@syariefalfarisi4936,Ae gw akan tetap mendukungmu meskipun sudah 2 tahun berlalu
2025-11-02 15:35:31,@SaepUdin-sj5xd,alter ego gogogogo
2025-11-02 15:35:31,@Robyto29,7
2025-11-02 15:35:32,@TendayKlaudius,RRQ KAPAN MAIN
2025-11-02 15:35:32,@AlfianoMaulidi-f8p,7
2025-11-02 15:35:32,@ars993,7
2025-11-02 15:35:32,@SalehSaleh-f8u,7
2025-11-02 15:35:33,@TeddyFrayoga,7
2025-11-02 15:35:35,@AlfianoMaulidi-f8p,7
2025-11-02 15:35:35,@AdityaRomadhon-q4n,7
2025-11-02 15:35:36,@Rapskymlbb,"AE MENGUKIR SEJARAH, ONIC NGALAH AJA:hand-orange-covering-eyes:"
2025-11-02 15:35:36,@AlveoLuxx476,7
2025-11-02 15:35:37,@AlveoLuxx476,7
2025-11-02 15:35:37,@Robyto29,7
2025-11-02 15:35:37,@AlveoLuxx476,7
2025-11-02 15:35:37,@AlveoLuxx476,77
2025-11-02 15:35:37,@nurfaidah1984,alter ego go go go
2025-11-02 15:35:37,@AlveoLuxx476,7
2025-11-02 15:35:38,@TeddyFrayoga,7
2025-11-02 15:35:38,@SalehSaleh-f8u,7
2025-11-02 15:35:38,@AlfianoMaulidi-f8p,7
2025-11-02 15:35:38,@LowellSipudan,kingdom tau 7 gak:hand-orange-covering-eyes:
2025-11-02 15:35:40,@Robyto29,7
2025-11-02 15:35:40,@SANOMLBOCIL11,7
2025-11-02 15:35:41,@TeddyFrayoga,7
2025-11-02 15:35:42,@AlveoLuxx476,7
2025-11-02 15:35:42,@AlfianoMaulidi-f8p,7
2025-11-02 15:35:43,@WandiMayuri,yakali gada yg bisa maen miya
2025-11-02 15:35:43,@SalehSaleh-f8u,7
2025-11-02 15:35:44,@NGANDIiiii,7
2025-11-02 15:35:44,@barrrrr_01,KAPAN MULAI BG?
2025-11-02 15:35:44,@MuhAkramShadiq,PIALA PERTAMA AE KAH
2025-11-02 15:35:46,@yasirooo25,7
2025-11-02 15:35:47,@Robyto29,7
2025-11-02 15:35:49,@SalehSaleh-f8u,7
2025-11-02 15:35:49,@LowellSipudan,7
2025-11-02 15:35:50,@Rafiardiansyah776,7
2025-11-02 15:35:50,@Robyto29,7
2025-11-02 15:35:51,@TeddyFrayoga,7
2025-11-02 15:35:51,@ars993,7
2025-11-02 15:35:52,@Rico-l3l,#7
2025-11-02 15:35:52,@Alfathtauhidillah-mlbb,day terakhir mpl
2025-11-02 15:35:54,@Robyto29,7
2025-11-02 15:35:54,@kjwq_zhv,p
2025-11-02 15:35:55,@SalehSaleh-f8u,7
2025-11-02 15:35:56,@Rafiardiansyah776,7
2025-11-02 15:35:57,@muhaiminanwr5984,publik poke main di liatin odang mau liat pro player malah liatin pkke poke
2025-11-02 15:35:57,@LowellSipudan,7
2025-11-02 15:35:57,@bocahclicup,piala mpl onic brp
2025-11-02 15:35:58,@Robyto29,7
2025-11-02 15:36:00,@cakpii_store,yang 3x nomor 7 koar2 7:face-blue-smiling:
2025-11-02 15:36:00,@Mablus_Mablus,kasih trofi nya kek AE kali ini
2025-11-02 15:36:01,@AlvinAlle,7
2025-11-02 15:36:01,@Rapskymlbb,"AE AKAN MENGUKIR SEJARAH, ONIC NGALAH AJA:hand-orange-covering-eyes:"
2025-11-02 15:36:01,@SalehSaleh-f8u,7
2025-11-02 15:36:03,@zert-l5u,darat
2025-11-02 15:36:03,@LowellSipudan,7
2025-11-02 15:36:03,@Robyto29,7
2025-11-02 15:36:04,@cakpii_store,yang 3x nomor 7 koar2 7:face-blue-smiling:
2025-11-02 15:36:05,@Kamaludin-z5x,Onic AE kapan
2025-11-02 15:36:05,@AlfianoMaulidi-f8p,rrq ukir sejarah 7
2025-11-02 15:36:06,@novalrizki3731,Darat
2025-11-02 15:36:07,@Alfathtauhidillah-mlbb,onic atau ae bingung gw
2025-11-02 15:36:08,@SalehSaleh-f8u,7
2025-11-02 15:36:09,@MalikAbdulazis-g8u,AE AE 7
2025-11-02 15:36:09,@cakpii_store,yang 3x nomor 7 koar2 7:face-blue-smiling:
2025-11-02 15:36:11,@Pew-n4v,subscriber mpl 7 jt
2025-11-02 15:36:11,@nharrisadysha,rrq maen kah
2025-11-02 15:36:11,@AlfianoMaulidi-f8p,7
2025-11-02 15:36:12,@Shah11r,fanny darat :yawning_face:
2025-11-02 15:36:12,@riskimaulana9859,funy darat
2025-11-02 15:36:12,@XRENNN,Fany darat:rolling_on_the_floor_laughing::rolling_on_the_floor_laughing:
2025-11-02 15:36:12,@AbdullahJamil-xb7bn,PERCUMA PLAYOFF KALO GA JUARA
2025-11-02 15:36:13,@rez09291,darat
2025-11-02 15:36:13,@cakpii_store,yang 3x nomor 7 koar2 7:face-blue-smiling:
2025-11-02 15:36:14,@MalikAbdulazis-g8u,AE AE 7
2025-11-02 15:36:14,@Fikri-v7b,
2025-11-02 15:36:15,@SalehSaleh-f8u,7
2025-11-02 15:36:16,@lhamm9715,Darat njiirr
2025-11-02 15:36:17,@muhammadfardan2750,jam brpa mulainy
2025-11-02 15:36:17,@Wilkkyyy,7
2025-11-02 15:36:17,@crespoambarita6653,lama lagi kh main nya
2025-11-02 15:36:18,@AlfianoMaulidi-f8p,7
2025-11-02 15:36:18,@cakpii_store,yang 3x nomor 7 koar2 7:face-blue-smiling:
2025-11-02 15:36:20,@setianingsih3734,ga ada energi maksa amat ekwk
2025-11-02 15:36:21,@ars993,7
2025-11-02 15:36:21,@riskimaulana9859,darat
2025-11-02 15:36:22,@abdlkhairjr,BO 7
2025-11-02 15:36:22,@Aditadit-h6b,darat bener
2025-11-02 15:36:23,@cakpii_store,yang 3x nomor 7 koar2 7:face-blue-smiling:
2025-11-02 15:36:23,@RamaKusumamarchsugengsantosa,7
2025-11-02 15:36:23,@AlfianoMaulidi-f8p,7
2025-11-02 15:36:24,@NopalMeymey,darat vanget
2025-11-02 15:36:24,@AdlifairusAad,DARAT
2025-11-02 15:36:24,@bensonjb4894,7
2025-11-02 15:36:25,@Yannz_mlbb,inilah nyatanya darksystem:squinting_face_with_tongue::rolling_on_the_floor_laughing:
2025-11-02 15:36:27,@rahmannnn24,7
2025-11-02 15:36:28,@cakpii_store,yang 3x nomor 7 koar2 7:face-blue-smiling:
2025-11-02 15:36:29,@Loro-kq3kv,darat
2025-11-02 15:36:29,@CrazyBoy.0ff1c14l,rrq punya scoc tim lain GK punya wlee:elbowcough:
2025-11-02 15:36:29,@bensonjb4894,7
2025-11-02 15:36:30,@Rico-l3l,ngantuk
2025-11-02 15:36:30,@rahmannnn24,7
2025-11-02 15:36:30,@riskimaulana9859,maksa make funy hahahaha
2025-11-02 15:36:30,@AdlifairusAad,DARAT
2025-11-02 15:36:32,@udangbelalang,"sok make fanny, darat .."
2025-11-02 15:36:32,@cakpii_store,yang 3x nomor 7 koar2 7:face-blue-smiling:
2025-11-02 15:36:32,@SalehSaleh-f8u,7
2025-11-02 15:36:32,@Kalevyxy08912,Darat
2025-11-02 15:36:35,@AvelPengenJagoBasket,jam berapa main nya ges?
2025-11-02 15:36:36,@cakpii_store,yang 3x nomor 7 koar2 7:face-blue-smiling:
2025-11-02 15:36:37,@Rapskymlbb,"AE AKAN MENGUKIR SEJARAH, ONIC NGALAH AJA:hand-orange-covering-eyes:"
2025-11-02 15:36:37,@zstation_,gaya gayaan lu main fanny cable angin gtu
2025-11-02 15:36:38,@Robyto29,7
2025-11-02 15:36:42,@rayyandahyal2270,rrq lagi main yah
2025-11-02 15:36:42,@cakpii_store,yang 3x nomor 7 koar2 7:face-blue-smiling:
2025-11-02 15:36:42,@ahmadalkafie705,"wts tiket grand final legend, ga bisa datang karena lagi sakit:folded_hands:"
2025-11-02 15:36:46,@NopalArya-d4s,LANGSUNG SAJA KASIH PILANYA KE ONIC ESPORT GELLLOIK
2025-11-02 15:36:46,@cakpii_store,yang 3x nomor 7 koar2 7:face-blue-smiling:
2025-11-02 15:36:46,@Shah11r,darat KS
2025-11-02 15:36:49,@riskimaulana9859,funy epic
2025-11-02 15:36:51,@cakpii_store,yang 3x nomor 7 koar2 7:face-blue-smiling:
2025-11-02 15:36:51,@YosuaTrimahardika,gooo onicc
2025-11-02 15:36:51,@Robyto29,7
2025-11-02 15:36:51,@Robyto29,7
2025-11-02 15:36:51,@reihanibnu2491,publik rank
2025-11-02 15:36:52,@kevinrezaul6547,darat nat
2025-11-02 15:36:52,@AlvinAlle,7
2025-11-02 15:36:55,@cakpii_store,yang 3x nomor 7 koar2 7:face-blue-smiling:
2025-11-02 15:36:55,@AvelPengenJagoBasket,jam berapa main nya>
2025-11-02 15:36:55,@reihanibnu2491,publik rank
2025-11-02 15:36:56,@ars993,7 gk di ajak sok asik
2025-11-02 15:36:56,@Robyto29,7
2025-11-02 15:36:58,@HsoShhs,7
2025-11-02 15:36:59,@cakpii_store,yang 3x nomor 7 koar2 7:face-blue-smiling:
2025-11-02 15:37:00,@Robyto29,7
2025-11-02 15:37:03,@reihanibnu2491,publik rank
2025-11-02 15:37:03,@cakpii_store,yang 3x nomor 7 koar2 7:face-blue-smiling:
2025-11-02 15:37:04,@RAYHANADIPUTRARAYHAN,faniy darat
2025-11-02 15:37:05,@Robyto29,7
2025-11-02 15:37:05,@WandiMayuri,darat
2025-11-02 15:37:06,@imdraxxen3359,Fanny panuan kwkw
2025-11-02 15:37:06,@MiraXinn,GK bisa fannyy
2025-11-02 15:37:07,@abdlkhairjr,BO 7 kan?
2025-11-02 15:37:08,@MaddZy-le5mh,7
2025-11-02 15:37:09,@cakpii_store,yang 3x nomor 7 koar2 7:face-blue-smiling:
2025-11-02 15:37:09,@Robyto29,7
2025-11-02 15:37:12,@MaddZy-le5mh,7
2025-11-02 15:37:12,@reihanibnu2491,publik rank
2025-11-02 15:37:12,@AvelPengenJagoBasket,jam berapa main nya
2025-11-02 15:37:13,@cakpii_store,yang 3x nomor 7 koar2 7:face-blue-smiling:
2025-11-02 15:37:13,@MiraXinn,darat
2025-11-02 15:37:14,@Robyto29,7
2025-11-02 15:37:14,@TendayKlaudius,INI RRQ VS ONIC
2025-11-02 15:37:15,@MaddZy-le5mh,7
2025-11-02 15:37:18,@Robyto29,7
2025-11-02 15:37:18,@cakpii_store,yang 3x nomor 7 koar2 7:face-blue-smiling:
2025-11-02 15:37:19,@IraInara-x6b,poke nah rajeh
2025-11-02 15:37:19,@putrabarsel9595,"admin mpl,live final nya jam brp jing,malah nyuguhin tontonan gak bermutu."
2025-11-02 15:37:19,@MaddZy-le5mh,7
2025-11-02 15:37:22,@ars993,7
2025-11-02 15:37:22,@Robyto29,7
2025-11-02 15:37:25,@OnlyMarshall,mawi
2025-11-02 15:37:25,@supiyansuri7097,Udh miss banyak tingkah
2025-11-02 15:37:25,@ars993,7
2025-11-02 15:37:27,@cakpii_store,yang 3x nomor 7 koar2 7:face-blue-smiling:
2025-11-02 15:37:27,@_junn78,jam 6 we 3 jam lagi
2025-11-02 15:37:30,@PhaydRock,RRQ NANTI MAEN DI KEJUARAARTN / RW
2025-11-02 15:37:30,@aceytd5963,lama bgt jam brp
2025-11-02 15:37:30,@reihanibnu2491,publik rank
2025-11-02 15:37:30,@putrabarsel9595,"admin mpl,live final nya jam brp jing,malah nyuguhin tontonan gak bermutu."
2025-11-02 15:37:31,@cakpii_store,yang 3x nomor 7 koar2 7:face-blue-smiling:
2025-11-02 15:37:32,@bartzy-m2w,7
2025-11-02 15:37:32,@ars993,7
2025-11-02 15:37:35,@RAYHANADIPUTRARAYHAN,Fanny darat
2025-11-02 15:37:35,@cakpii_store,yang 3x nomor 7 koar2 7:face-blue-smiling:
2025-11-02 15:37:37,@Mashuako,PENONTON NYA DIKIT KARNA GADA RRQ :raised_hand::cat_with_tears_of_joy::raised_back_of_hand:
2025-11-02 15:37:40,@AlvinAlle,7
2025-11-02 15:37:41,@AvelPengenJagoBasket,oke makasi
2025-11-02 15:37:41,@cakpii_store,yang 3x nomor 7 koar2 7:face-blue-smiling:
2025-11-02 15:37:42,@putrabarsel9595,"admin mpl,live final nya jam brp jing,malah nyuguhin tontonan gak bermutu."
2025-11-02 15:37:42,@Rapskymlbb,EVOS CUMA PUNYA M1 KARATAN:face-purple-crying:
2025-11-02 15:37:43,@jaluasmarajalu4694,3x hastaq 7 nibos
2025-11-02 15:37:47,@ars993,7
2025-11-02 15:37:50,@hanschristian0414,7
2025-11-02 15:37:51,@HeruWidodo-mc3vn,kocak amat mpl gk jelas
2025-11-02 15:37:51,@putrabarsel9595,"admin mpl,live final nya jam brp jing,malah nyuguhin tontonan gak bermutu."
2025-11-02 15:37:53,@yamaashiro,mulainya jam brp jir
2025-11-02 15:37:55,@TendayKlaudius,RRQ MASIH MAIN
2025-11-02 15:37:56,@Mashuako,GADA RRQ PENONTON NYA CUMA DIKIT :smirking_face::pinching_hand:
2025-11-02 15:37:56,@reihanibnu2491,publik rank
2025-11-02 15:38:00,@PhaydRock,RRQ NNTI MAEN DI KEJUARAAN KECAMATAN
2025-11-02 15:38:01,@ars993,7
2025-11-02 15:38:01,@hanschristian0414,RRQ KAPAN
2025-11-02 15:38:06,@RohmaTullah-il2zn,awokawokwkwkwkwk
2025-11-02 15:38:06,@Mashuako,GADA RRQ PENONTON NYA CUMA DIKIT :smirking_face::pinching_hand:
2025-11-02 15:38:08,@reihanibnu2491,publik rank
2025-11-02 15:38:08,@putrabarsel9595,"admin mpl,live final nya jam brp jing,malah nyuguhin tontonan gak bermutu."
2025-11-02 15:38:09,@Alfathtauhidillah-mlbb,yg nanya Fanny darat lu bisa maen gak:face-blue-smiling:
2025-11-02 15:38:09,@Rapskymlbb,EVOS CUMA PUNYA M1 KARATAN:face-purple-crying:
2025-11-02 15:38:10,@MuhammadZajuli-i3v,lama
2025-11-02 15:38:13,@kadalgunung-bt9kv,17:30 wib
2025-11-02 15:38:15,@PhaydRock,RRQ NNTI MAEN DI KEJUARAAN KECAMATAN
2025-11-02 15:38:17,@MiraXinn,publik rank
2025-11-02 15:38:18,@Mashuako,GADA RRQ PENONTON NYA CUMA DIKIT :smirking_face::pinching_hand:
2025-11-02 15:38:20,@jaluasmarajalu4694,evos nanti di juara kecamatan
2025-11-02 15:38:22,@NayJel-xj2xn,karena GK ada badut jadi sepi
2025-11-02 15:38:23,@Robyto29,@prodbycecep untung gua dukung yg menang
2025-11-02 15:38:23,@nirankaraa,17.30 wib woi baru main
2025-11-02 15:38:28,@MiraXinn,g bermutu
2025-11-02 15:38:29,@putrabarsel9595,"admin mpl,live final nya jam brp jing,malah nyuguhin tontonan gak bermutu."
2025-11-02 15:38:29,@Mashuako,GADA RRQ PENONTON NYA CUMA DIKIT :smirking_face::pinching_hand:
2025-11-02 15:38:30,@ars993,7
2025-11-02 15:38:30,@bng233,ini grand final jam brp
2025-11-02 15:38:31,@AmeliaMuhfit,AE JUARA:goodvibes:
2025-11-02 15:38:35,@AlvinAlle,7
2025-11-02 15:38:36,@DianAdriansyahYan,lila
2025-11-02 15:38:37,@maqdavikaramadhan1668,7
2025-11-02 15:38:38,@maqdavikaramadhan1668,7
2025-11-02 15:38:38,@putrabarsel9595,"admin mpl,live final nya jam brp jing,malah nyuguhin tontonan gak bermutu."
2025-11-02 15:38:39,@Mablus_Mablus,sorry wkwk:goodvibes:
2025-11-02 15:38:39,@reihanibnu2491,publik rank
2025-11-02 15:38:40,@maqdavikaramadhan1668,7
2025-11-02 15:38:41,@taku-reba,yg jahat yang mana
2025-11-02 15:38:42,@maqdavikaramadhan1668,7
2025-11-02 15:38:43,@Yhacrows,jm 17.30 final ny main
2025-11-02 15:38:44,@Mashuako,GADA RRQ PENONTON NYA CUMA DIKIT :smirking_face::pinching_hand:
2025-11-02 15:38:44,@maqdavikaramadhan1668,7
2025-11-02 15:38:46,@maqdavikaramadhan1668,7
2025-11-02 15:38:47,@bigmom9313,lama ck
2025-11-02 15:38:48,@maqdavikaramadhan1668,7
2025-11-02 15:38:50,@putrabarsel9595,"admin mpl,live final nya jam brp jing,malah nyuguhin tontonan gak bermutu."
2025-11-02 15:38:51,@maqdavikaramadhan1668,7
2025-11-02 15:38:51,@saochang464,btr best team in the world
2025-11-02 15:38:51,@maqdavikaramadhan1668,7
2025-11-02 15:38:52,@reihanibnu2491,publik rank
2025-11-02 15:38:53,@Shah11r,hahahaha darat recall
2025-11-02 15:38:55,@Mashuako,GADA RRQ PENONTON NYA CUMA DIKIT :smirking_face::pinching_hand:
2025-11-02 15:38:55,@jaluasmarajalu4694,iya ga ada badut jadi sepi padal kemarin pas lawan ae ada badutnya jadi rame
2025-11-02 15:38:56,@kjwq_zhv,p
2025-11-02 15:38:56,@rifki7146,mid baru rrq
2025-11-02 15:38:59,@WandiMayuri,7
2025-11-02 15:39:00,@irmanpra9685,bisa recall2 ya :face-blue-smiling:
2025-11-02 15:39:01,@PEJUANGHOKI300,gua taruhan 5jt megang onic
2025-11-02 15:39:02,@Mashuako,GADA RRQ PENONTON NYA CUMA DIKIT :smirking_face::pinching_hand:
2025-11-02 15:39:04,@reihanibnu2491,publik rank
2025-11-02 15:39:05,@arjunawerly2794,gada rrq gada penonton jamet kampungan
2025-11-02 15:39:09,@AmeliaMuhfit,semangat AE juara
2025-11-02 15:39:10,@reihanibnu2491,darat
2025-11-02 15:39:15,@reihanibnu2491,darat
2025-11-02 15:39:16,@taku-reba,7
2025-11-02 15:39:17,@MiraXinn,darat
2025-11-02 15:39:19,@Mashuako,GADA RRQ PENONTON NYA CUMA DIKIT :smirking_face::pinching_hand:
2025-11-02 15:39:20,@Rapskymlbb,"EVOS TEAM PURBA, M1 KARATAN NIH BOSS:face-blue-smiling:"
2025-11-02 15:39:20,@Ver_dk,miya brawlyy
2025-11-02 15:39:20,@AlvinAlle,7
2025-11-02 15:39:20,@MiraXinn,darat
2025-11-02 15:39:21,@Loro-kq3kv,coooo darat banget
2025-11-02 15:39:23,@MiraXinn,darat
2025-11-02 15:39:25,@MiraXinn,darat
2025-11-02 15:39:27,@reihanibnu2491,darat
2025-11-02 15:39:28,@sf795,ini apaa???
2025-11-02 15:39:33,@franssinatra7303,pascol
2025-11-02 15:39:37,@DianAdriansyahYan,kapan mainnya ini onic
2025-11-02 15:39:39,@reihanibnu2491,darat
2025-11-02 15:39:40,@kjwq_zhv,ini a
2025-11-02 15:39:42,@MiraXinn,kocak
2025-11-02 15:39:44,@Mashuako,GADA RRQ PENONTON NYA CUMA DIKIT :smirking_face::pinching_hand:
2025-11-02 15:39:46,@fauzanspace,darat
2025-11-02 15:39:47,@Mablus_Mablus,ini laga tani:moai:
2025-11-02 15:39:47,@Alex_Kennedy,dia kira dia pascol
2025-11-02 15:39:51,@r4ppp_16,gw juga bisa lawan Fanny ny
2025-11-02 15:39:52,@LUUbysss,mod berkerja wkwk
2025-11-02 15:39:53,@Rapskymlbb,"EVOS TEAM PURBA, M1 KARATAN NIH BOSS:face-blue-smiling:"
2025-11-02 15:39:58,@Kasurmen-k8w,alucard mungkin muncul
2025-11-02 15:39:59,@Mashuako,GADA RRQ PENONTON NYA CUMA DIKIT :smirking_face::pinching_hand:
2025-11-02 15:40:00,@DulRahman-o2d,RRQ MAIN KAPAN BANG? SORRY BARU LIAT MPL
2025-11-02 15:40:00,@PhaydRock,RRQ NNTI MAEN DI KEJUARAAN KECAMATAN
2025-11-02 15:40:01,@zukatokigaming6503,kongdom caper
2025-11-02 15:40:04,@Marcyxx-s2g,"buat yang ga tau, onic vs ae: jam 17.30 wib"
2025-11-02 15:40:09,@ars993,7
2025-11-02 15:40:10,@reihanibnu2491,darat
2025-11-02 15:40:16,@Mashuako,GADA RRQ PENONTON NYA CUMA DIKIT :smirking_face::pinching_hand:
2025-11-02 15:40:19,@PhaydRock,RRQ NNTI MAEN DI KEJUARAAN KECAMATAN
2025-11-02 15:40:20,@nightbot,MPL ID dengan tegas menentang segala bentuk perjudian & mendukung kompetisi yang adil dan berintegritas. Mari kita bangun komunitas yang menghormati nilai-nilai sportivitas dalam dunia esports!
2025-11-02 15:40:27,@reihanibnu2491,darat
2025-11-02 15:40:31,@Mashuako,GADA RRQ PENONTON NYA CUMA DIKIT :smirking_face::pinching_hand:
2025-11-02 15:40:33,@Shah11r,jual skin beli skill
2025-11-02 15:40:37,@HayaBusa-v8u,apalah nih main kaya bucah epiccc
2025-11-02 15:40:39,@Shah11r,kocak
2025-11-02 15:40:41,@yntkts7495,GA SABAR LIAT RRQ NICH
2025-11-02 15:40:43,@Mashuako,GADA RRQ PENONTON NYA CUMA DIKIT :smirking_face::pinching_hand:
2025-11-02 15:40:45,@GameShark-d8l,7
2025-11-02 15:40:46,@HahaHihi-Z,Wkwkwk
2025-11-02 15:40:48,@RafahAlfarisy,rrq masuk gua lol
2025-11-02 15:40:48,@xiomi8479,kapan main nya bjir
2025-11-02 15:40:51,@fauzanspace,darat
2025-11-02 15:40:52,@jaluasmarajalu4694,fanny nya wkwkwkwk
2025-11-02 15:40:53,@julhalbert,war apa itu
2025-11-02 15:40:54,@HayaBusa-v8u,ga ada makro nyaa
2025-11-02 15:40:54,@langgg8348,kasian Esme main sendiri
2025-11-02 15:40:54,@reihanibnu2491,darat epic
2025-11-02 15:40:55,@Rapskymlbb,"EVOS TEAM PURBA, M1 KARATAN NIH BOSS:face-blue-smiling:"
2025-11-02 15:40:56,@PhaydRock,RRQ NNTI MAEN DI KEJUARAAN KECAMATAN
2025-11-02 15:40:56,@ArissSkuyy,Esmeralda nya jago
2025-11-02 15:40:59,@Mashuako,GADA RRQ PENONTON NYA CUMA DIKIT :smirking_face::pinching_hand:
2025-11-02 15:41:01,@RafahAlfarisy,RRQ MASUK GUA WOKOWKWWKWKK PEMAIN AMPAS SEMUA
2025-11-02 15:41:04,@GameShark-d8l,mpl gk butuh streaner
2025-11-02 15:41:06,@Mashuako,GADA RRQ PENONTON NYA CUMA DIKIT :smirking_face::pinching_hand:
2025-11-02 15:41:09,@alciere,Rrq klub padel
2025-11-02 15:41:10,@Mablus_Mablus,retri nya di jual ke Indomaret:moai:
2025-11-02 15:41:11,@rusdiin4849,Aldi Taher akwkwkw
2025-11-02 15:41:11,@fikumar19,YAHAHAA GADA RRQ
2025-11-02 15:41:12,@jaluasmarajalu4694,EVOS NANTI MAEN DI KEJUARAAN KECAMATAN
2025-11-02 15:41:13,@reihanibnu2491,war epic njir
2025-11-02 15:41:14,@ADITIASIBORO,KONGDOM ANAK SMP TIDUR AJA DEK DEK
2025-11-02 15:41:14,@Mashuako,GADA RRQ PENONTON NYA CUMA DIKIT :smirking_face::pinching_hand:
2025-11-02 15:41:15,@HIRO_PARKER,mulai nya kapan bro ?
2025-11-02 15:41:16,@tommyazzumar8425,TEAM LAWAK
2025-11-02 15:41:18,@AzaTahu,req team hina
2025-11-02 15:41:21,@levysaputra5080,mulai jam berapa ya ini
2025-11-02 15:41:23,@Mashuako,GADA RRQ PENONTON NYA CUMA DIKIT :smirking_face::pinching_hand:
2025-11-02 15:41:23,@arulcreatorzx4929,M1 karatan tapi kok gak pada bisa wkwkwkwk kocaak
2025-11-02 15:41:26,@august9998,miya naga hitam bro
2025-11-02 15:41:30,@AzaTahu,rrq team hina
2025-11-02 15:41:31,@reihanibnu2491,war epic njir
2025-11-02 15:41:32,@Mashuako,GADA RRQ PENONTON NYA CUMA DIKIT :smirking_face::pinching_hand:
2025-11-02 15:41:33,@Mashuako,GADA RRQ PENONTON NYA CUMA DIKIT :smirking_face::pinching_hand:
2025-11-02 15:41:35,@jaluasmarajalu4694,EVOS PEMAIN BAGUS TAPI GA DAPET TIKET M7
2025-11-02 15:41:36,@SlowlyTzy,alu retri woi
2025-11-02 15:41:38,@Agoykhalifa,udah retri ga dapet pula
2025-11-02 15:41:39,@reihanibnu2491,war epic njir
2025-11-02 15:41:41,@Mashuako,GADA RRQ PENONTON NYA CUMA DIKIT :smirking_face::pinching_hand:
2025-11-02 15:41:45,@AzaTahu,rrq team hina
2025-11-02 15:41:46,@4RDYAN,acara apaan ini?
2025-11-02 15:41:46,@ADITIASIBORO,RACCOON NANGIS DI GOA WKWKWOKW
2025-11-02 15:41:46,@xiomi8479,apalah niat nonton final mlh nonton kek gini
2025-11-02 15:41:48,@ridhopandie5959,rerti woi
2025-11-02 15:41:48,@Rapskymlbb,"EVOS TEAM PURBA, M1 KARATAN NIH BOSS:face-blue-smiling:"
2025-11-02 15:41:49,@reihanibnu2491,war epic njir
2025-11-02 15:41:49,@claragtps426,nico curang
2025-11-02 15:41:50,@solehpudin2550,LIVE GAMEPLAY RANKED AWOKWOKWOK
2025-11-02 15:41:51,@Mashuako,GADA RRQ PENONTON NYA CUMA DIKIT :smirking_face::pinching_hand:
2025-11-02 15:41:53,@arulcreatorzx4929,se sulit itulah dapat M world yang katanya karatan
2025-11-02 15:41:55,@RAYHANADIPUTRARAYHAN,bot semua
2025-11-02 15:41:57,@ndsgaming210,kapan mainyaa co
2025-11-02 15:41:58,@Mashuako,GADA RRQ PENONTON NYA CUMA DIKIT :smirking_face::pinching_hand:
2025-11-02 15:42:00,@Razikyya,darat
2025-11-02 15:42:01,@SulaimanMaulana-sr2ey,1jt cemilan RRQ match brow jdi klau bahas tentang yg nonton aq cumn bisa ktawa si
2025-11-02 15:42:01,@reihanibnu2491,war epic njir
2025-11-02 15:42:03,@AzaTahu,rrq team hina
2025-11-02 15:42:05,@Vipe-dj9iu,DICO NYA RETRIII
2025-11-02 15:42:07,@Mashuako,GADA RRQ PENONTON NYA CUMA DIKIT :smirking_face::pinching_hand:
2025-11-02 15:42:08,@DiarySiregar-w7j,17:30
2025-11-02 15:42:09,@cold-yw2in,disini bisa diliat kingdom pada cari perhatian
2025-11-02 15:42:09,@CinaBaik28,@Raccoon_1 iya soalnya gak ada badut wkwkwk
2025-11-02 15:42:09,@galihsaputra1749,7
2025-11-02 15:42:09,@B2F_Konoha_x_Onepiece,Cuma EVOS cuma EVOS yg punya M1
2025-11-02 15:42:11,@ayayna123,:face-orange-biting-nails:
2025-11-02 15:42:11,@CinaBaik28,@Raccoon_1 iya soalnya gak ada badut wkwkwk
2025-11-02 15:42:12,@HayaBusa-v8u,"evoss modal piala karatan duang, susah kan masuk Mseries"
2025-11-02 15:42:12,@reihanibnu2491,war epic njir
2025-11-02 15:42:13,@Mashuako,GADA RRQ PENONTON NYA CUMA DIKIT :smirking_face::pinching_hand:
2025-11-02 15:42:13,@zilongbeban,evos gk main lgi kahh
2025-11-02 15:42:14,@gholibsaifuddin8466,gaada rrq lebih tenang
2025-11-02 15:42:15,@CinaBaik28,@Raccoon_1 iya soalnya gak ada badut wkwkwk
2025-11-02 15:42:16,@EbiBoy-z3v,perbedaan rank publik dan player mpl
2025-11-02 15:42:16,@orangganteng2597,GA SABAR LIAT JUARA SELAIN ONIC
2025-11-02 15:42:16,@CinaBaik28,@Raccoon_1 iya soalnya gak ada badut wkwkwk
2025-11-02 15:42:17,@CinaBaik28,@Raccoon_1 iya soalnya gak ada badut wkwkwk
2025-11-02 15:42:17,@annx-zk,FINALNYA JAM 8 NJING!!!
2025-11-02 15:42:17,@AlvinAlle,7
2025-11-02 15:42:21,@alesandrosimbolon3778,RRQ aib esport indo
2025-11-02 15:42:23,@mrboom5537,"Ntah apa ini, org mw nnton match grand final, bkn game ppkmmcm ini"
2025-11-02 15:42:23,@reihanibnu2491,war epic njir
2025-11-02 15:42:24,@BayuuShaputrah99,7
2025-11-02 15:42:25,@Bola99-n3t,gooow AE bawa fialaaaa
2025-11-02 15:42:25,@Mashuako,GADA RRQ PENONTON NYA CUMA DIKIT :smirking_face::pinching_hand:
2025-11-02 15:42:27,@HayaBusa-v8u,m1 karatan
2025-11-02 15:42:27,@ahmadriady5070,gemini my istri
2025-11-02 15:42:30,@MuhammadSohib-d3t,king RRQ
2025-11-02 15:42:33,@CinaBaik28,@Raccoon_1 iya soalnya gak ada badut wkwkwk
2025-11-02 15:42:33,@Mashuako,GADA RRQ PENONTON NYA CUMA DIKIT :smirking_face::pinching_hand:
2025-11-02 15:42:36,@CinaBaik28,@Raccoon_1 iya soalnya gak ada badut wkwkwk
2025-11-02 15:42:41,@reihanibnu2491,war epic njir
2025-11-02 15:42:42,@gholibsaifuddin8466,"RRQ CUMA BISA BERISIK, RACOOON JANGAN NGETIK SAMBIL NANGIS"
2025-11-02 15:42:43,@Mablus_Mablus,jam 5
2025-11-02 15:42:44,@B2F_Konoha_x_Onepiece,cuma EVOS yg punya M1
2025-11-02 15:42:46,@SalehSaleh-f8u,ini MPL ledies kapan ya lagi
2025-11-02 15:42:50,@loquesiento1168,ENTOUDFAMS SEMANGAT
2025-11-02 15:42:52,@Rayhan79367,@Racoon_1 terus tanpa rrq lu kira bakal bikin mpl rugi?
2025-11-02 15:42:53,@xiomi8479,masa jam 8
2025-11-02 15:42:58,@reihanibnu2491,war epic njir
2025-11-02 15:43:03,@azrilp.5008,grapik mentok 480?
2025-11-02 15:43:04,@Rapskymlbb,"EVOS TEAM PURBA, M1 KARATAN NIH BOSS:face-blue-smiling:"
2025-11-02 15:43:04,@Mashuako,GADA RRQ PENONTON NYA CUMA DIKIT :smirking_face::pinching_hand:
2025-11-02 15:43:04,@HayaBusa-v8u,karatannn m1
2025-11-02 15:43:08,@kolisoutsiders370,wkwk alu
2025-11-02 15:43:09,@MiraXinn,celiman gw semua ini
2025-11-02 15:43:11,@reihanibnu2491,war epic njir
2025-11-02 15:43:14,@ndsgaming210,kapan mainyaa
2025-11-02 15:43:16,@meannie1,mulai jam berapa gais
2025-11-02 15:43:17,@mrboom5537,"Game ppk apa ini, cepat start la"
2025-11-02 15:43:18,@r4ppp_16,wk
2025-11-02 15:43:18,@GioAfriliato,RRQ harus ngikutin AE sih
2025-11-02 15:43:18,@AlfinSyah-t6v,Game apa ini cookk
2025-11-02 15:43:20,@B2F_Konoha_x_Onepiece,itu penunggu goa 7 pala nya pada nongol
2025-11-02 15:43:20,@Ryuuki-s7d,THIS IS NOT EVEN ONIC VS AE BRO
2025-11-02 15:43:22,@JabrielMikala,p
2025-11-02 15:43:23,@RevalZiesta,EVOS terus EVOS terus yg punya m1 ga bosen apa
2025-11-02 15:43:24,@Mashuako,GADA RRQ PENONTON NYA CUMA DIKIT :smirking_face::pinching_hand:
2025-11-02 15:43:29,@Mashuako,GADA RRQ PENONTON NYA CUMA DIKIT :smirking_face::pinching_hand:
2025-11-02 15:43:30,@AdlifairusAad,ALU BEBAN
2025-11-02 15:43:31,@DiarySiregar-w7j,mana ada jama 8 jam 5:30 jir
2025-11-02 15:43:32,@Shah11r,dark sistem kocak alu
2025-11-02 15:43:33,@4RDYAN,gelo miya pascol
2025-11-02 15:43:33,@HayaBusa-v8u,"evoss susahh kann main internasional, m1 karatannn"
2025-11-02 15:43:33,@reihanibnu2491,war epic njir
2025-11-02 15:43:34,@xiomi8479,udh bubarin gw mau liat final
2025-11-02 15:43:34,@Mashuako,GADA RRQ PENONTON NYA CUMA DIKIT :smirking_face::pinching_hand:
2025-11-02 15:43:35,@august9998,wkwkwk alu open war
2025-11-02 15:43:38,@romieromiebaini6577,Jam brapa cok
2025-11-02 15:43:41,@JabrielMikala,wkwkwk
2025-11-02 15:43:42,@eriksetyanto2072,lamaaaa
2025-11-02 15:43:45,@reihanibnu2491,war epic njir
2025-11-02 15:43:45,@kevinrezaul6547,itu lucu amat
2025-11-02 15:43:46,@AdlifairusAad,ALU BEBAN
2025-11-02 15:43:46,@Mashuako,GADA RRQ PENONTON NYA CUMA DIKIT :smirking_face::pinching_hand:
2025-11-02 15:43:50,@mrboom5537,"Match grand final manaa,, game ppk"
2025-11-02 15:43:52,@amsory33,war epic
2025-11-02 15:43:54,@fauzanspace,rrq lawan tim gini juga kalah
2025-11-02 15:43:54,@solehpudin2550,GAMEPLAY SOLO PLAYER RANKED AWOKWOKWOK
2025-11-02 15:43:55,@reihanibnu2491,war epic njir
2025-11-02 15:43:55,@Kasurmen-k8w,miya Skylar muncul
2025-11-02 15:43:56,@Mablus_Mablus,jam 5 mulai
2025-11-02 15:43:56,@Mashuako,GADA RRQ PENONTON NYA CUMA DIKIT :smirking_face::pinching_hand:
2025-11-02 15:43:57,@ricoodian2818,"war kaya gitu bisa glory bisa imo ya jokian wkwkw , orang kaya duit boss"
2025-11-02 15:43:57,@BrosEtgart,GA SERU
2025-11-02 15:44:00,@onic037,duhh meni lila Kie
2025-11-02 15:44:00,@potasium6439,"skip aja grand finalnya, toh pialanya bakal ke ONIC juga"
2025-11-02 15:44:00,@B2F_Konoha_x_Onepiece,Tim lu ada Ga piala Mseries
2025-11-02 15:44:02,@anehbibjindn,ngelagggg
2025-11-02 15:44:03,@kjwq_zhv,jam berapa mulainya??
2025-11-02 15:44:03,@Mashuako,GADA RRQ PENONTON NYA CUMA DIKIT :smirking_face::pinching_hand:
2025-11-02 15:44:05,@reihanibnu2491,war epic njir
2025-11-02 15:44:08,@ndsgaming210,LAMAAA
2025-11-02 15:44:09,@Mashuako,GADA RRQ PENONTON NYA CUMA DIKIT :smirking_face::pinching_hand:
2025-11-02 15:44:09,@annx-zk,FINALNYA DIUNDUR BESOK SELASA NJINGG!!!
2025-11-02 15:44:10,@bigboss2-x8l,main pk 17:10 gae
2025-11-02 15:44:12,@MirzaBakhash,RRQ YATIM :face_with_tears_of_joy::face_with_tears_of_joy:
2025-11-02 15:44:13,@SyfaAlya-g6n,lamaa bngt apaansi
2025-11-02 15:44:15,@Mashuako,GADA RRQ PENONTON NYA CUMA DIKIT :smirking_face::pinching_hand:
2025-11-02 15:44:18,@reihanibnu2491,war epic njir
2025-11-02 15:44:18,@BrosEtgart,belom mulai coy
2025-11-02 15:44:18,@adriawanr464,"yg lain rebutan tiket PO, RRQ malah bahas tiket nonton. :grinning_face_with_sweat::grinning_face_with_sweat:"
2025-11-02 15:44:20,@Mashuako,GADA RRQ PENONTON NYA CUMA DIKIT :smirking_face::pinching_hand:
2025-11-02 15:44:25,@B2F_Konoha_x_Onepiece,Tim lu ga punya Mseries.
2025-11-02 15:44:26,@pain6805,ONICCCCCCC
2025-11-02 15:44:27,@bigboss2-x8l,17:10 baru mulai
2025-11-02 15:44:28,@kurawaoniga,host dark sistem
2025-11-02 15:44:28,@Mashuako,GADA RRQ PENONTON NYA CUMA DIKIT :smirking_face::pinching_hand:
2025-11-02 15:44:29,@WWKKLLHHU,ONIC PIATU
2025-11-02 15:44:33,@Ryuuki-s7d,dis ain't ONIC and ae
2025-11-02 15:44:34,@reihanibnu2491,lama menit 15 jir
2025-11-02 15:44:35,@Mashuako,GADA RRQ PENONTON NYA CUMA DIKIT :smirking_face::pinching_hand:
2025-11-02 15:44:39,@NafilAlgadri,kapan woiiiiii
2025-11-02 15:44:39,@BrosEtgart,belum mulai aelah
2025-11-02 15:44:39,@HanAdr197,apacoba
2025-11-02 15:44:41,@Baphopie,iya iya 7
2025-11-02 15:44:42,@StartingLineUpElevenNews,"kenapa ga rrq aja sbg game hiburan pertama, kan mereka badut lucu wkwk"
2025-11-02 15:44:42,@adriawanr464,biar yg nonton dikit tp gak ada toxic
2025-11-02 15:44:42,@reihanibnu2491,lama menit 15
2025-11-02 15:44:43,@Mashuako,GADA RRQ PENONTON NYA CUMA DIKIT :smirking_face::pinching_hand:
2025-11-02 15:44:43,@RoboiBermana,7
2025-11-02 15:44:44,@potasium6439,7
2025-11-02 15:44:44,@udin.2256,gak perlu tanding inimah
2025-11-02 15:44:45,@RoboiBermana,7
2025-11-02 15:44:47,@KarstLive.,7
2025-11-02 15:44:47,@ApelMadu-zt8ez,7
2025-11-02 15:44:47,@cahyanto176,7
2025-11-02 15:44:48,@julhalbert,#7
2025-11-02 15:44:48,@goonic-s3r,7
2025-11-02 15:44:49,@carlesganz6247,7 ituu rrq
2025-11-02 15:44:49,@RoboiBermana,7
2025-11-02 15:44:49,@belomtidur13hari,7
2025-11-02 15:44:49,@wann_rx6,JAM 15:30 YAPING JAM 17:30 PERTANDINGAN MPL
2025-11-02 15:44:49,@Shishiree,7
2025-11-02 15:44:49,@Chyelsiee,7
2025-11-02 15:44:50,@yowsxcz,7
2025-11-02 15:44:50,@Mashuako,GADA RRQ PENONTON NYA CUMA DIKIT :smirking_face::pinching_hand:
2025-11-02 15:44:50,@reihanibnu2491,7
2025-11-02 15:44:50,@IgnacioKy,7
2025-11-02 15:44:50,@SgraGs,7
2025-11-02 15:44:50,@RoboiBermana,7
2025-11-02 15:44:51,@SuperBayu1991,RRQ Lawak..
2025-11-02 15:44:52,@iyyakayaka3455,7
2025-11-02 15:44:52,@Iqbalixn,7
2025-11-02 15:44:53,@Friddzy26,77
2025-11-02 15:44:53,@Pian200,7
2025-11-02 15:44:53,@Mr.Riuzzzz,7
2025-11-02 15:44:54,@galihsaputra1749,7 = rrw
2025-11-02 15:44:54,@Yota-k6j,7 wkwkkw
2025-11-02 15:44:55,@RoboiBermana,7 juta
2025-11-02 15:44:55,@Mashuako,GADA RRQ PENONTON NYA CUMA DIKIT :smirking_face::pinching_hand:
2025-11-02 15:44:55,@aleyjendreyjerry8754,7
2025-11-02 15:44:55,@wann7157,7
2025-11-02 15:44:55,@xxiiajerun,7
2025-11-02 15:44:56,@Djibriel844,7
2025-11-02 15:44:56,@kevin-vx2qu,rrq 7
2025-11-02 15:44:56,@reihanibnu2491,7
2025-11-02 15:44:56,@DenzRoblox19,adek racoon tidur aja
2025-11-02 15:44:57,@amatnw,77
2025-11-02 15:44:57,@franzz2119,7
2025-11-02 15:44:57,@Ver_dk,7
2025-11-02 15:44:58,@Kynaaan_,7
2025-11-02 15:44:59,@ligaphonsel8214,PREDIKSI 7 GAME
2025-11-02 15:44:59,@Adinda001,badut m series bisa apa
2025-11-02 15:45:00,@Djibriel844,#7
2025-11-02 15:45:00,@yannnsss,7
2025-11-02 15:45:00,@AidiGinting-x7f,7
2025-11-02 15:45:00,@ZiezRyu,7
2025-11-02 15:45:00,@Mashuako,GADA RRQ PENONTON NYA CUMA DIKIT :smirking_face::pinching_hand:
2025-11-02 15:45:01,@ApelMadu-zt8ez,7
2025-11-02 15:45:01,@Zulfa-q1d,7
2025-11-02 15:45:01,@WandiMayuri,Mkn tuh 7 juara:rolling_on_the_floor_laughing:
2025-11-02 15:45:02,@galihsaputra1749,7 itu rrq
2025-11-02 15:45:02,@DenzRoblox19,7
2025-11-02 15:45:02,@ceningg,kapan onic ae?
2025-11-02 15:45:02,@reihanibnu2491,7
2025-11-02 15:45:03,@GhisnaQuarshima,7
2025-11-02 15:45:03,@bakkaclip,7
2025-11-02 15:45:04,@franzz2119,7
2025-11-02 15:45:05,@GhisnaQuarshima,7
2025-11-02 15:45:05,@Faiz-k9n,:face-green-smiling:
2025-11-02 15:45:05,@kerenqqq,menu7u
2025-11-02 15:45:06,@ApelMadu-zt8ez,7
2025-11-02 15:45:06,@hazimulfikri-esv,7 = RRQ
2025-11-02 15:45:06,@deri295,7 itu ererki:eyes-purple-crying:
2025-11-02 15:45:07,@Dy_Richa,ini apa
2025-11-02 15:45:08,@WidyaKarismaputri-zw2ww,7
2025-11-02 15:45:09,@DenzRoblox19,7
2025-11-02 15:45:09,@GhisnaQuarshima,6
2025-11-02 15:45:09,@BagusAlif-u7c,7
2025-11-02 15:45:10,@imManss,7
2025-11-02 15:45:10,@miruzanaki4907,7
2025-11-02 15:45:10,@reihanibnu2491,7
2025-11-02 15:45:10,@ApelMadu-zt8ez,7
2025-11-02 15:45:11,@alvinsebayang5153,7
2025-11-02 15:45:11,@denggitshere,7
2025-11-02 15:45:11,@AlvinAlle,7
2025-11-02 15:45:12,@Renato_Tsuki,KINDOMG PANASS
2025-11-02 15:45:12,@TarakaArdani,7u
2025-11-02 15:45:12,@kyuji8037,7
2025-11-02 15:45:13,@imManss,7
2025-11-02 15:45:13,@WidyaKarismaputri-zw2ww,7
2025-11-02 15:45:13,@Mablus_Mablus,7 ada mulu:volcano-green-lava-orange:
2025-11-02 15:45:14,@SANZPLAY2.8,7
2025-11-02 15:45:14,@ApelMadu-zt8ez,7
2025-11-02 15:45:14,@DenzRoblox19,7
2025-11-02 15:45:14,@iann.ft.key07,buset #7
2025-11-02 15:45:14,@denggitshere,7
2025-11-02 15:45:15,@Mashuako,GADA RRQ PENONTON NYA CUMA SEPI :smirking_face::pinching_hand:
2025-11-02 15:45:15,@RoboiBermana,asis herell 7 
2025-11-02 15:45:15,@wann7157,7
2025-11-02 15:45:16,@munzirkedok1037,jagoan Fani gua
2025-11-02 15:45:16,@ariqqszyy,7
2025-11-02 15:45:17,@MirzaBakhash,7 = rrq yatim
2025-11-02 15:45:17,@Faiz-k9n,:face-blue-wide-eyes:
2025-11-02 15:45:17,@abdisetya1740,RRQ BADUT M SERIES
2025-11-02 15:45:17,@WidyaKarismaputri-zw2ww,7
2025-11-02 15:45:17,@SANZPLAY2.8,7
2025-11-02 15:45:17,@Zaw-u8k,7
2025-11-02 15:45:18,@ApelMadu-zt8ez,7
2025-11-02 15:45:18,@Mashuako,GADA RRQ PENONTON NYA CUMA SEPI :smirking_face::pinching_hand:
2025-11-02 15:45:18,@ligaphonsel8214,7
2025-11-02 15:45:19,@mevanh6585,ini apaan cookk
2025-11-02 15:45:19,@reihanibnu2491,7
2025-11-02 15:45:19,@dunggiodjo,7 gak lolos playoff:loudly_crying_face::rolling_on_the_floor_laughing:
2025-11-02 15:45:19,@ariqqszyy,Kingdom 7
2025-11-02 15:45:20,@imManss,7
2025-11-02 15:45:20,@wann_rx6,JAM 15:30 YAPING JAM 17 30 PERTANDINGAN MPL
2025-11-02 15:45:20,@Thecrimsonpoenya,7
2025-11-02 15:45:21,@B2F_Konoha_x_Onepiece,Goa nomor 7
2025-11-02 15:45:21,@ApelMadu-zt8ez,7
2025-11-02 15:45:22,@necknosh6631,7
2025-11-02 15:45:22,@wann7157,7
2025-11-02 15:45:22,@imManss,7
2025-11-02 15:45:23,@adriawanr464,itu yg datang beli tiket dimana ? katanya tiketnya tidak laku. :rolling_on_the_floor_laughing::rolling_on_the_floor_laughing:
2025-11-02 15:45:23,@WidyaKarismaputri-zw2ww,7
2025-11-02 15:45:23,@ramadhan-f1p,7
2025-11-02 15:45:23,@Mashuako,GADA RRQ PENONTON NYA CUMA SEPI :smirking_face::pinching_hand:
2025-11-02 15:45:24,@Thecrimsonpoenya,7
2025-11-02 15:45:24,@Alunk969,7
2025-11-02 15:45:25,@imManss,7
2025-11-02 15:45:25,@ligaphonsel8214,7
2025-11-02 15:45:26,@BENSPUTRA-d1r,7
2025-11-02 15:45:26,@Mashuako,GADA RRQ PENONTON NYA CUMA SEPI :smirking_face::pinching_hand:
2025-11-02 15:45:26,@dalih268,7
2025-11-02 15:45:26,@ApelMadu-zt8ez,7
2025-11-02 15:45:26,@reihanibnu2491,7
2025-11-02 15:45:27,@Ceprotae,7 rrq& evos
2025-11-02 15:45:28,@imManss,7
2025-11-02 15:45:28,@Kasurmen-k8w,Hero secret Skylar muncul pasti
2025-11-02 15:45:28,@GhisnaQuarshima,RRQ KEPANAS AN DI POJOK
2025-11-02 15:45:28,@franzz2119,7
2025-11-02 15:45:28,@Freezy_4.0,7 klasemen rrq
2025-11-02 15:45:29,@WidyaKarismaputri-zw2ww,7
2025-11-02 15:45:29,@Mashuako,GADA RRQ PENONTON NYA CUMA SEPI :smirking_face::pinching_hand:
2025-11-02 15:45:30,@dalih268,7
2025-11-02 15:45:30,@wann7157,7
2025-11-02 15:45:30,@RYunou3738,block aja racoon_1:cat_with_tears_of_joy:
2025-11-02 15:45:31,@ApelMadu-zt8ez,7
2025-11-02 15:45:31,@ligaphonsel8214,7
2025-11-02 15:45:31,@Faiz-k9n,:face-orange-raised-eyebrow:
2025-11-02 15:45:32,@Thecrimsonpoenya,7
2025-11-02 15:45:33,@ikhsanfiqriady1282,7
2025-11-02 15:45:33,@RizkiFauzi-ye3ie,7
2025-11-02 15:45:33,@dalih268,7
2025-11-02 15:45:34,@WidyaKarismaputri-zw2ww,7
2025-11-02 15:45:34,@Mashuako,GADA RRQ PENONTON NYA CUMA SEPI :smirking_face::pinching_hand:
2025-11-02 15:45:35,@reihanibnu2491,7
2025-11-02 15:45:36,@ligaphonsel8214,7
2025-11-02 15:45:36,@AlvinAlle,u
2025-11-02 15:45:36,@RizkiFauzi-ye3ie,7
2025-11-02 15:45:37,@Mashuako,GADA RRQ PENONTON NYA CUMA SEPI :smirking_face::pinching_hand:
2025-11-02 15:45:38,@AlvinAlle,7
2025-11-02 15:45:39,@GhisnaQuarshima,APA ITU RRQ?
2025-11-02 15:45:39,@WidyaKarismaputri-zw2ww,7
2025-11-02 15:45:39,@wann7157,7
2025-11-02 15:45:40,@franzz2119,7
2025-11-02 15:45:41,@MyFadh42,7
2025-11-02 15:45:41,@dalih268,7
2025-11-02 15:45:41,@Mashuako,GADA RRQ PENONTON NYA CUMA SEPI :smirking_face::pinching_hand:
2025-11-02 15:45:42,@reihanibnu2491,7
2025-11-02 15:45:43,@baihaqiaslam,7
2025-11-02 15:45:43,@sygdia7636,apa ini
2025-11-02 15:45:44,@Mashuako,GADA RRQ PENONTON NYA CUMA SEPI :smirking_face::pinching_hand:
2025-11-02 15:45:44,@WidyaKarismaputri-zw2ww,7
2025-11-02 15:45:45,@kenzyyken2070,7
2025-11-02 15:45:46,@dalih268,7
2025-11-02 15:45:47,@Mashuako,GADA RRQ PENONTON NYA CUMA SEPI :smirking_face::pinching_hand:
2025-11-02 15:45:48,@coppucinooo,7
2025-11-02 15:45:48,@AlbianusAgus,7
2025-11-02 15:45:49,@RizkiFauzi-ye3ie,7
2025-11-02 15:45:50,@AsfaAlthaf,yahhhh gw ga kesana jadinya ga dapet
2025-11-02 15:45:50,@Mashuako,GADA RRQ PENONTON NYA CUMA SEPI :smirking_face::pinching_hand:
2025-11-02 15:45:50,@WidyaKarismaputri-zw2ww,7
2025-11-02 15:45:50,@ariqqszyy,RRQ MLBB 0 TROPHY INTERNATIONAL
2025-11-02 15:45:51,@ZanShidiq,lama bgt
2025-11-02 15:45:52,@Faiz-k9n,hmm
2025-11-02 15:45:52,@akhmalamran9982,7
2025-11-02 15:45:52,@Mashuako,GADA RRQ PENONTON NYA CUMA SEPI :smirking_face::pinching_hand:
2025-11-02 15:45:53,@AlbianusAgus,7
2025-11-02 15:45:53,@sygdia7636,woy lh
2025-11-02 15:45:53,@coppucinooo,7
2025-11-02 15:45:54,@duwi.c4489,alu kill. 7 :ok_hand:
2025-11-02 15:45:55,@abdisetya1740,badut M SERIES :clown_face:
2025-11-02 15:45:56,@mellalelani8901,lama amat
2025-11-02 15:45:56,@WidyaKarismaputri-zw2ww,7
2025-11-02 15:45:57,@aldiial0239,main jm berapa gren final
2025-11-02 15:45:57,@coppucinooo,7
2025-11-02 15:45:57,@AlvinAlle,7
2025-11-02 15:45:57,@abdwoni-n3x,7
2025-11-02 15:45:58,@adityawardana6377,#7
2025-11-02 15:45:58,@rizalrambir2529,AE jangan lupa menang
2025-11-02 15:46:01,@MahathirTammalun,7
2025-11-02 15:46:01,@WidyaKarismaputri-zw2ww,7
2025-11-02 15:46:02,@wahyuduwel4281,7
2025-11-02 15:46:03,@ahmadaziz7847,7
2025-11-02 15:46:03,@akwbutamuru,RRQ MAIN JAM BERAPA
2025-11-02 15:46:06,@GhisnaQuarshima,#7
2025-11-02 15:46:08,@wann7157,7
2025-11-02 15:46:09,@adriawanr464,Yg datang Sonic dan Champs atau bayaran ? dikira di dunia cuma ada kingdom
2025-11-02 15:46:09,@Mashuako,GADA RRQ PENONTON NYA SEPI :smirking_face::pinching_hand:
2025-11-02 15:46:09,@Mashuako,GADA RRQ PENONTON NYA SEPI :smirking_face::pinching_hand:
2025-11-02 15:46:10,@reihanibnu2491,war epic njir
2025-11-02 15:46:10,@ViraSefira,alunya kenapa woyy:rolling_on_the_floor_laughing::rolling_on_the_floor_laughing:
2025-11-02 15:46:11,@wahyuduwel4281,7
2025-11-02 15:46:12,@rapsky7571,BOT BANGET KEK EVOS:face-blue-smiling:
2025-11-02 15:46:12,@DikaAndika-b1u,#7
2025-11-02 15:46:13,@Mashuako,GADA RRQ PENONTON NYA SEPI :smirking_face::pinching_hand:
2025-11-02 15:46:16,@cicakliarofficial,7
2025-11-02 15:46:16,@cicakliarofficial,7
2025-11-02 15:46:16,@cicakliarofficial,7
2025-11-02 15:46:17,@cicakliarofficial,77
2025-11-02 15:46:17,@cicakliarofficial,7
2025-11-02 15:46:17,@ja_sulthesailorman,ga ngaruh sama ranking fifa
2025-11-02 15:46:17,@cicakliarofficial,77
2025-11-02 15:46:18,@Faiz-k9n,wakakak
2025-11-02 15:46:19,@farelkeren-c9y,lama mpl
2025-11-02 15:46:19,@koentoellls,sanz gada bapak
2025-11-02 15:46:19,@SulaimanMaulana-sr2ey,acara nobarpun gg ad.pihak tim pelit streamer koar koar beras lumpuh sbelah Masi di perdebat
2025-11-02 15:46:21,@cicakliarofficial,7
2025-11-02 15:46:21,@Mashuako,GADA RRQ PENONTON NYA SEPI :smirking_face::pinching_hand:
2025-11-02 15:46:26,@BangunRossister,masih lama JAM 5
2025-11-02 15:46:27,@okotaruam,7
2025-11-02 15:46:27,@KevinJo-ox8ce,RRQ kapan main ?
2025-11-02 15:46:29,@cicakliarofficial,7
2025-11-02 15:46:29,@FFA-DRAGON,afa iya:face-blue-smiling:
2025-11-02 15:46:30,@AlvinAlle,7
2025-11-02 15:46:31,@koentoellls,sanz gada bapak
2025-11-02 15:46:33,@yannnsss,7
2025-11-02 15:46:34,@cicakliarofficial,7
2025-11-02 15:46:36,@brengsad,COMEBACK WKWK
2025-11-02 15:46:36,@koentoellls,sanz gada bapak
2025-11-02 15:46:38,@cicakliarofficial,77
2025-11-02 15:46:39,@ja_sulthesailorman,ga ngaruh sama rangking fifa yang menang
2025-11-02 15:46:40,@hiro0126,hahahahahahahaha
2025-11-02 15:46:40,@gusteagaming5762,GA SEPI KOK
2025-11-02 15:46:40,@arifdarmawan9207,belom mulai yak
2025-11-02 15:46:42,@cicakliarofficial,7
2025-11-02 15:46:42,@Mr.Riuzzzz,wkwk
2025-11-02 15:46:45,@reihanibnu2491,war epic njir
2025-11-02 15:46:45,@miruzanaki4907,blunder semua ;v
2025-11-02 15:46:45,@LukyArdian-tw4ht,Inii bencanaaaa
2025-11-02 15:46:46,@ahmadaziz7847,jdwal iam 2:30. mact jam 5 kocak mpl
2025-11-02 15:46:47,@XRENNN,Sanz buset
2025-11-02 15:46:49,@YadiAj-o7k,7
2025-11-02 15:46:50,@rizalnuralam6607,"YA SEPI LAH PINTER, MULAI AJA BELUM CIL"
2025-11-02 15:46:51,@FFA-DRAGON,afa iya @raccon_:face-blue-smiling:1
2025-11-02 15:46:52,@Faiz-k9n,gelo
2025-11-02 15:46:56,@fikumar19,7
2025-11-02 15:46:59,@evosjuaradunia5376,war epic
2025-11-02 15:47:00,@bocilmlxq3cl,percaya ga AE MENANG
2025-11-02 15:47:01,@Jodsenpai,bapak2 main ML ini
2025-11-02 15:47:03,@FahriSetiawan-v1w,gila nunuuye
2025-11-02 15:47:07,@kalianwibu1,kpn mulai woy
2025-11-02 15:47:08,@Faiz-k9n,sini gua aj yang maen alu
2025-11-02 15:47:10,@ADEIRFANZAELANI-f5k3g,onik jam berapa
2025-11-02 15:47:10,@rapsky7571,BOT BANGET KEK EVOS:face-blue-smiling:
2025-11-02 15:47:10,@reihanibnu2491,war epic njir
2025-11-02 15:47:12,@iPONGGGGGGG,darat
2025-11-02 15:47:12,@akbarirlandiaputra,bot semua
2025-11-02 15:47:14,@IMNoob-w2r,boomer main
2025-11-02 15:47:15,@ree.maulnaa12,fanny poke
2025-11-02 15:47:18,@SaifulAnam-r9f,lama matchnya -_-
2025-11-02 15:47:18,@sagita-123,muyal jm brph bos
2025-11-02 15:47:18,@Kasurmen-k8w,Hero secret Skylar gasabar nih
2025-11-02 15:47:21,@Mzzziddd,kapan onic vs RRQ
2025-11-02 15:47:21,@suwitratutblue6373,inikapan mulai
2025-11-02 15:47:22,@kjwq_zhv,jamberapa
2025-11-02 15:47:22,@coppucinooo,Raccoon bakik ke goa aja sana
2025-11-02 15:47:22,@akhmalamran9982,Ga Ada RRQ Ga Kiamat:rolling_on_the_floor_laughing:
2025-11-02 15:47:23,@guguhjiji,bot
2025-11-02 15:47:26,@gusteagaming5762,NO RRQ NO DRAMA
2025-11-02 15:47:30,@nidhomuddin_,17.30 mulai
2025-11-02 15:47:31,@d3w4nd4ru,gaje
2025-11-02 15:47:31,@ayayna123,Fanny nya lucu
2025-11-02 15:47:32,@AlvinAlle,7
2025-11-02 15:47:34,@mikamika2354,MULAI JAM 5 GES
2025-11-02 15:47:37,@malinkhokkk,AE GAS KANN
2025-11-02 15:47:38,@Nevsky-flores,jangan cari yang gaada
2025-11-02 15:47:40,@Aziz-fb9ty,main jam 17:30
2025-11-02 15:47:41,@ayayna123,:face-red-heart-shape:
2025-11-02 15:47:43,@kingsarkas7456,yg menang onic vs ae ngelawan rrq
2025-11-02 15:47:44,@bastianvr7523,ini kapan woyyy!!
2025-11-02 15:47:45,@TarakaArdani,wkwk
2025-11-02 15:47:46,@koentoellls,SANZ GADA BAPAK YAHAHA
2025-11-02 15:47:47,@nobody-v8s,YAPPINGGG
2025-11-02 15:47:48,@Chocochippssss,7
2025-11-02 15:47:49,@reihanibnu2491,lama jir
2025-11-02 15:47:50,@RoboiBermana,by one 
2025-11-02 15:47:52,@alfiandi4145,jam 18:30 matchnya
2025-11-02 15:47:52,@rapsky7571,BOT BANGET KEK EVOS:face-blue-smiling:
2025-11-02 15:47:53,@amirridho,7
2025-11-02 15:47:53,@TimothyEdisonWicaksono,lama woiiii
2025-11-02 15:47:53,@asfararjuna683,NO RRQ = MPL SEPIII
2025-11-02 15:47:54,@Davidzsy,lama banget anj
2025-11-02 15:47:54,@risaarisa7350,cuma d indo ada parte tmbhn
2025-11-02 15:47:59,@Fajrijunior-gh8uq,SYAHRONIC
2025-11-02 15:47:59,@TarakaArdani,u
2025-11-02 15:48:00,@hafiznurarief9620,Jam brpa mulai
2025-11-02 15:48:00,@Chocochippssss,7
2025-11-02 15:48:06,@viangendelgendel366,yapping
2025-11-02 15:48:07,@reihanibnu2491,lama yapping
2025-11-02 15:48:07,@TarakaArdani,langsung ae min maen
2025-11-02 15:48:08,@Davidzsy,bubar bubar
2025-11-02 15:48:09,@SulaimanMaulana-sr2ey,jikapun nnt tembus 1atau 2jt itu amal kingdom buat streaming
2025-11-02 15:48:10,@jedidianatanael6929,RRQ LAWAKKKKK
2025-11-02 15:48:11,@reihanibnu2491,lama yapping
2025-11-02 15:48:12,@WildanAlthair,semua gara² jule
2025-11-02 15:48:14,@Davidzsy,bubar
2025-11-02 15:48:14,@ayayna123,ini waktunya onic bukan kita :saluting_face:
2025-11-02 15:48:16,@Yantoledeng,lammmaaaaa
2025-11-02 15:48:18,@Sitialya-p2b,Mulai Nya Jam 5 Woyy
2025-11-02 15:48:18,@reihanibnu2491,lama yapping
2025-11-02 15:48:19,@Davidzsy,gausah nntn
2025-11-02 15:48:19,@jonturudex,yth kongdom mana ini
2025-11-02 15:48:19,@bangdheni336,lama
2025-11-02 15:48:20,@gabaggibiggaming5069,tangkap sayhroni skrng
2025-11-02 15:48:20,@Q7TM-c5h,kapan main ini
2025-11-02 15:48:21,@imamsaputra1656,Pasti onic lagi yang juara ga ada perubahan udh kek liga ingris
2025-11-02 15:48:22,@wahyudinfebrianto2319,tanpa RRQ TETAP RAMAIIII
2025-11-02 15:48:23,@Mzzziddd,RRQ tukang ngcilik
2025-11-02 15:48:24,@Yantoledeng,lama
2025-11-02 15:48:25,@tehTarikpait,jam 5 kocak
2025-11-02 15:48:27,@riangustiawan139,epic epic
2025-11-02 15:48:27,@Davidzsy,bubar aja udh
2025-11-02 15:48:28,@cifos-sivb-8798,RRQ MAEN JAM BERAPA ???
2025-11-02 15:48:30,@Yantoledeng,lama
2025-11-02 15:48:31,@atarjepara3194,sabar kocak di jadwal jam set 6 juga
2025-11-02 15:48:31,@XRENNN,"harusnya sblum mulai kasih match para sepuh kaya r7, rekt, dll lah 5 vs 5 biar seru"
2025-11-02 15:48:32,@GuntorBhakti,kebanyakan yapping
2025-11-02 15:48:32,@chris10sen82,NT CENDY
2025-11-02 15:48:32,@gusteagaming5762,kingdom banyak karbitan
2025-11-02 15:48:33,@Zetakyuu,jam berapa cok finalnya
2025-11-02 15:48:35,@SANZPLAY2.8,cih
2025-11-02 15:48:35,@potasium6439,Langsung kasi pialanya ke onic
2025-11-02 15:48:36,@reihanibnu2491,LAMA YAPPING
2025-11-02 15:48:37,@dvcool-e9g,ez
2025-11-02 15:48:39,@ZioAlfigo,rrq badut
2025-11-02 15:48:40,@ja_sulthesailorman,tlph yang juara m series
2025-11-02 15:48:40,@gusteagaming5762,RRQ MAIN JAM BERAPA YA ??
2025-11-02 15:48:41,@fikumar19,RRQ MAIN DI GRANDFINAL KECAMATAN 
2025-11-02 15:48:41,@reihanibnu2491,LAMA YAPPING
2025-11-02 15:48:47,@Mablus_Mablus,17.50 paling mulai draf nya
2025-11-02 15:48:47,@dozkhytech5658,LAMA LAMA LAMA
2025-11-02 15:48:53,@reihanibnu2491,LAMA YAPPING
2025-11-02 15:48:55,@dozkhytech5658,LAMA LAMA LAMA LAMA
2025-11-02 15:48:56,@ViraSefira,wkwkw ngantuk
2025-11-02 15:48:57,@Liukangg,cair cair
2025-11-02 15:48:58,@ayayna123,oo tidak bisa
2025-11-02 15:48:59,@Mindy-v2f,RRQ JUARA
2025-11-02 15:49:00,@undriftyme,final jam 17.30
2025-11-02 15:49:01,@mochi-mx4hr,cendol
2025-11-02 15:49:02,@dozkhytech5658,LAMA LAMA LAMA
2025-11-02 15:49:02,@fakhrularifin2905,bohong cendi 
2025-11-02 15:49:03,@reihanibnu2491,LAMA YAPPING
2025-11-02 15:49:05,@Mindy-v2f,RRQ JUARA
2025-11-02 15:49:05,@chris10sen82,NT CENDY SAVE CENDY
2025-11-02 15:49:07,@Yantoledeng,lama woy
2025-11-02 15:49:07,@fauzanmushodiq3396,lamaa annjgg
2025-11-02 15:49:07,@dozkhytech5658,LAMA LAMA LAMA
2025-11-02 15:49:08,@potasium6439,ngantuk
2025-11-02 15:49:08,@ruslanms,Onic
2025-11-02 15:49:10,@bulubool2,Gimick
2025-11-02 15:49:10,@Sitialya-p2b,Jam Set 6 baru mulai kingdom
2025-11-02 15:49:11,@Nandourfav,ajg opet
2025-11-02 15:49:11,@Mindy-v2f,RRQ JUARA
2025-11-02 15:49:12,@reihanibnu2491,LAMA YAPPING
2025-11-02 15:49:12,@Pian200,yapping
2025-11-02 15:49:13,@hansmalarangeng-uz6mc,17 :30 mulai nya lu jam segini udh pada di sini pada ngabisin kuota
2025-11-02 15:49:13,@frysss0_s1ety,lb
2025-11-02 15:49:14,@Vynell_1,yapping
2025-11-02 15:49:15,@NoName-jv4bw,Janji nya jam 3 tapi masi bnyk omong
2025-11-02 15:49:16,@yayu4429,kirain ketinggalan. tnyta blm main
2025-11-02 15:49:18,@Timesiluat,gimick
2025-11-02 15:49:18,@dedensafaat6314,up Purbaya
2025-11-02 15:49:18,@reihanibnu2491,LAMA YAPPING
2025-11-02 15:49:18,@faridfebri1431,mainnya masih jam 6 bang
2025-11-02 15:49:19,@PakEM-e5j,ONIC
2025-11-02 15:49:20,@Vicky_Van,BIASANYA YANG NONTON JUTAAN:rolling_on_the_floor_laughing:
2025-11-02 15:49:20,@RikoSetyawan-g2y,yaping tetus
2025-11-02 15:49:21,@Timesiluat,Gimick
2025-11-02 15:49:22,@frysss0_s1ety,LB SATSET
2025-11-02 15:49:23,@dozkhytech5658,DIAM DIAM LAMA LAMA LAMA
2025-11-02 15:49:23,@Vicky_Van,BIASANYA YANG NONTON JUTAAN:rolling_on_the_floor_laughing:
2025-11-02 15:49:23,@pisces903,buzzer
2025-11-02 15:49:24,@draXkamek,onic main jam 17.30 cuyyy
2025-11-02 15:49:25,@Timesiluat,Gimick
2025-11-02 15:49:26,@hdiyuselcool6444,cair cair
2025-11-02 15:49:26,@Vicky_Van,BIASANYA YANG NONTON JUTAAN:rolling_on_the_floor_laughing:
2025-11-02 15:49:27,@PakEM-e5j,ponic poke
2025-11-02 15:49:28,@kevinrezaul6547,dico dark sistem
2025-11-02 15:49:29,@StedyMokodongan,:thumbs_up:
2025-11-02 15:49:29,@Timesiluat,Gimick
2025-11-02 15:49:29,@Vicky_Van,BIASANYA YANG NONTON JUTAAN:rolling_on_the_floor_laughing:
2025-11-02 15:49:30,@reihanibnu2491,LAMA YAPPING
2025-11-02 15:49:32,@darkerhertkko,Sekelas Samsung fun Match nya orang orang ginian :grinning_face_with_sweat:
2025-11-02 15:49:34,@M.rizkiarbi,LAMA
2025-11-02 15:49:35,@fajrulhaqreact,PENYEPUNG HANDAL
2025-11-02 15:49:36,@denirwan25,Langsung sajaa AE 20jt Nihh
2025-11-02 15:49:36,@Timesiluat,Gimick
2025-11-02 15:49:38,@SatriaPutra-r4t,apa ini
2025-11-02 15:49:38,@bulubool2,Gimick
2025-11-02 15:49:39,@reihanibnu2491,LAMA YAPPING
2025-11-02 15:49:40,@pisces903,congrats AE piala MPL pertamanya
2025-11-02 15:49:42,@r.kuroko1125,ayok remacth kita king onic
2025-11-02 15:49:42,@Timesiluat,Gimick
2025-11-02 15:49:43,@aliasharihasan9146,blum dateng pemain nyaa
2025-11-02 15:49:45,@Agustuss17,lama amat indo indo
2025-11-02 15:49:46,@ronnn63,GG
2025-11-02 15:49:46,@SatriaPutra-r4t,apa ini
2025-11-02 15:49:48,@dozkhytech5658,GAK SERU
2025-11-02 15:49:48,@NoName-jv4bw,sempat maghrib bru berisik main nya
2025-11-02 15:49:50,@reihanibnu2491,LAMA YAPPING
2025-11-02 15:49:53,@dozkhytech5658,GAK SERU
2025-11-02 15:49:56,@SatriaPutra-r4t,apa ini ha
2025-11-02 15:49:57,@TicxzAnimator,"ALTER EGO READY TO M7, GOOD LUCK FOR TEAM"
2025-11-02 15:49:57,@dozkhytech5658,GAK SERU
2025-11-02 15:49:58,@RielL704,lama amat
2025-11-02 15:49:58,@reihanibnu2491,LAMA YAPPING
2025-11-02 15:50:00,@Zian_48,ONIC TIME
2025-11-02 15:50:01,@Ranzah-,ONIC all in ya gaes yahh
2025-11-02 15:50:05,@dozkhytech5658,GAK SERU
2025-11-02 15:50:07,@zkryex6406,apa coba wkwkwk
2025-11-02 15:50:11,@reihanibnu2491,LAMA YAPPING
2025-11-02 15:50:12,@denirwan25,AE 20jt nih tampung lah
2025-11-02 15:50:12,@MasbulahBulah,buset dah lama amat mulai nya
2025-11-02 15:50:15,@dozkhytech5658,LAMA GAK SERU
2025-11-02 15:50:15,@arimaulana7713,THIS IS ALTER EGO TIMEE BOYYYYYY
2025-11-02 15:50:16,@NahyarEp,LANGSUNG SAJA 
2025-11-02 15:50:19,@KhiranSafitri,:face_with_symbols_on_mouth:
2025-11-02 15:50:20,@reihanibnu2491,LAMA YAPPING
2025-11-02 15:50:20,@meannie1,mulai jam berapa ges
2025-11-02 15:50:21,@nightbot,MPL ID dengan tegas menentang segala bentuk perjudian & mendukung kompetisi yang adil dan berintegritas. Mari kita bangun komunitas yang menghormati nilai-nilai sportivitas dalam dunia esports!
2025-11-02 15:50:23,@Sitialya-p2b,Mainnya Jam Set 6 Lol
2025-11-02 15:50:23,@nofrinazrielirham810,SELAMA ADA UCIHAA GAK BAKAL JUARA KWKWKWKKWMW
2025-11-02 15:50:24,@KecengAgus,ae mengukir sejarah
2025-11-02 15:50:25,@zkryex6406,apaan tau wkwkwkw
2025-11-02 15:50:26,@KhiranSafitri,cpt
2025-11-02 15:50:28,@dozkhytech5658,MISKIN LAMA
2025-11-02 15:50:28,@Senzz_243,When yah punya hp gitu
2025-11-02 15:50:29,@B4HLIL479,50jt onic
2025-11-02 15:50:29,@Sioyen07,7
2025-11-02 15:50:29,@reihanibnu2491,LAMA YAPPING
2025-11-02 15:50:30,@KhiranSafitri,cpt
2025-11-02 15:50:32,@Mitless23,ae 5jt sini
2025-11-02 15:50:33,@bayuwangsa6840,nanti kalau udah main pastikan satu. juta bang
2025-11-02 15:50:39,@reihanibnu2491,LAMA YAPPING
2025-11-02 15:50:39,@MasbulahBulah,lama yapping
2025-11-02 15:50:39,@B4HLIL479,50JT ONIC NIH
2025-11-02 15:50:41,@r.kuroko1125,king ae ayo kita remacth king onic rebutan piala mpl indo kita :beaming_face_with_smiling_eyes:
2025-11-02 15:50:41,@KhiranSafitri,gaguna gaada yg denger
2025-11-02 15:50:44,@OnlyLyzzn,INI BRP BRP WOI
2025-11-02 15:50:44,@TicxzAnimator,"4-3 ONIC, TAPI SEMOGA ALTER EGO LAMA DI M7"
2025-11-02 15:50:46,@zkryex6406,apasih ini wkwkwk
2025-11-02 15:50:47,@rapsky7571,"ONIC AKAN PULANG, CATAT:eyes-purple-crying:"
2025-11-02 15:50:48,@FROZER205,si sendy ngapain
2025-11-02 15:50:49,@MIndraPermana-p5c,10 JT onic
2025-11-02 15:50:49,@bigmom9313,Lama anjir
2025-11-02 15:50:50,@BobbyPratama-w1i,tandai gue 4 2 KINk AE yang menang
2025-11-02 15:50:50,@reihanibnu2491,LAMA YAPPING
2025-11-02 15:50:50,@datditdut_2,yapping
2025-11-02 15:50:51,@Ranzah-,onic 10jt sini :winking_face_with_tongue::backhand_index_pointing_up:
2025-11-02 15:50:51,@taufikmaulana4271,onic pastiiiii menanggg
2025-11-02 15:50:52,@WelcometoberauMycity,082149840477 DANA
2025-11-02 15:50:52,@KhiranSafitri,waww hahaha keren keren
2025-11-02 15:50:53,@AditSaputra-s2c,onic go go go
2025-11-02 15:50:54,@jepydimas6287,Akirnya Ler angkat piala lagi:face_with_hand_over_mouth:
2025-11-02 15:50:54,@BajaPutih-uz8cj,jam berapa tandingnya?
2025-11-02 15:50:54,@paaasepaa,:text-green-game-over:
2025-11-02 15:50:55,@BorutoUzumaki-h8q,yappyy
2025-11-02 15:50:56,@abshorulil-e2h,engga kaya di mplph indo no good
2025-11-02 15:50:56,@darkerhertkko,"Undang veteran ML kek, ini fun match apa wkkwkw"
2025-11-02 15:50:58,@MuhammadZain-d6t,ONIC
2025-11-02 15:50:58,@FROZER205,oi sendi
2025-11-02 15:50:58,@NoName-jv4bw,SUKA BUANG2 DATA PENONTON ...
2025-11-02 15:51:00,@OnlyLyzzn,DAH MULAI BLM P
2025-11-02 15:51:00,@reihanibnu2491,LAMA YAPPING
2025-11-02 15:51:02,@zkryex6406,huuuu apa cb
2025-11-02 15:51:02,@dozkhytech5658,BUANG MASA
2025-11-02 15:51:02,@robinwiradinata9022,"cari lawan, disini onic 10jutq"
2025-11-02 15:51:03,@jeesigma,KASIH AJA PIALA M7 NYA KE TLPH
2025-11-02 15:51:03,@yoooo-w5q,go oinc
2025-11-02 15:51:03,@PuutJebredead,banyak ngomong lama banget
2025-11-02 15:51:05,@rapsky7571,"ONIC AKAN PULANG, CATAT:eyes-purple-crying:"
2025-11-02 15:51:05,@B4HLIL479,ONIC 50JT GASKEN SINI
2025-11-02 15:51:05,@MuhammadRaihannx,"7uan ONIC cuma satu 7uara MPL yg ke 7, dan 7uara M7"
2025-11-02 15:51:07,@batakoh,SAMSUNG ENK BGT JUJUR BUAT GAME SINYAL KUAT PERFMANYA GG BGT
2025-11-02 15:51:10,@reihanibnu2491,LAMA YAPPING
2025-11-02 15:51:11,@IkbalPiu,ngukir sejarah kalau menang ae karna gk pernah pegang piala :rolling_on_the_floor_laughing::rolling_on_the_floor_laughing::rolling_on_the_floor_laughing:
2025-11-02 15:51:11,@Bujang2002,ngapain ini
2025-11-02 15:51:12,@andrejunianto8635,EVOS UDH NUNGGUAN DI FINAL WKWKWKW
2025-11-02 15:51:13,@RizqiAri,brp brp ni
2025-11-02 15:51:15,@TicxzAnimator,"4-3 ONIC, SEMANGAT"
2025-11-02 15:51:15,@reihanibnu2491,LAMA YAPPING
2025-11-02 15:51:17,@Keiyla_49,p
2025-11-02 15:51:18,@arifmaulana22,bacot... mainin final nya
2025-11-02 15:51:19,@Heeyze3,AE sama sonic kapan?
2025-11-02 15:51:19,@ZAEX_16ア,AE SIAP KALAH LAGI LAWAN ONIC?
2025-11-02 15:51:21,@febbymbiw9418,Onik kasih AE juara dong
2025-11-02 15:51:21,@MuhammadRaihannx,"7uan ONIC cuma satu 7uara MPL yg ke 7, dan 7uara M7"
2025-11-02 15:51:21,@r.kuroko1125,king ae ayo kita remacth king onic rebutan piala mpl indo kita :beaming_face_with_smiling_eyes:
2025-11-02 15:51:21,@yoooo-w5q,gopay
2025-11-02 15:51:22,@royhansulton7665,lama amat ya
2025-11-02 15:51:22,@Koboy_809,Onic tampung
2025-11-02 15:51:25,@reihanibnu2491,LAMA YAPPING
2025-11-02 15:51:27,@rapsky7571,"ONIC AKAN PULANG, CATAT:eyes-purple-crying:"
2025-11-02 15:51:27,@WelcometoberauMycity,4 juta aku pilih onic
2025-11-02 15:51:28,@sitikhodizahhasibuan212,:stayhome:
2025-11-02 15:51:30,@BajaPutih-uz8cj,"ya allah semoga onic menang, aku serahkan doa ku ke engkau ya allah"
2025-11-02 15:51:31,@kykyout7998,moga ae hokinya belum habis
2025-11-02 15:51:33,@reihanibnu2491,LAMA YAPPING
2025-11-02 15:51:34,@yoooo-w5q,gg
2025-11-02 15:51:36,@royhansulton7665,ketahuan cari berasnya hahaha
2025-11-02 15:51:37,@AlifNurhuda-q7o,LAMA
2025-11-02 15:51:38,@reihanibnu2491,LAMA YAPPING
2025-11-02 15:51:39,@nurulnvrda,lama eu
2025-11-02 15:51:39,@andrejunianto8635,TEVOS UDH NUNGGUAN DI FINAL
2025-11-02 15:51:41,@MuhammadRaihannx,"7uan ONIC cuma satu 7uara MPL yg ke 7, dan 7uara M7"
2025-11-02 15:51:41,@nofrinazrielirham810,SELAMA AADA UCIHAA KAIRI GAK BAKAL JUARA M SERIESS KWKWKKKWKWK
2025-11-02 15:51:42,@IqbalMuhammad-i3k,kapan main wok? AE onic
2025-11-02 15:51:42,@damianproject999,RRQ FINAL :rolling_on_the_floor_laughing::rolling_on_the_floor_laughing:
2025-11-02 15:51:43,@SahrulGunners,50jt AE
2025-11-02 15:51:43,@radhit-vegence2091,yapping mulu lama
2025-11-02 15:51:44,@reihanibnu2491,LAMA YAPPING
2025-11-02 15:51:44,@LEXA-39,ga ada yang peduli oi lahhhhh:face-red-droopy-eyes:
2025-11-02 15:51:47,@r.kuroko1125,king ae ayo kita remacth king onic rebutan piala mpl indo kita :beaming_face_with_smiling_eyes:
2025-11-02 15:51:50,@Keiyla_49,lanjut gak?? kelamaan nih yapping nya
2025-11-02 15:51:51,@reihanibnu2491,LAMA YAPPING
2025-11-02 15:51:51,@RizkyHanifudin-ul3do,lets go ae lu pasti bisa 
2025-11-02 15:51:52,@rapsky7571,"ONIC AKAN PULANG, CATAT:eyes-purple-crying:"
2025-11-02 15:51:54,@arnandasuryaarga4872,kapan sih main
2025-11-02 15:51:54,@rifantalok3804,ae juara
2025-11-02 15:51:54,@royhansulton7665,alamakk lamanyooo
2025-11-02 15:51:56,@aryandwicahyo1171,GABUTUH YAPPING BURUAN MULAI
2025-11-02 15:51:56,@Anonymous-237-b5e,banyak oknum memecah belahkan sonic dan elfamilia guys
2025-11-02 15:51:58,@reihanibnu2491,LAMA YAPPING
2025-11-02 15:51:59,@TicxzAnimator,MULAINYA JAM 5 WOI
2025-11-02 15:52:00,@MuhammadRaihannx,"7uan ONIC cuma satu 7uara MPL yg ke 7, dan 7uara M7"
2025-11-02 15:52:03,@damianproject999,RRQ VS ONIC
2025-11-02 15:52:03,@ZAEX_16ア,AE SIAP KALAH LAGI LAWAN ONIC:face-blue-smiling:
2025-11-02 15:52:04,@uliaulpah1409,this is AE
2025-11-02 15:52:05,@reihanibnu2491,LAMA YAPPING
2025-11-02 15:52:05,@MarianiDaffa,lasung game play bisa gak
2025-11-02 15:52:05,@IkiShinmon,lama lamain
2025-11-02 15:52:05,@alvinsya,Yeeyyy menangg selamaaaaaaaat
2025-11-02 15:52:06,@SahrulGunners,50jt AE
2025-11-02 15:52:06,@bocilmlxq3cl,UDH KASH KE AE PERCAYA GA AE MENANG
2025-11-02 15:52:07,@royhansulton7665,paling nanti gamenya di suruh lama
2025-11-02 15:52:08,@ahmadgaming0758,anjay
2025-11-02 15:52:10,@kjwq_zhv,ga dukung sia
2025-11-02 15:52:10,@Mablus_Mablus,1 jam la gi
2025-11-02 15:52:10,@AdiGroup-Cryptoweb3,mulai jam brp
2025-11-02 15:52:10,@lemuhuui,ONIC
2025-11-02 15:52:10,@RRQkalahterus,main jam 17:30
2025-11-02 15:52:11,@dozkhytech5658,:face-purple-crying:LAMAAAA
2025-11-02 15:52:12,@FendiLim-ty4vt,BOSEN BOS BANYAK CAKAP
2025-11-02 15:52:14,@reihanibnu2491,LAMA YAPPING
2025-11-02 15:52:15,@ArdiXyzz,Yang Bilang Lama Baca Jadwal Gblk Mulai Jam 17:30
2025-11-02 15:52:17,@IkiShinmon,yapping trossssss
2025-11-02 15:52:19,@Keiyla_49,gak butuh yapping min
2025-11-02 15:52:19,@jhonnyindo9115,Jam 7 mainnya
2025-11-02 15:52:20,@Satournels-v9h,7
2025-11-02 15:52:21,@reihanibnu2491,LAMA YAPPING
2025-11-02 15:52:21,@alfinherman7082,SAYA SEBENARNYA MANUSIA HARIMAU
2025-11-02 15:52:22,@carlone8431,mana yang tadi bilang 50 AE sini gua onic
2025-11-02 15:52:23,@FaridaMappa-hq7ql,GOOOOOO ONICCCC :shushing_face::backhand_index_pointing_up:
2025-11-02 15:52:23,@ahmadrizki_ns8014,lama nyaa
2025-11-02 15:52:24,@Kosim07,yok AE dulu gak sih bang yg juara
2025-11-02 15:52:26,@eriksetyanto2072,kebanyakan ngoceh
2025-11-02 15:52:27,@TicxzAnimator,"JAM 5, INI MASIH DALAM PERJALANAN TEAMNYA"
2025-11-02 15:52:29,@rapsky7571,"ONIC AKAN PULANG, CATAT:eyes-purple-crying:"
2025-11-02 15:52:29,@BurhanudinTarmen,ITS onic time
2025-11-02 15:52:30,@nofrinazrielirham810,UCIHA KAIRII KLO LAWAN PH PASTII BAPUKK KWKWKWKKWKW
2025-11-02 15:52:31,@reihanibnu2491,LAMA YAPPING
2025-11-02 15:52:32,@ryuzusama3443,go go ALter Ego
2025-11-02 15:52:34,@kjwq_zhv,"ga dukung siapa""krna sesama"
2025-11-02 15:52:34,@ZAEX_16ア,CATAT ONIC MENANG
2025-11-02 15:52:34,@RizkyHanifudin-ul3do,ae bisa nihh ayo
2025-11-02 15:52:34,@PraysiAurelia,masih lamaa
2025-11-02 15:52:35,@raisyahchania618,blm mulai ya?
2025-11-02 15:52:35,@carlone8431,mana yang tadi bilang 50 AE sini gua onic
2025-11-02 15:52:36,@rezaardiansyah4740,main nya jam brp
2025-11-02 15:52:37,@mitratokoreload6678,Tidur siang dulu cil
2025-11-02 15:52:38,@TicxzAnimator,ALTER EGO GO GO GO
2025-11-02 15:52:38,@reihanibnu2491,LAMA YAPPING
2025-11-02 15:52:39,@MyFebrideng,17.30 mainya
2025-11-02 15:52:39,@Ramdaseptiawatii,aee
2025-11-02 15:52:45,@reihanibnu2491,LAMA YAPPING
2025-11-02 15:52:45,@Fahruuul,AE JUARA GUA BOTAK
2025-11-02 15:52:46,@TicxzAnimator,ALTER EGO GO GO GO
2025-11-02 15:52:46,@neiltheus,Mandi oi
2025-11-02 15:52:52,@carlone8431,mana yang tadi bilang 50 AE sini gua onic
2025-11-02 15:52:53,@RRQkalahterus,main jam 17:30
2025-11-02 15:52:56,@NickyHiden-dc6fg,cendy siapa aeron ni bos
2025-11-02 15:52:57,@Shah11r,penyepong samsung
2025-11-02 15:52:59,@BurhanudinTarmen,Onic
2025-11-02 15:52:59,@rezaardiansyah4740,ALTERIGO 1 JT
2025-11-02 15:52:59,@zxy23-23,onic vs siapa ini??
2025-11-02 15:53:00,@NickyHiden-dc6fg,cendy siapa aeron ni bos
2025-11-02 15:53:01,@aryandwicahyo1171,"kebanyakan produk sponsor, buruab mulai"
2025-11-02 15:53:02,@zan-x6z,onic sih gua
2025-11-02 15:53:03,@yuzuhn,caer caer caer caer
2025-11-02 15:53:04,@BurhanudinTarmen,Onic
2025-11-02 15:53:04,@TriWahyuWidianto-t3d,siapa kita
2025-11-02 15:53:05,@NickyHiden-dc6fg,cendy siapa aeron ni bos
2025-11-02 15:53:07,@SahrulGunners,CATAT AE MENANG
2025-11-02 15:53:08,@ikbalfebianto6463,Promoo doang 
2025-11-02 15:53:09,@kykyout7998,howak
2025-11-02 15:53:09,@Heeyze3,rrq mah 7
2025-11-02 15:53:10,@MuhammadRaihannx,"7uan AE jadi 7uara season ini, sementara ONIC mau 7uara MPL yg ke 7, dan 7uara M7"
2025-11-02 15:53:11,@NickyHiden-dc6fg,cendy siapa aeron ni bos
2025-11-02 15:53:11,@reihanibnu2491,BUZER SAMSUNG YAPPING
2025-11-02 15:53:12,@rapsky7571,"ONIC AKAN PULANG, CATAT:eyes-purple-crying:"
2025-11-02 15:53:15,@fajrulhaqreact,bocil udah jago nyepung ye
2025-11-02 15:53:17,@aizarjakz6065,ae 4:0 onic
2025-11-02 15:53:18,@NickyHiden-dc6fg,cendy siapa aeron ni bos
2025-11-02 15:53:18,@kayy_putra077,JADI INGAT SAMA PROMOSI BUTS :rolling_on_the_floor_laughing::rolling_on_the_floor_laughing::rolling_on_the_floor_laughing:
2025-11-02 15:53:19,@BurhanudinTarmen,Onic time
2025-11-02 15:53:19,@rezaardiansyah4740,ALTERIGO 1 JT
2025-11-02 15:53:22,@TicxzAnimator,Alter ego GO GO GO
2025-11-02 15:53:24,@NickyHiden-dc6fg,cendy siapa aeron ni bos
2025-11-02 15:53:24,@KhairidaRamadhani-q4b6b,GGMU
2025-11-02 15:53:24,@reihanibnu2491,BUZZER SAMSUNG YAPPING
2025-11-02 15:53:27,@SahrulGunners,CATAT AE MENANG 50JT AE
2025-11-02 15:53:27,@AmaloRoksi,onic 10 jt
2025-11-02 15:53:28,@AhmadFendy-l1v,rapsky meninggal catat:face-blue-smiling:
2025-11-02 15:53:29,@Aguszahra-f3l,kalah menang aku tetap dukung ONIC... onic selalu di hati
2025-11-02 15:53:31,@ArdiNSyahputra-f7b,gua dukung yang menang
2025-11-02 15:53:32,@BurhanudinTarmen,Onic time
2025-11-02 15:53:32,@reihanibnu2491,BUZZER SAMSUNG YAPPING
2025-11-02 15:53:32,@lemuhuui,Onic yang menang no debat
2025-11-02 15:53:38,@XRENNN,coba kalian tonton dh BUTS pake samsung:rolling_on_the_floor_laughing:
2025-11-02 15:53:38,@SahrulGunners,CATAT AE MENANG 50JT AE
2025-11-02 15:53:38,@Kkatsumii_14,kapan mulai nya ini
2025-11-02 15:53:38,@rapsky7571,"ONIC AKAN PULANG, CATAT:eyes-purple-crying:"
2025-11-02 15:53:42,@reihanibnu2491,BUZZER SAMSUNG YAPPING
2025-11-02 15:53:42,@Yantoledeng,CEPAT WOY
2025-11-02 15:53:45,@Heeyze3,"""rrq mana"" dia udah kalah habis itu di posisi 7:cat_with_tears_of_joy::cat_with_tears_of_joy:"
2025-11-02 15:53:46,@lololololol1229,MAIN JAM BRPA
2025-11-02 15:53:46,@TicxzAnimator,Alter ego ready to M7
2025-11-02 15:53:48,@BurhanudinTarmen,Onic
2025-11-02 15:53:50,@putraarya9507,kebanyakan ngober
2025-11-02 15:53:50,@seputarshort1000,RRQ 2M
2025-11-02 15:53:51,@Satanic24,lamaa******
2025-11-02 15:53:52,@reihanibnu2491,BUZZER SAMSUNG YAPPING
2025-11-02 15:53:53,@hay_1266,awaas skaylar mbapuk... go alter ego wkwkkw
2025-11-02 15:53:53,@mfikriashari2298,HP ISINYA
2025-11-02 15:53:53,@ginn5333,INI WAKTUNYA RRQ BUKAN ONIC
2025-11-02 15:53:53,@SahrulGunners,CATAT AE MENANG 50JT AE
2025-11-02 15:53:55,@BurhanudinTarmen,Cepat lah
2025-11-02 15:53:55,@zxy23-23,:relieved_face:
2025-11-02 15:53:56,@lololololol1229,MAIN JAM BERAPAA
2025-11-02 15:53:56,@AhmadFendy-l1v,rapsky meninggal catat:face-blue-smiling:
2025-11-02 15:53:59,@perdanabaubau8274,TRAGEDI TLPH GK SIH AE 4:0
2025-11-02 15:53:59,@rafakhalfani-d4r,alter egoo
2025-11-02 15:54:00,@Tahru-fb8xm,NANTI JAM 5 MULAI NYAA
2025-11-02 15:54:01,@KhairidaRamadhani-q4b6b,YNWA
2025-11-02 15:54:01,@Tio-c9v,woilah cik:cat_with_tears_of_joy:
2025-11-02 15:54:01,@reihanibnu2491,BUZZER SAMSUNG YAPPING
2025-11-02 15:54:02,@randybachtera,Nabati isinga itu sama teh pucuk
2025-11-02 15:54:06,@BurhanudinTarmen,Cepatlah gak sabar liat onic juara
2025-11-02 15:54:08,@Tio-c9v,ujan wokk:cat_with_tears_of_joy::cat_with_tears_of_joy:
2025-11-02 15:54:08,@reihanibnu2491,BUZZER SAMSUNG YAPPING
2025-11-02 15:54:09,@evelyn-lyn,YANG NGEJEK RRQ KEK BOCIL
2025-11-02 15:54:10,@TicxzAnimator,ALTER EGO JUARA FIX
2025-11-02 15:54:13,@SahrulGunners,CATAT AE MENANG 50JT AE
2025-11-02 15:54:14,@randybachtera,NABATI ITU ISINGA SAMA TEH PUCUK
2025-11-02 15:54:14,@HarisHaris-ms4yc,mna king evos
2025-11-02 15:54:15,@BurhanudinTarmen,Cepat lah
2025-11-02 15:54:18,@fajar4393,evoss maen jam berapa?
2025-11-02 15:54:19,@TicxzAnimator,BOSEN LIGA TANI
2025-11-02 15:54:19,@rapsky7571,"ONIC AKAN PULANG, CATAT:eyes-purple-crying:"
2025-11-02 15:54:20,@BurhanudinTarmen,Lama banget
2025-11-02 15:54:20,@reihanibnu2491,BUZZER SAMSUNG YAPPING
2025-11-02 15:54:23,@onickuesnay,kpn mulainya oyy
2025-11-02 15:54:23,@AbyanBilqi,jam 17.30 bang
2025-11-02 15:54:25,@Broo.Z666,onic
2025-11-02 15:54:25,@saochang464,w samsung
2025-11-02 15:54:26,@aryandwicahyo1171," yang nonton cuma 26K, RRQ gamain"
2025-11-02 15:54:27,@Mablus_Mablus,:body-blue-raised-arms:
2025-11-02 15:54:27,@tuan_khan_129,KPN MULAINYA INI
2025-11-02 15:54:27,@kemodkecil5625,LAMA KEBANYAKAN GIMMIC
2025-11-02 15:54:28,@BurhanudinTarmen,Huh lama
2025-11-02 15:54:28,@reihanibnu2491,BUZZER SAMSUNG YAPPING
2025-11-02 15:54:28,@Keiyla_49,sudahi yapping nya batre saya sisa 17 :loudly_crying_face:
2025-11-02 15:54:30,@erica-njz,lama anjir
2025-11-02 15:54:31,@perdanabaubau8274,SENGAJA AE KASI KALAH BIAR BISA PELAJARI GEM PLAY ONIC
2025-11-02 15:54:34,@RahmanKahoi,bosen wuuuuuu
2025-11-02 15:54:34,@randybachtera,NABATI ITU ISINYA SAMA TEH PUCUK
2025-11-02 15:54:35,@reskybriliandaru489,ALTER EGO GO GO GO!!
2025-11-02 15:54:36,@akbarirlandiaputra,"yg kiri gausah maen ml, jaga parkir aja"
2025-11-02 15:54:37,@BurhanudinTarmen,Kapan ini mulai
2025-11-02 15:54:38,@reihanibnu2491,BUZZER SAMSUNG YAPPING
2025-11-02 15:54:38,@dodo-v8f2g,match papan bawah
2025-11-02 15:54:39,@evelyn-lyn,TLPH MUKBANG LANDAK
2025-11-02 15:54:41,@PakDewa-j6x,ban pdip
2025-11-02 15:54:41,@lluvnoxxx,onic fokus m7 aja plsssss
2025-11-02 15:54:41,@BurhanudinTarmen,Lama banget
2025-11-02 15:54:42,@BRKN_Doom,AE IN 7
2025-11-02 15:54:45,@MuhammadYunus-p1t,buruan bangs
2025-11-02 15:54:46,@reihanibnu2491,BUZZER SAMSUNG YAPPING
2025-11-02 15:54:47,@vhivhianthi4577,oi
2025-11-02 15:54:47,@AbyanBilqi,17.30
2025-11-02 15:54:48,@Asepp661,lamaaa
2025-11-02 15:54:50,@MyFebrideng,17.30 gais mainnya
2025-11-02 15:54:50,@ILYpolyPo,LANGSUNG SAJA KASIH PIALA KE AIRAIRQIU:squinting_face_with_tongue::backhand_index_pointing_up:
2025-11-02 15:54:53,@dozkhytech5658,INDO KELAMAAN
2025-11-02 15:54:54,@Name_Gaming-g3x4b,what time is it?
2025-11-02 15:54:55,@BRKN_Doom,AE IN 7
2025-11-02 15:54:55,@andyhidayat9066,jam berapa ya mulai nya
2025-11-02 15:54:57,@putraarya9507,ngober mulu
2025-11-02 15:54:57,@ArnoldKeta,rrq main pnntnya biasa 1juta
2025-11-02 15:54:57,@reihanibnu2491,BUZZER SAMSUNG YAPPING
2025-11-02 15:54:57,@muhammadaldi7914,:face-red-droopy-eyes:
2025-11-02 15:54:57,@naufalnaufal5935,lama
2025-11-02 15:55:00,@royhansulton7665,goo onicc
2025-11-02 15:55:02,@muhammadaldi7914,:face-red-droopy-eyes:
2025-11-02 15:55:02,@TicxzAnimator,"ALTER EGO MENGEHENTIKAN PETANI MPL, CATAT!!!!:red_exclamation_mark::red_exclamation_mark:"
2025-11-02 15:55:04,@BRKN_Doom,AE IN 7
2025-11-02 15:55:04,@hansgaming4971,Lama 
2025-11-02 15:55:05,@muhammadaldi7914,:face-red-droopy-eyes:
2025-11-02 15:55:06,@MyFebrideng,17.30 sekarang lgi yapping sana sni dlu
2025-11-02 15:55:07,@reihanibnu2491,BUZZER SAMSUNG YAPPING
2025-11-02 15:55:07,@muhammadhaerilrafli,AE IN M7
2025-11-02 15:55:08,@hansgaming4971,Lama
2025-11-02 15:55:08,@SatriaMaarif-s4h,bismillah onic
2025-11-02 15:55:09,@royhansulton7665,onic pasti juara
2025-11-02 15:55:09,@Jokikopi,lama oi
2025-11-02 15:55:11,@jejakepchannel7574,"in bukan mpl ph, mpl indo bnayk drama"
2025-11-02 15:55:11,@AgungAgung-v2e,onic akan ktemu BTR
2025-11-02 15:55:13,@Soliha-s6i,raja kok gak lolos playoff
2025-11-02 15:55:15,@YanzBen,onik
2025-11-02 15:55:18,@royhansulton7665,"habis juara mpl,juara m7"
2025-11-02 15:55:18,@BRKN_Doom,AE IN 7
2025-11-02 15:55:19,@Jokikopi,buru napa
2025-11-02 15:55:20,@ekonurcayanto7822,GO GO AE
2025-11-02 15:55:20,@reihanibnu2491,BUZZER SAMSUNG YAPPING
2025-11-02 15:55:20,@ILYpolyPo,LANGSUNG SAJA KASIH PIALA KE AIRAIRQIU:squinting_face_with_tongue::backhand_index_pointing_up:
2025-11-02 15:55:24,@SitihajarHajar-i5v,gua onic id 1m
2025-11-02 15:55:24,@hengkiagung5134,info rrq main jam berapa ya?
2025-11-02 15:55:25,@muhammadaldi7914,:face-red-droopy-eyes:
2025-11-02 15:55:26,@Pocon9gg,matchnya jam berapa guys?
2025-11-02 15:55:29,@RizkyHanifudin-ul3do,tiga kata lucu evos is back
2025-11-02 15:55:31,@budideidei7125,ONIC M7
2025-11-02 15:55:31,@riadewantari9660,Kapan mulainya ini
2025-11-02 15:55:32,@vhivhianthi4577,ONIC
2025-11-02 15:55:32,@reihanibnu2491,BUZZER SAMSUNG YAPPING
2025-11-02 15:55:33,@KeripikBayam,AE WALK OUT RRQ IN AWOWKO
2025-11-02 15:55:37,@BRKN_Doom,AE IN 7
2025-11-02 15:55:38,@gaasaputra-t2y,sabar jam setengah enam woy
2025-11-02 15:55:38,@gigi.kuning0,skor match 1 #7 0
2025-11-02 15:55:38,@MuhammadRaihannx,"Buat yang nanya RRQ kemana, RRQ lagi persiapan ke M7 lewat jalur SNBP:cat_with_tears_of_joy:"
2025-11-02 15:55:39,@rianfadillah906,kebanyakan yapping mpl id pler
2025-11-02 15:55:40,@riadewantari9660,Kapan mulainya ini
2025-11-02 15:55:41,@reihanibnu2491,BUZZER SAMSUNG YAPPING
2025-11-02 15:55:43,@hansgaming4971,Lama jangan lama
2025-11-02 15:55:43,@flytothemoon-t4c,lama nihh
2025-11-02 15:55:43,@YanzBen,onic
2025-11-02 15:55:45,@ulfahalmani436,lah kok match-nya belum mulaii
2025-11-02 15:55:48,@TicxzAnimator,"ALTER EGO JUARA, BOSEN LIGA TANI"
2025-11-02 15:55:48,@riadewantari9660,Kapan mulainya ini
2025-11-02 15:55:48,@hengkiagung5134,info rrq main jam berapa ya?
2025-11-02 15:55:49,@Keiyla_49,:penguin-blue-waving-tear:
2025-11-02 15:55:50,@reihanibnu2491,BUZZER SAMSUNG YAPPING
2025-11-02 15:55:51,@spongeboob123,apaan coba
2025-11-02 15:55:51,@Lacuerasavage,rrq mainnya kapan
2025-11-02 15:55:53,@ZhmaaaJuam-r2x,bismilla
2025-11-02 15:55:53,@dirgasakti9157,goooo oniccc
2025-11-02 15:55:54,@MuhammadRaihannx,"Buat yang nanya RRQ kemana, RRQ lagi persiapan ke M7 lewat jalur SNBP:cat_with_tears_of_joy:"
2025-11-02 15:55:55,@mynameismork5117,"mulainya jam jam 4 lewat gitu gasi ,kek biasanya"
2025-11-02 15:55:56,@AnisahTamaraday,43 Perkiraan 
2025-11-02 15:55:57,@Soliha-s6i,raja kok gak lolos playoff
2025-11-02 15:55:57,@BRKN_Doom,AE IN 7
2025-11-02 15:55:59,@Lacuerasavage,rrq match brpa
2025-11-02 15:56:02,@reihanibnu2491,BUZZER SAMSUNG YAPPING
2025-11-02 15:56:03,@TicxzAnimator,"AE JUARA, BOSEN LIGA TANI"
2025-11-02 15:56:04,@AdolfinoDossantos,blom di mulai aja udh keliatan onic yg angkat piala
2025-11-02 15:56:06,@RinoPratama-mb3th,ayoo rrq
2025-11-02 15:56:07,@AsupanMeong_1,7
2025-11-02 15:56:08,@kiplii1976,samsung terbaik
2025-11-02 15:56:09,@fedin9548,#LAMA
2025-11-02 15:56:09,@dodsdol,Gooo ONIC
2025-11-02 15:56:10,@rizkirinaldi6979,gokil
2025-11-02 15:56:10,@hengkiagung5134,kok aku dari kemarin nggak liat rrq ya?
2025-11-02 15:56:11,@rikysanjaya9857,ae ni
2025-11-02 15:56:11,@reihanibnu2491,BUZZER SAMSUNG YAPPING
2025-11-02 15:56:11,@lynnlovesfictional,lama
2025-11-02 15:56:12,@MuhammadRaihannx,"Buat yang nanya RRQ kemana, RRQ lagi persiapan ke M7 lewat jalur SNBP:cat_with_tears_of_joy:"
2025-11-02 15:56:13,@Zovuzz,Kayak kemaren nih...mulainya jam 6 wib :grinning_squinting_face::thumbs_up::thumbs_up:
2025-11-02 15:56:13,@AsupanMeong_1,7
2025-11-02 15:56:14,@Kiikmmjiij9o9,yapping
2025-11-02 15:56:18,@ZhmaaaJuam-r2x,ALTER EGO GO GO GO
2025-11-02 15:56:18,@hansgaming4971,Cepat dikit
2025-11-02 15:56:19,@massmemet8554,Pasti kebanyakan supporter rrq yang bilang onic akan pulang padahal rrq gak lolos
2025-11-02 15:56:20,@AsupanMeong_1,7
2025-11-02 15:56:21,@BRKN_Doom,AE IN 7
2025-11-02 15:56:21,@spongeboob123,jelas AE akan mengukir sejarah hari ini
2025-11-02 15:56:22,@hansgaming4971,Ayolah
2025-11-02 15:56:23,@reihanibnu2491,BUZZER SAMSUNG YAPPING
2025-11-02 15:56:24,@zh4rr6741,ALTER EGO GO GO GO
2025-11-02 15:56:24,@Keiyla_49,#7 :smiling_face::backhand_index_pointing_up:
2025-11-02 15:56:24,@kiplii1976,wel
2025-11-02 15:56:25,@TicxzAnimator,"AE JUARA, BOSEN LIGA TANI"
2025-11-02 15:56:26,@AsupanMeong_1,7
2025-11-02 15:56:27,@fedin9548,lama
2025-11-02 15:56:27,@fedin9548,lama
2025-11-02 15:56:27,@BangDy24,Samsung galaxy s23 ultra ngefremm
2025-11-02 15:56:28,@hansgaming4971,Cepat dikit
2025-11-02 15:56:28,@RonnySembiring-t2t,"indo GK tu tepat waktu,"
2025-11-02 15:56:29,@correysbast8293,alterego akan mengukir sejarah
2025-11-02 15:56:31,@ragilalpiansyah7919,evos is back haha wkwkwkwkwk lucu
2025-11-02 15:56:31,@northoetara9661,all in AE
2025-11-02 15:56:32,@RudinPenyok-b5c,dos wedos aku penyok
2025-11-02 15:56:33,@reihanibnu2491,BUZZER SAMSUNG YAPPING
2025-11-02 15:56:33,@jarr-b3,mulai jam 17.30
2025-11-02 15:56:34,@mochrajibrajib7317,dpt hadiah plingan beli discont 50%
2025-11-02 15:56:36,@houstonchristy,aku jua mau s25 fe
2025-11-02 15:56:36,@Pocon9gg,lamanya
2025-11-02 15:56:36,@AsupanMeong_1,7 7
2025-11-02 15:56:38,@BRKN_Doom,AE IN 7
2025-11-02 15:56:38,@mynameismork5117,"bukan buzzer itu, namanya promo, lagian smsung support mpl kok"
2025-11-02 15:56:39,@Andreas-n7l,yaping
2025-11-02 15:56:39,@Ardiansyah-w3x,evoss panas
2025-11-02 15:56:40,@HamidKarzal,evos
2025-11-02 15:56:40,@RinoPratama-mb3th,penuhin komentar dengan7
2025-11-02 15:56:41,@TicxzAnimator,ALTER EGO GO GO GO
2025-11-02 15:56:41,@Kiikmmjiij9o9,kebanyakan yapping
2025-11-02 15:56:43,@AnugrahRohim,jam berapa cok
2025-11-02 15:56:43,@farizstory7956,VIVA RRQ 
2025-11-02 15:56:44,@MuhammadRaihannx,"Buat yang nanya RRQ kemana, RRQ lagi persiapan ke M7 lewat jalur SNBP:cat_with_tears_of_joy:"
2025-11-02 15:56:44,@Lacuerasavage,bang rekomendasi hp
2025-11-02 15:56:45,@Ardiansyah-w3x,EVOS panas
2025-11-02 15:56:45,@milayeo-y5h,yg baju putih mirip kars
2025-11-02 15:56:46,@AsupanMeong_1,7 7
2025-11-02 15:56:46,@AsupanMeong_1,7
2025-11-02 15:56:47,@romansasianipar3294,kok lama
2025-11-02 15:56:49,@BRKN_Doom,AE IN 7
2025-11-02 15:56:49,@RinoPratama-mb3th,7
2025-11-02 15:56:50,@reihanibnu2491,BUZZER SAMSUNG YAPPING
2025-11-02 15:56:51,@ZhmaaaJuam-r2x,7
2025-11-02 15:56:52,@AsupanMeong_1,7
2025-11-02 15:56:53,@aippfadhilah,all in AE
2025-11-02 15:56:53,@massmemet8554,Rrq mimpi bisa masuk m7
2025-11-02 15:56:55,@RinoPratama-mb3th,7
2025-11-02 15:56:55,@ZhmaaaJuam-r2x,7
2025-11-02 15:56:56,@irmansusilo8338,7
2025-11-02 15:56:56,@Ardiansyah-w3x,EVOS lama
2025-11-02 15:56:56,@AdlifairusAad,LAMA MPL KON
2025-11-02 15:56:56,@farizstory7956,ayoo gak bakal takut biarpun di bully
2025-11-02 15:56:56,@ILYpolyPo,samsung ngeframe jir
2025-11-02 15:56:58,@ZhmaaaJuam-r2x,7
2025-11-02 15:56:59,@OwghennParker,udah maen kah
2025-11-02 15:56:59,@3loofcl,jam 17:30 mulai
2025-11-02 15:56:59,@kitz-kitz,"laki normal, foto jempol :rolling_on_the_floor_laughing:"
2025-11-02 15:56:59,@RM.creator,langsung aja kasih ke onic
2025-11-02 15:57:00,@rakhaditya6748,GOA LAGI PANTAU STAGE MPL NIHH
2025-11-02 15:57:00,@MuhammadRaihannx,"Buat yang nanya RRQ kemana, RRQ lagi persiapan ke M7 lewat jalur SNBP:cat_with_tears_of_joy:"
2025-11-02 15:57:00,@ZhmaaaJuam-r2x,7
2025-11-02 15:57:01,@irmansusilo8338,7
2025-11-02 15:57:01,@ahmadfadilah8572,macannya jadi kucing
2025-11-02 15:57:02,@RinoPratama-mb3th,7
2025-11-02 15:57:02,@Ardiansyah-w3x,EVOS panas
2025-11-02 15:57:03,@qwertyu3173,sesuai spoiler ya guys onic bakal juara lagi
2025-11-02 15:57:03,@ZhmaaaJuam-r2x,7
2025-11-02 15:57:04,@Andreas-n7l,bot a
2025-11-02 15:57:04,@LINKINPARK089,kpn mulai bang
2025-11-02 15:57:05,@irmansusilo8338,7
2025-11-02 15:57:05,@Lacuerasavage,samsung hp nya bagus gak ngeframe
2025-11-02 15:57:06,@reihanibnu2491,BUZZER SAMSUNG YAPPING
2025-11-02 15:57:08,@YanzBen,nanti jam7 rrq main
2025-11-02 15:57:08,@BangDy24,KUMARRRR
2025-11-02 15:57:09,@arsm_xdv,afgan ncan kehed
2025-11-02 15:57:10,@bagol1281,7
2025-11-02 15:57:10,@Pocon9gg,masih lama cok main
2025-11-02 15:57:10,@RinoPratama-mb3th,7
2025-11-02 15:57:11,@irmansusilo8338,7
2025-11-02 15:57:11,@Keiyla_49,sudahi yapping nya dong :loudly_crying_face::backhand_index_pointing_up:
2025-11-02 15:57:11,@massmemet8554,Cuma bisa menghayal rrq masuk M7
2025-11-02 15:57:12,@qwertyu3173,sesuai spoiler ya guys onic bakal juara lagi
2025-11-02 15:57:12,@syatgmt4702,7
2025-11-02 15:57:12,@AR_SADIANA,sepiiiiiii amat penontonnya
2025-11-02 15:57:13,@rakhaditya6748,Di goa lagi pantau nihh hahaha
2025-11-02 15:57:14,@BRKN_Doom,AE IN 7
2025-11-02 15:57:15,@mynameismork5117,samsung ngeframe? siapa suru beli samsung sejutaan
2025-11-02 15:57:15,@AsupanMeong_1,7
2025-11-02 15:57:15,@Rihana_30,7
2025-11-02 15:57:16,@sarifhdy1691,7
2025-11-02 15:57:16,@StCh-n2z,. vc c vs nk cg cc bh bngn
2025-11-02 15:57:17,@qwertyu3173,sesuai spoiler ya guys onic bakal juara lagi
2025-11-02 15:57:17,@RinoPratama-mb3th,7
2025-11-02 15:57:17,@BangDy24,ELL KUMARRRR
2025-11-02 15:57:17,@milayeo-y5h,GOOO AE AE GOOOOOOOOOOOOO
2025-11-02 15:57:18,@reihanibnu2491,BUZZER SAMSUNG YAPPING
2025-11-02 15:57:19,@Rihana_30,7
2025-11-02 15:57:21,@sarifhdy1691,7
2025-11-02 15:57:22,@AsupanMeong_1,77
2025-11-02 15:57:22,@3loofcl,msi lama jir
2025-11-02 15:57:23,@Rihana_30,7
2025-11-02 15:57:23,@Ardiansyah-w3x,EVOS panas
2025-11-02 15:57:23,@aidanyusuf5029,EVOS kembali masuk goa
2025-11-02 15:57:23,@bagol1281,7
2025-11-02 15:57:23,@vhivhianthi4577,7
2025-11-02 15:57:24,@RinoPratama-mb3th,7
2025-11-02 15:57:24,@jahaboy7639,530 wib baru mula
2025-11-02 15:57:24,@qwertyu3173,sesuai spoiler ya guys onic bakal juara lagi
2025-11-02 15:57:25,@thomstzy,KELAMAAN WOI
2025-11-02 15:57:25,@BangDy24,ELL KUMARRRR
2025-11-02 15:57:25,@sarifhdy1691,7
2025-11-02 15:57:26,@Galangski,7
2025-11-02 15:57:26,@reihanibnu2491,BUZZER SAMSUNG YAPPING
2025-11-02 15:57:26,@Rihana_30,q7
2025-11-02 15:57:27,@syatgmt4702,4-2 AE
2025-11-02 15:57:27,@fadillabunaya5766,jam 6 lewat cokkk mainnya GF
2025-11-02 15:57:29,@AsupanMeong_1,7
2025-11-02 15:57:29,@sarifhdy1691,7
2025-11-02 15:57:29,@Rihana_30,7
2025-11-02 15:57:30,@muhammad_alp1n,garing
2025-11-02 15:57:30,@BRKN_Doom,AE IN 7
2025-11-02 15:57:30,@RinoPratama-mb3th,7
2025-11-02 15:57:30,@AlwiSaputra-z3k,:hand-pink-waving:
2025-11-02 15:57:31,@MuhammadRaihannx,"Buat yang nanya RRQ kemana, RRQ lagi persiapan ke M7 lewat jalur SNBP:cat_with_tears_of_joy:"
2025-11-02 15:57:32,@Lacuerasavage,samsung hpnya bagus ga ngeframe
2025-11-02 15:57:33,@mukhlisgamer2620,lame
2025-11-02 15:57:33,@Rihana_30,7
2025-11-02 15:57:33,@jarr-b3,17.30
2025-11-02 15:57:33,@Galangski,7
2025-11-02 15:57:33,@reihanibnu2491,BUZZER SAMSUNG YAPPING
2025-11-02 15:57:34,@AsupanMeong_1,7
2025-11-02 15:57:35,@RinoPratama-mb3th,7
2025-11-02 15:57:36,@LuthfiInfinix-n5d,Bismillahirrahmanirrahim Alter Ego juara
2025-11-02 15:57:36,@Rihana_30,7
2025-11-02 15:57:37,@Galangski,7
2025-11-02 15:57:37,@bagol1281,7
2025-11-02 15:57:38,@AgusTiyan-ft7oj,hape buat gaming yang Samsung
2025-11-02 15:57:38,@BangDy24,BAXIA MASUK RUMPUT
2025-11-02 15:57:39,@Rihana_30,7
2025-11-02 15:57:39,@Chelsea_Kagura,onicc 
2025-11-02 15:57:39,@AsupanMeong_1,7
2025-11-02 15:57:41,@Galangski,7
2025-11-02 15:57:41,@RinoPratama-mb3th,7
2025-11-02 15:57:42,@BRKN_Doom,AE IN 7
2025-11-02 15:57:42,@Rihana_30,7
2025-11-02 15:57:42,@kongdm_7,PERTHANKAN #7 NYA SMPAI DI M7 YA GUYS!!!
2025-11-02 15:57:43,@sandyoyye5855,sue
2025-11-02 15:57:43,@WahyuAji-e1i,on
2025-11-02 15:57:44,@linnzayaraung-z3e,7
2025-11-02 15:57:45,@AsupanMeong_1,7
2025-11-02 15:57:45,@Rihana_30,7
2025-11-02 15:57:46,@Galangski,7
2025-11-02 15:57:46,@-MuhammadRidhoSyam,7
2025-11-02 15:57:46,@RinoPratama-mb3th,7
2025-11-02 15:57:47,@Rihana_30,7
2025-11-02 15:57:47,@MuhammadRaihannx,"Buat yang nanya RRQ kemana, RRQ lagi persiapan ke M7 lewat jalur SNBP:cat_with_tears_of_joy:"
2025-11-02 15:57:48,@reihanibnu2491,BUZZER SAMSUNG YAPPING
2025-11-02 15:57:49,@MorganClovers,7
2025-11-02 15:57:49,@MrLAWS132,DJ Alex adalah kunci ae
2025-11-02 15:57:50,@auliarahman8509,7 wkakwkwak
2025-11-02 15:57:50,@Lacuerasavage,woi hero gua struk cok
2025-11-02 15:57:50,@nandacekky4170,kingdom nangis season ini
2025-11-02 15:57:51,@Rihana_30,7
2025-11-02 15:57:51,@Galangski,7
2025-11-02 15:57:51,@TicxzAnimator,ALTER EGO JUARA!!:red_exclamation_mark::red_exclamation_mark:
2025-11-02 15:57:51,@fhrzlmlnaazs14__97,dua kata lucu gada yg bisa di pake onic?
2025-11-02 15:57:51,@Zidanalfarizqi-j1l,onic
2025-11-02 15:57:51,@AsupanMeong_1,7
2025-11-02 15:57:51,@-MuhammadRidhoSyam,7
2025-11-02 15:57:51,@muhammadghiyas7637,7
2025-11-02 15:57:52,@RinoPratama-mb3th,7
2025-11-02 15:57:53,@Noname-e7m1j,7
2025-11-02 15:57:55,@Bilbil-Edit2,ae nih
2025-11-02 15:57:55,@Galangski,7
2025-11-02 15:57:55,@Noname-e7m1j,7
2025-11-02 15:57:57,@BangDy24,TANPA RRQ SEPI DEKKKKKK
2025-11-02 15:57:57,@Rendy-kb3yv,GOGO ONICC
2025-11-02 15:57:57,@AsupanMeong_1,7
2025-11-02 15:57:58,@OwghennParker,belum mulai ya kalo udah inpo skor dong
2025-11-02 15:57:58,@pratamarahman1995,ipos main jam berapa?
2025-11-02 15:57:58,@Noname-e7m1j,7
2025-11-02 15:57:59,@Galangski,7
2025-11-02 15:57:59,@Ardiansyah-w3x,EVOS panas kalah sama AE
2025-11-02 15:58:00,@elilestari605,ae juara
2025-11-02 15:58:00,@Noname-e7m1j,7
2025-11-02 15:58:01,@BimaElSharawy,7
2025-11-02 15:58:01,@Bilbil-Edit2,ae
2025-11-02 15:58:02,@abayywrjm,4-3 onic :winking_face_with_tongue:
2025-11-02 15:58:03,@Galangski,7
2025-11-02 15:58:03,@Andreas-n7l,yapinh
2025-11-02 15:58:03,@YanzBen,yve tangerang
2025-11-02 15:58:04,@RinoPratama-mb3th,7
2025-11-02 15:58:04,@BimaElSharawy,7
2025-11-02 15:58:05,@AsupanMeong_1,7
2025-11-02 15:58:05,@AisyahNuraini-i3z8j,berapa matchnya?
2025-11-02 15:58:06,@RianHermantoChannel,evos bertahun2 m seris msna
2025-11-02 15:58:06,@Galangski,7
2025-11-02 15:58:06,@BimaElSharawy,7
2025-11-02 15:58:07,@pratamarahman1995,ipos main jam berapa
2025-11-02 15:58:07,@hansgaming4971,7
2025-11-02 15:58:08,@MuhammadRaihannx,"Buat yang nanya RRQ kemana, RRQ lagi persiapan ke M7 lewat jalur SNBP:cat_with_tears_of_joy:"
2025-11-02 15:58:08,@Ardiansyah-w3x,EVOS panas
2025-11-02 15:58:09,@Andreas-n7l,yaping
2025-11-02 15:58:09,@NeparaNepata,7
2025-11-02 15:58:09,@RinoPratama-mb3th,7
2025-11-02 15:58:09,@BimaElSharawy,7
2025-11-02 15:58:10,@Keiyla_49,pada ngespam Angka 7 jir :loudly_crying_face:
2025-11-02 15:58:10,@Galangski,7
2025-11-02 15:58:10,@fatir6682,7
2025-11-02 15:58:10,@Ellu-n6w,7
2025-11-02 15:58:10,@AsupanMeong_1,7
2025-11-02 15:58:12,@janss-02,EVOS NGAREP KE GRAND FINAL LAWAK
2025-11-02 15:58:12,@reihanibnu2491,LAMA YAPPING
2025-11-02 15:58:12,@pratamarahman1995,ipos main jam berapa
2025-11-02 15:58:12,@hansgaming4971,7
2025-11-02 15:58:13,@DenBaelah,ip enak
2025-11-02 15:58:13,@sarifhdy1691,7
2025-11-02 15:58:13,@Ardiansyah-w3x,evoss panas
2025-11-02 15:58:13,@Ellu-n6w,7
2025-11-02 15:58:13,@NeparaNepata,7
2025-11-02 15:58:14,@orangdalem9260,7
2025-11-02 15:58:14,@RinoPratama-mb3th,7
2025-11-02 15:58:14,@fadillabunaya5766,"yg komen kelamaan, emng msh lama kocak mainnya ciiill"
2025-11-02 15:58:15,@Galangski,7
2025-11-02 15:58:16,@AzfaAlfarizie,7
2025-11-02 15:58:16,@firman9043,8
2025-11-02 15:58:16,@NeparaNepata,7
2025-11-02 15:58:17,@TicxzAnimator,Hanya dia (alekk) akan mengukir sejarah
2025-11-02 15:58:17,@DikaDika-u6l,lama su
2025-11-02 15:58:17,@AzfaAlfarizie,7
2025-11-02 15:58:18,@AzfaAlfarizie,7
2025-11-02 15:58:19,@Galangski,7
2025-11-02 15:58:19,@firman9043,7
2025-11-02 15:58:19,@reihanibnu2491,LAMA YAPPING
2025-11-02 15:58:19,@AzfaAlfarizie,7
2025-11-02 15:58:19,@endytrafalgar2968,7
2025-11-02 15:58:20,@RinoPratama-mb3th,7
2025-11-02 15:58:20,@AzfaAlfarizie,7
2025-11-02 15:58:20,@DikaDika-u6l,lama
2025-11-02 15:58:20,@mrjones1997,p
2025-11-02 15:58:21,@NeparaNepata,7
2025-11-02 15:58:21,@AzfaAlfarizie,7
2025-11-02 15:58:22,@gbfkggghg,7
2025-11-02 15:58:22,@Galangski,7
2025-11-02 15:58:23,@anjaynubs,mulai 17.30
2025-11-02 15:58:23,@orangdalem9260,7
2025-11-02 15:58:24,@NeparaNepata,7
2025-11-02 15:58:24,@AsupanMeong_1,7
2025-11-02 15:58:24,@RinoPratama-mb3th,7
2025-11-02 15:58:25,@MesakhChristian-i2c2i,7
2025-11-02 15:58:25,@MuhammadRaihannx,"Buat yang nanya RRQ kemana, RRQ lagi persiapan ke M7 lewat jalur SNBP:cat_with_tears_of_joy:"
2025-11-02 15:58:25,@firman9043,7
2025-11-02 15:58:25,@zzzz8330,7
2025-11-02 15:58:26,@Keiyla_49,#7 :hugging_face::backhand_index_pointing_up:
2025-11-02 15:58:26,@zeroichi1262,9
2025-11-02 15:58:27,@AguyaBiasalah,7
2025-11-02 15:58:27,@Galangski,7
2025-11-02 15:58:27,@yahyahimni-q7s,AE
2025-11-02 15:58:27,@janss-02,EVOS KOCAK
2025-11-02 15:58:27,@zulfikarjauhari6499,7
2025-11-02 15:58:27,@rillaws2519,77
2025-11-02 15:58:27,@NeparaNepata,7
2025-11-02 15:58:28,@anggalbfjbg8565,#7
2025-11-02 15:58:28,@RinoPratama-mb3th,7
2025-11-02 15:58:28,@AdlifairusAad,7
2025-11-02 15:58:28,@ARTAWGNA,lawakan apa itu
2025-11-02 15:58:29,@MesakhChristian-i2c2i,7
2025-11-02 15:58:29,@UdinDin-m8l,7
2025-11-02 15:58:29,@BangDy24,BIMA JMBD
2025-11-02 15:58:29,@AsupanMeong_1,7
2025-11-02 15:58:29,@khairina3068,7
2025-11-02 15:58:30,@ahmadnuril5291,masih sepi lah. mainya aja jam 6 malam
2025-11-02 15:58:30,@TicxzAnimator,ALTER EGO JUARA BOSEN LIGA TANI
2025-11-02 15:58:30,@bismillah622,7
2025-11-02 15:58:31,@NeparaNepata,7
2025-11-02 15:58:31,@ZeX-ries,Let's Go
2025-11-02 15:58:31,@yahyahimni-q7s,AE
2025-11-02 15:58:31,@argaardiansah6872,7
2025-11-02 15:58:31,@firman9043,7
2025-11-02 15:58:31,@Rzyy5551,7
2025-11-02 15:58:31,@AdlifairusAad,7
2025-11-02 15:58:31,@mellsafilanaputri,7
2025-11-02 15:58:33,@MesakhChristian-i2c2i,7
2025-11-02 15:58:34,@ibadaurahman5105,7
2025-11-02 15:58:34,@argaardiansah6872,7
2025-11-02 15:58:34,@NeparaNepata,7
2025-11-02 15:58:35,@AdlifairusAad,7
2025-11-02 15:58:35,@RinoPratama-mb3th,mulai nya jam 7 malam
2025-11-02 15:58:35,@AsupanMeong_1,7
2025-11-02 15:58:35,@lumajanglumajang2934,bismillah onic menang
2025-11-02 15:58:36,@ブデイ,7
2025-11-02 15:58:36,@muhammadrizkytripermana5047,jam berapa mulai
2025-11-02 15:58:36,@argaardiansah6872,7
2025-11-02 15:58:36,@AlpeeNusNus,7
2025-11-02 15:58:36,@anggalbfjbg8565,#7
2025-11-02 15:58:36,@mrjones1997,semangat
2025-11-02 15:58:36,@AlpeeNusNus,7
2025-11-02 15:58:36,@yahyahimni-q7s,AE
2025-11-02 15:58:37,@AlpeeNusNus,7
2025-11-02 15:58:37,@AlpeeNusNus,7
2025-11-02 15:58:37,@AlpeeNusNus,7
2025-11-02 15:58:37,@AlpeeNusNus,7
2025-11-02 15:58:37,@ZeX-ries,AE
2025-11-02 15:58:38,@NeparaNepata,7
2025-11-02 15:58:38,@ibadaurahman5105,7
2025-11-02 15:58:39,@AdlifairusAad,7
2025-11-02 15:58:40,@ZeX-ries,ONIC
2025-11-02 15:58:40,@Sabbat-v6i,JGN MIMPI DEK MAU 4-2
2025-11-02 15:58:40,@gojiflex,7
2025-11-02 15:58:41,@ibadaurahman5105,7
2025-11-02 15:58:41,@AsupanMeong_1,7
2025-11-02 15:58:41,@TicxzAnimator,ALTER EGO JUARA
2025-11-02 15:58:41,@Nzoz1,7
2025-11-02 15:58:42,@NeparaNepata,7
2025-11-02 15:58:42,@rihwanullukman2312,7
2025-11-02 15:58:42,@adiprastika8643,game nya lagi lama cok???
2025-11-02 15:58:42,@yogaptw5750,7
2025-11-02 15:58:43,@fadhilalkadrie5695,#VivaRRQ
2025-11-02 15:58:43,@ibadaurahman5105,7
2025-11-02 15:58:43,@AdlifairusAad,7
2025-11-02 15:58:44,@REZACREATORLIVE,7
2025-11-02 15:58:44,@andrianpujisetio2307,Bismillah
2025-11-02 15:58:45,@JarhanSoezeta,kode reedem=zoa01azzmkkna9
2025-11-02 15:58:45,@RinoPratama-mb3th,7
2025-11-02 15:58:45,@dpwpkbsulbar8941,PKB MENDUKUNG ALTEREGO
2025-11-02 15:58:45,@Gokgokgokgok1,67
2025-11-02 15:58:46,@REZACREATORLIVE,7
2025-11-02 15:58:47,@Kelvinvn-k,7
2025-11-02 15:58:47,@MuhammadRaihannx,"Buat yang nanya RRQ kemana, RRQ lagi persiapan ke M7 lewat jalur SNBP:cat_with_tears_of_joy:"
2025-11-02 15:58:47,@AsupanMeong_1,7
2025-11-02 15:58:48,@dewiwidiyanti,7
2025-11-02 15:58:48,@kocakgimang9010,EVOS panas :squinting_face_with_tongue::squinting_face_with_tongue::squinting_face_with_tongue::squinting_face_with_tongue::squinting_face_with_tongue::squinting_face_with_tongue:
2025-11-02 15:58:48,@reihanibnu2491,"KOCAK 4-2, ONIC 4-0"
2025-11-02 15:58:48,@mrjones1997,go go go
2025-11-02 15:58:49,@kaiziricuang,67
2025-11-02 15:58:49,@AdlifairusAad,7
2025-11-02 15:58:49,@ibadaurahman5105,7
2025-11-02 15:58:50,@sandyoyye5855,rrq jam berapa
2025-11-02 15:58:50,@yogaptw5750,7
2025-11-02 15:58:50,@Inzzsolouser,7
2025-11-02 15:58:50,@renopml-hj2xe,7
2025-11-02 15:58:51,@anggalbfjbg8565,#7
2025-11-02 15:58:51,@dewiwidiyanti,7
2025-11-02 15:58:51,@JantoAhmad,lama
2025-11-02 15:58:52,@ブデイ,7
2025-11-02 15:58:52,@AzkaGilak-l4s,7
2025-11-02 15:58:52,@dpwpkbsulbar8941,AE
2025-11-02 15:58:53,@ibadaurahman5105,7
2025-11-02 15:58:53,@Nzoz1,4 - 3 onic
2025-11-02 15:58:53,@RinoPratama-mb3th,7
2025-11-02 15:58:54,@reihanibnu2491,"KOCAK 4-2, ONIC 4-0"
2025-11-02 15:58:55,@AdlifairusAad,7
2025-11-02 15:58:55,@drbmonsters1729,let's go ae
2025-11-02 15:58:55,@g.echannel4821,RRQ #7
2025-11-02 15:58:55,@dewiwidiyanti,7
2025-11-02 15:58:55,@UchihaShizui-o8m8y,lamaaa anying
2025-11-02 15:58:56,@AzkaGilak-l4s,7
2025-11-02 15:58:56,@nurulnvrda,lama
2025-11-02 15:58:56,@AsupanMeong_1,7
2025-11-02 15:58:57,@AldiRasya-q3y,7
2025-11-02 15:58:57,@getmerit8518,7
2025-11-02 15:58:58,@RinoPratama-mb3th,7
2025-11-02 15:58:58,@ayundapratiwi6782,70
2025-11-02 15:58:58,@ibadaurahman5105,7
2025-11-02 15:58:59,@AkunYouTubeRumah,7
2025-11-02 15:58:59,@TicxzAnimator,"AE JUARA , BOSEN LIGA TANI"
2025-11-02 15:58:59,@Fendyfendy-i7l,bissmillah gooo onic
2025-11-02 15:58:59,@RanggaAnanta2114,gw tandain lu bang cendy wkwkwk
2025-11-02 15:59:00,@AzkaGilak-l4s,7
2025-11-02 15:59:00,@reihanibnu2491,"KOCAK 4-2, ONIC 4-0"
2025-11-02 15:59:00,@AguyaBiasalah,7
2025-11-02 15:59:01,@AdlifairusAad,7
2025-11-02 15:59:01,@ibadaurahman5105,7
2025-11-02 15:59:02,@DafaMaulana-sf7gx,rrq
2025-11-02 15:59:02,@MuhammadRaihannx,"Buat yang nanya RRQ kemana, RRQ lagi persiapan ke M7 lewat jalur SNBP:cat_with_tears_of_joy:"
2025-11-02 15:59:02,@dewiwidiyanti,7
2025-11-02 15:59:02,@AsupanMeong_1,7
2025-11-02 15:59:03,@delxxxxyyy006,ONIC SELALU
2025-11-02 15:59:03,@dvisyhptr7951,Please Remehin Onic biar menang
2025-11-02 15:59:03,@AzkaGilak-l4s,7
2025-11-02 15:59:03,@sultanaryanagara9775,7
2025-11-02 15:59:04,@dpwpkbsulbar8941,AE
2025-11-02 15:59:04,@RinoPratama-mb3th,7
2025-11-02 15:59:05,@gendutdoni8386,7
2025-11-02 15:59:06,@nandacekky4170,sheesssss
2025-11-02 15:59:06,@dewiwidiyanti,7
2025-11-02 15:59:06,@AzkaGilak-l4s,7
2025-11-02 15:59:07,@Bopak123-s5f,anic
2025-11-02 15:59:07,@RojikinThok,"MPL ID UDAH GA NGANGGEP RRQ , MENDING BUBARIN AJA, RRQ SAMPAH"
2025-11-02 15:59:07,@ibadaurahman5105,7
2025-11-02 15:59:07,@gabrielrealme6483,3-4 Ae
2025-11-02 15:59:08,@anggalbfjbg8565,#7
2025-11-02 15:59:08,@AsupanMeong_1,7
2025-11-02 15:59:09,@ibadaurahman5105,7
2025-11-02 15:59:09,@yhotschartoen7296,ALTER EGO... GO.. GO... GOO
2025-11-02 15:59:09,@kurniachannel8102,viva RRQ
2025-11-02 15:59:09,@AzkaGilak-l4s,7
2025-11-02 15:59:09,@feriputranbb,7
2025-11-02 15:59:09,@dhanyy134,Maennya Jam 17.30 Woiiii
2025-11-02 15:59:09,@AdlifairusAad,7
2025-11-02 15:59:10,@RinoPratama-mb3th,7
2025-11-02 15:59:11,@ibadaurahman5105,7
2025-11-02 15:59:13,@reihanibnu2491,"KOCAK 4-2, ONIC 4-0"
2025-11-02 15:59:13,@JantoAhmad,start 17.30 WIB
2025-11-02 15:59:13,@feriputranbb,7
2025-11-02 15:59:14,@Chelsea_Kagura,bissmillahh onicc 
2025-11-02 15:59:14,@mukhammadfani4581,l
2025-11-02 15:59:14,@TicxzAnimator,AE JUARA BOSEN LIGA TANI
2025-11-02 15:59:14,@AsupanMeong_1,7
2025-11-02 15:59:14,@SPIDERMANABALABAL,mau menang mau kalah AE selalu di hati
2025-11-02 15:59:15,@RinoPratama-mb3th,7
2025-11-02 15:59:15,@ibadaurahman5105,7
2025-11-02 15:59:15,@AdlifairusAad,7
2025-11-02 15:59:16,@gums5660,tebak skor ges
2025-11-02 15:59:16,@feriputranbb,7
2025-11-02 15:59:17,@sarifhdy1691,7
2025-11-02 15:59:17,@sarifhdy1691,7
2025-11-02 15:59:17,@mohsholehuddin9945,7
2025-11-02 15:59:18,@sarifhdy1691,7
2025-11-02 15:59:18,@ibadaurahman5105,7
2025-11-02 15:59:18,@reihanibnu2491,"KOCAK 4-2, ONIC 4-0"
2025-11-02 15:59:18,@Kyss404,7
2025-11-02 15:59:19,@feriputranbb,7
2025-11-02 15:59:19,@RinoPratama-mb3th,7
2025-11-02 15:59:19,@AsupanMeong_1,7
2025-11-02 15:59:19,@elilestari605,o
2025-11-02 15:59:21,@ibadaurahman5105,7
2025-11-02 15:59:21,@AdlifairusAad,7
2025-11-02 15:59:22,@AudyBella,LAMA AMAT ITU TASA NGOMONG
2025-11-02 15:59:22,@feriputranbb,7
2025-11-02 15:59:22,@ILYpolyPo,LANGSUNG SAJA KASIH PIALA KE AIRAIRQIU:squinting_face_with_tongue::backhand_index_pointing_up:
2025-11-02 15:59:22,@kurniachannel8102,viva RRQ
2025-11-02 15:59:22,@MuhammadRaihannx,"Buat yang nanya RRQ kemana, RRQ lagi persiapan ke M7 lewat jalur SNBP:cat_with_tears_of_joy:"
2025-11-02 15:59:23,@elilestari605,n
2025-11-02 15:59:23,@UtamiFitriyanti,kebayakan iklan kayak sinetron indosiar
2025-11-02 15:59:23,@ANIMALSHORTSAI22,final onic vs evos jam berapa
2025-11-02 15:59:23,@riyanto2377,lama anjg
2025-11-02 15:59:23,@ibadaurahman5105,7
2025-11-02 15:59:24,@RinoPratama-mb3th,7
2025-11-02 15:59:24,@reihanibnu2491,"KOCAK 4-2, ONIC 4-0"
2025-11-02 15:59:25,@AsupanMeong_1,7
2025-11-02 15:59:26,@pkyouka,7
2025-11-02 15:59:26,@KobraMagicChess,ae yang menang
2025-11-02 15:59:26,@ibadaurahman5105,7
2025-11-02 15:59:26,@elilestari605,i
2025-11-02 15:59:27,@Arya-jx2ny,7
2025-11-02 15:59:27,@sultanaryanagara9775,7
2025-11-02 15:59:27,@fesdika1270,8
2025-11-02 15:59:28,@TicxzAnimator,ALTER EGO SIAP MENGUKIR SEJARAH
2025-11-02 15:59:29,@Temi-m2f,onik
2025-11-02 15:59:29,@daftar7879,7
2025-11-02 15:59:29,@AdlifairusAad,7
2025-11-02 15:59:29,@Arya-jx2ny,7
2025-11-02 15:59:29,@AhmadIzzat-ux3tg,onicc
2025-11-02 15:59:30,@Tigris_prams,7
2025-11-02 15:59:31,@AsupanMeong_1,7
2025-11-02 15:59:31,@osopnihboss,7
2025-11-02 15:59:31,@elilestari605,c
2025-11-02 15:59:31,@JOJUW0701,Semua predik AE waduh bahaya ni pasif onik pada keluar bakal di bungkam semua ni mulut org org 
2025-11-02 15:59:31,@RinoPratama-mb3th,7
2025-11-02 15:59:31,@ahmatrafit1277,7
2025-11-02 15:59:32,@mrjones1997,p
2025-11-02 15:59:34,@FahimNa-vt6tg,7
2025-11-02 15:59:34,@zeroichi1262,ayo ambil
2025-11-02 15:59:34,@ibadaurahman5105,7
2025-11-02 15:59:35,@reihanibnu2491,"KOCAK 4-2, ONIC 4-0"
2025-11-02 15:59:35,@cecekamaludin4,mending onic lawan rrq dri PDA lawan ae
2025-11-02 15:59:35,@fesdika1270,8
2025-11-02 15:59:37,@zersikmaskibidi2,AE PHOKEE WOKKK MANA MENANG
2025-11-02 15:59:37,@AsupanMeong_1,7 7
2025-11-02 15:59:38,@rubhstory006,7
2025-11-02 15:59:39,@sultanaryanagara9775,7
2025-11-02 15:59:39,@RinoPratama-mb3th,7
2025-11-02 15:59:40,@sitikhodizahhasibuan212,:dothefive:
2025-11-02 15:59:40,@JantoAhmad,start 17.30 WIB
2025-11-02 15:59:40,@reihanibnu2491,"KOCAK 4-2, ONIC 4-0"
2025-11-02 15:59:41,@g.echannel4821,RRQ #7
2025-11-02 15:59:41,@rubhstory006,7
2025-11-02 15:59:42,@gilvxx.,Apa yang diliat co
2025-11-02 15:59:42,@NayakaJulian-hj9iv,7
2025-11-02 15:59:43,@calvinraihan897,7
2025-11-02 15:59:43,@AsupanMeong_1,7
2025-11-02 15:59:43,@MU-os8qk,Main jam 5 kaahh ??
2025-11-02 15:59:45,@FahimNa-vt6tg,bismillah 7
2025-11-02 15:59:46,@kurniachannel8102,viva RRQ
2025-11-02 15:59:46,@RinoPratama-mb3th,7
2025-11-02 15:59:46,@jarr-b3,17.30
2025-11-02 15:59:48,@daniely4573,7
2025-11-02 15:59:48,@agies_dinata5182,8
2025-11-02 15:59:48,@reihanibnu2491,"KOCAK 4-2, ONIC 4-0"
2025-11-02 15:59:48,@AsupanMeong_1,7
2025-11-02 15:59:49,@Egar8910,dapet apa bang
2025-11-02 15:59:51,@RinoPratama-mb3th,7
2025-11-02 15:59:51,@akbarbye1912,7
2025-11-02 15:59:51,@Tigris_prams,4-3 AE
2025-11-02 15:59:51,@FahimNa-vt6tg,amin 7
2025-11-02 15:59:52,@akbarbye1912,7
2025-11-02 15:59:52,@mrjones1997,:face-blue-smiling:
2025-11-02 15:59:52,@akbarbye1912,7
2025-11-02 15:59:53,@AsupanMeong_1,8
2025-11-02 15:59:53,@akbarbye1912,7
2025-11-02 15:59:53,@TicxzAnimator,ALTER EGO JUARA BOSEN LIGA TANI
2025-11-02 15:59:53,@agies_dinata5182,7
2025-11-02 15:59:53,@MuhammadRaihannx,"Buat yang nanya RRQ kemana, RRQ lagi persiapan ke M7 lewat jalur SNBP:cat_with_tears_of_joy:"
2025-11-02 15:59:53,@akbarbye1912,7
2025-11-02 15:59:53,@kurniachannel8102,viva RRQ
2025-11-02 15:59:53,@akbarbye1912,7
2025-11-02 15:59:54,@yayanbodrek4293,lama
2025-11-02 15:59:54,@rifkicandra9362,AE 4 3 onic go go go
2025-11-02 15:59:54,@FadlanAlan-gt3tu,skin 7 banyak amat kemarin EVOS is back sekarang anterego
2025-11-02 15:59:55,@fadillabunaya5766,"WOI CIL, MAINNYA EMNG JAM 17.30 WIB, NGAPAIN NGOMEL BILANG KELAMAAN"
2025-11-02 15:59:55,@Egar8910,baca chatku bg
2025-11-02 15:59:55,@sultanaryanagara9775,7
2025-11-02 15:59:56,@Kanjeng00,bismillah onic
2025-11-02 15:59:56,@RinoPratama-mb3th,7
2025-11-02 15:59:56,@fadlynoeer1927,7
2025-11-02 15:59:57,@Sabbat-v6i,ONIC MENANG 4-1
2025-11-02 15:59:57,@pavelll7,kenapa tiba-tiba ada cendol jing
2025-11-02 15:59:57,@SitiAisyah-v5h1n,iya jam 5
2025-11-02 15:59:57,@AsupanMeong_1,7
2025-11-02 15:59:57,@toglokmaju,dukung yang menang aja
2025-11-02 15:59:58,@yohanestheo_,7
2025-11-02 15:59:59,@1ups378,EVOS M-SERIES DI GOA BARENG RRQ:rolling_on_the_floor_laughing::rolling_on_the_floor_laughing::rolling_on_the_floor_laughing:
2025-11-02 16:00:00,@reihanibnu2491,"KOCAK 4-2, ONIC 4-0"
2025-11-02 16:00:00,@RinoPratama-mb3th,7
2025-11-02 16:00:00,@AzHudAdiwirya,dapet skin balmond sanrio jirrr
2025-11-02 16:00:01,@DimasBagas-q4w,jam brpa sih mulai nya bang
2025-11-02 16:00:01,@akbarbye1912,7
2025-11-02 16:00:02,@AudyBella,KAPAN MAIN BOTAKSS
2025-11-02 16:00:03,@agies_dinata5182,7
2025-11-02 16:00:03,@ZakiZima-sn8uf,jambet main
2025-11-02 16:00:03,@Bejoaaja,7
2025-11-02 16:00:04,@RinoPratama-mb3th,7
2025-11-02 16:00:06,@AsupanMeong_1,7
2025-11-02 16:00:06,@akbarbye1912,7
2025-11-02 16:00:08,@RinoPratama-mb3th,7
2025-11-02 16:00:11,@Lacuerasavage,lama
2025-11-02 16:00:11,@MuhammadRaihannx,"Buat yang nanya RRQ kemana, RRQ lagi persiapan ke M7 lewat jalur SNBP:cat_with_tears_of_joy:"
2025-11-02 16:00:12,@PutuDanang,AE menang 3-1
2025-11-02 16:00:12,@ZakiZima-sn8uf,jamber main
2025-11-02 16:00:12,@RinoPratama-mb3th,7
2025-11-02 16:00:13,@AsupanMeong_1,7
2025-11-02 16:00:15,@diyaslj3001,sepi
2025-11-02 16:00:15,@Danzskuy13,7
2025-11-02 16:00:15,@aeribastian4774,7
2025-11-02 16:00:16,@akbarbye1912,7
2025-11-02 16:00:16,@RinoPratama-mb3th,7
2025-11-02 16:00:17,@akbarbye1912,7
2025-11-02 16:00:17,@AhmadIzzat-ux3tg,bismillah onic
2025-11-02 16:00:18,@1ups378,EVOS M-SERIES DI GOA BARENG RRQ:rolling_on_the_floor_laughing::rolling_on_the_floor_laughing::rolling_on_the_floor_laughing:
2025-11-02 16:00:18,@Junita-c2k,lesgo AAAEEE
2025-11-02 16:00:18,@chandrabagasard,Bismillah AE juara 
2025-11-02 16:00:19,@ILYpolyPo,botak mainin
2025-11-02 16:00:19,@riansuryapradja9660,jam berapa iniiii
2025-11-02 16:00:19,@mrjones1997,go go go
2025-11-02 16:00:19,@barunteu2993,jam berapa mulaii nya
2025-11-02 16:00:20,@suamk7257,7
2025-11-02 16:00:20,@shiroyuki5535,7
2025-11-02 16:00:20,@WahyuFirman-v9c,king ae nih bos
2025-11-02 16:00:21,@akbarbye1912,7
2025-11-02 16:00:22,@alpitoapriliansa0456,7
2025-11-02 16:00:22,@shiroyuki5535,7
2025-11-02 16:00:23,@shiroyuki5535,7
2025-11-02 16:00:23,@TicxzAnimator,"AYO DUKUNG ALTER EGO, BOSEN LIGA TANI GAK SI"
2025-11-02 16:00:23,@FahdilAjaa-o9q7,onic onic
2025-11-02 16:00:23,@nightbot,MPL ID dengan tegas menentang segala bentuk perjudian & mendukung kompetisi yang adil dan berintegritas. Mari kita bangun komunitas yang menghormati nilai-nilai sportivitas dalam dunia esports!
2025-11-02 16:00:23,@ditzz1234y,7
2025-11-02 16:00:23,@Tom95695,7
2025-11-02 16:00:23,@shiroyuki5535,7
2025-11-02 16:00:24,@shiroyuki5535,7
2025-11-02 16:00:25,@ilhamduwi-z1c,7
2025-11-02 16:00:25,@shiroyuki5535,7
2025-11-02 16:00:25,@shiroyuki5535,7
2025-11-02 16:00:26,@akbarbye1912,7
2025-11-02 16:00:28,@DennskyX,7
2025-11-02 16:00:30,@DenBaelah,lama
2025-11-02 16:00:33,@TarakaArdani,tes
2025-11-02 16:00:33,@bangbem1995,44
2025-11-02 16:00:34,@DennskyX,1
2025-11-02 16:00:34,@idristrifambudi1176,7
2025-11-02 16:00:34,@EvansiusFitro-h8s,onicccv
2025-11-02 16:00:35,@ditzz1234y,7
2025-11-02 16:00:35,@andrejunianto8635,KING EVOS UDH DI FINAL
2025-11-02 16:00:35,@whymustme8994,jam brp ini mulai?
2025-11-02 16:00:35,@Rafly_22,7
2025-11-02 16:00:35,@rizkyryzal,INFO RRQ MAIN JAM BRP?
2025-11-02 16:00:35,@MuhammadRaihannx,"Buat yang nanya RRQ kemana, RRQ lagi persiapan ke M7 lewat jalur SNBP:cat_with_tears_of_joy:"
2025-11-02 16:00:36,@suamk7257,7
2025-11-02 16:00:37,@bangbem1995,4
2025-11-02 16:00:38,@AsupanMeong_1,7
2025-11-02 16:00:38,@ZakiZima-sn8uf,jamber main
2025-11-02 16:00:39,@DenBaelah,kebanyakan yapping lol
2025-11-02 16:00:39,@reskybriliandaru489,7
2025-11-02 16:00:39,@Rafly_22,7
2025-11-02 16:00:39,@joyboy66647,7
2025-11-02 16:00:39,@idristrifambudi1176,7
2025-11-02 16:00:40,@KamisaltoAyanaon,7
2025-11-02 16:00:40,@DennskyX,7
2025-11-02 16:00:40,@bilalakbar7660,7
2025-11-02 16:00:41,@aishTzy,jam berapa mainnya weee
2025-11-02 16:00:41,@suamk7257,7
2025-11-02 16:00:42,@FlapTzyyy-qh4et,7
2025-11-02 16:00:42,@Lebronpacesunda,BOCIL EVOS KARBITAN MASIH BANYAK TERNYATA YAH. SAMPE NGGA TERIMA KALAU RRQ DIUNDANG GOF. TANPA HARUS JUARA INTERNATION TAPI RRQ KELAS DUNIA
2025-11-02 16:00:42,@chcllte8728,feeling sih ae yg menang nih
2025-11-02 16:00:42,@aeribastian4774,7
2025-11-02 16:00:42,@Jokikopi,lama sat
2025-11-02 16:00:43,@KamisaltoAyanaon,7
2025-11-02 16:00:43,@diyaslj3001,sepii
2025-11-02 16:00:43,@Westlyn202,7
2025-11-02 16:00:44,@RRQR7-h3b,:face-blue-smiling:7
2025-11-02 16:00:44,@gilangjulian7946,4-2 for onic
2025-11-02 16:00:44,@AsupanMeong_1,7
2025-11-02 16:00:44,@ArfanTegi,BISMILLAH ONIC MENAG:palms_up_together:
2025-11-02 16:00:45,@SuhardiAl-o7f,onic
2025-11-02 16:00:45,@Rafly_22,7
2025-11-02 16:00:45,@Synagimank,Onic 4-1 AE
2025-11-02 16:00:46,@husnanhadip7819,200
2025-11-02 16:00:46,@RinoPratama-mb3th,jawaban nya 7
2025-11-02 16:00:46,@KamisaltoAyanaon,7
2025-11-02 16:00:46,@Hendra_14h,7
2025-11-02 16:00:46,@fillahsyahrir2710,ELTER EGO GO GO GO
2025-11-02 16:00:46,@gorykondake2230,7
2025-11-02 16:00:47,@RuzyT-e1t,7
2025-11-02 16:00:47,@aeribastian4774,7
2025-11-02 16:00:47,@rambipuji,4000 mah
2025-11-02 16:00:47,@RajaSegalanya-b3c9e,7000
2025-11-02 16:00:47,@dubidamdam6531,12000
2025-11-02 16:00:47,@reihanibnu2491,LAMA YAPPING
2025-11-02 16:00:48,@Yadi-cw4gm,6000
2025-11-02 16:00:48,@masnun555,7
2025-11-02 16:00:49,@gassd7,100
2025-11-02 16:00:49,@26_8e_kmyudaputrawiguna4,5.000 mah
2025-11-02 16:00:49,@zorojuro1775,5000
2025-11-02 16:00:49,@suamk7257,7
2025-11-02 16:00:50,@KhairinSukma,7500mah
2025-11-02 16:00:50,@idristrifambudi1176,7
2025-11-02 16:00:50,@gassd7,200
2025-11-02 16:00:50,@Mar_skiddd,5200mah
2025-11-02 16:00:50,@bilalakbar7660,7
2025-11-02 16:00:50,@nurfaidah1984,100
2025-11-02 16:00:50,@fikarumaron4095,5000 maH
2025-11-02 16:00:51,@pandesetiawan7957,6000mAh
2025-11-02 16:00:51,@reihanibnu2491,LAMA YAPPING
2025-11-02 16:00:52,@ARDI-96-vft,lamaaaaaa kaliiiiii
2025-11-02 16:00:52,@AudyBella,GAME PALING LAMA DI INDONESIA WKWKWKKW
2025-11-02 16:00:53,@RinoPratama-mb3th,7 bang
2025-11-02 16:00:53,@gassd7,12000
2025-11-02 16:00:53,@SinZui-qi4fc,150
2025-11-02 16:00:53,@andrejunianto8635,DUA KATA LUCU TEVOS M7
2025-11-02 16:00:54,@gassd7,12000
2025-11-02 16:00:54,@Tejoo-r3k,lama banget
2025-11-02 16:00:54,@sajanshrestha763,game starting time
2025-11-02 16:00:54,@hanzssssss,[ffd700]eon
2025-11-02 16:00:55,@aira-w5s,lama nya
2025-11-02 16:00:55,@gassd7,120001
2025-11-02 16:00:55,@DedeAfrian-g1q,jm berapa main yh bg
2025-11-02 16:00:55,@Synagimank,Onic 4-1 AE
2025-11-02 16:00:55,@rivalayusmanto6351,7000 mah
2025-11-02 16:00:56,@gorykondake2230,7
2025-11-02 16:00:56,@Lebronpacesunda,BOCIL EVOS KARBITAN MASIH BANYAK TERNYATA YAH. SAMPE NGGA TERIMA KALAU RRQ DIUNDANG GOF. TANPA HARUS JUARA INTERNATION TAPI RRQ KELAS DUNIA
2025-11-02 16:00:56,@mukhlisgamer2620,7000
2025-11-02 16:00:57,@falz6969,7500
2025-11-02 16:00:57,@RinoPratama-mb3th,7
2025-11-02 16:00:57,@oncommmmm,6000mah
2025-11-02 16:00:58,@KamisaltoAyanaon,7
2025-11-02 16:00:58,@LostKazen,7 mAH
2025-11-02 16:00:58,@AsupanMeong_1,7
2025-11-02 16:00:58,@HIBURANABADI,rrq lwan apa nh
2025-11-02 16:00:59,@reihanibnu2491,LAMA YAPPING
2025-11-02 16:01:00,@Keiyla_49,yapping mula et dah
2025-11-02 16:01:00,@muhammadrasyidabdirawioffi9715,5000 mah
2025-11-02 16:01:00,@Rafly_22,7
2025-11-02 16:01:00,@fadillabunaya5766,MAINNYA ENTAR 17.30 WIB
2025-11-02 16:01:00,@RirinDwiAgustina-l5r,100
2025-11-02 16:01:01,@RinoPratama-mb3th,7
2025-11-02 16:01:01,@MizranChenel,26ZN2B433VHD3BX8
2025-11-02 16:01:01,@MuhammadRaihannx,"Buat yang nanya RRQ main jam berapa, RRQ lagi persiapan ke M7 lewat jalur SNBP:cat_with_tears_of_joy:"
2025-11-02 16:01:02,@pendekwood9022,12000
2025-11-02 16:01:02,@HamdanYusuf-x7w,75000 mh
2025-11-02 16:01:02,@AlreschaFasya,5000mh
2025-11-02 16:01:03,@Autobotssoldier,jam BRP mulainya bang
2025-11-02 16:01:03,@arilnurfirman9901,7
2025-11-02 16:01:03,@king-kickk77,EVOS KEMARIN SENGAJA NGALAH BIAR AE BISA NGERASAIN GRAND FINAL LAGI KASIANN
2025-11-02 16:01:03,@Amir-v1p2b,"3 kata lucu, ipos is bakkk"
2025-11-02 16:01:03,@ChmnkZieck-e8g5k,silit
2025-11-02 16:01:04,@Lebronpacesunda,BOCIL EVOS KARBITAN MASIH BANYAK TERNYATA YAH. SAMPE NGGA TERIMA KALAU RRQ DIUNDANG GOF. TANPA HARUS JUARA INTERNATION TAPI RRQ KELAS DUNIA
2025-11-02 16:01:04,@RinoPratama-mb3th,7
2025-11-02 16:01:04,@AsupanMeong_1,rr7
2025-11-02 16:01:04,@ArbyMx,PENGALIHAN ISU TETAP KAWAL 7
2025-11-02 16:01:04,@reihanibnu2491,LAMA YAPPING
2025-11-02 16:01:05,@rizkyryzal,INFO RRQ MAIN JAM BRP?
2025-11-02 16:01:05,@Zyann1922,8000
2025-11-02 16:01:05,@DedeAfrian-g1q,jm berapa main yh bg
2025-11-02 16:01:06,@Cumyy-z2d,lama
2025-11-02 16:01:07,@TicxzAnimator,ALTER EGO JUARA BOSEN LIGA TANI
2025-11-02 16:01:08,@diberi.syafaat,7
2025-11-02 16:01:08,@RirinDwiAgustina-l5r,100
2025-11-02 16:01:08,@AriWibowo-j5j,4-2ae
2025-11-02 16:01:08,@ZulArfan-cv7ti,LANGSUNG KASIH AJA PIALANYA KE ONIC
2025-11-02 16:01:08,@andikaputra5120,lama amat
2025-11-02 16:01:09,@1ups378,EVOS M-SERIES DI GOA BARENG RRQ:rolling_on_the_floor_laughing::rolling_on_the_floor_laughing::rolling_on_the_floor_laughing:
2025-11-02 16:01:09,@TingkasArdhiansyah,#7
2025-11-02 16:01:09,@rimuruuuz,7
2025-11-02 16:01:09,@Lebronpacesunda,BOCIL EVOS KARBITAN MASIH BANYAK TERNYATA YAH. SAMPE NGGA TERIMA KALAU RRQ DIUNDANG GOF. TANPA HARUS JUARA INTERNATION TAPI RRQ KELAS DUNIA
2025-11-02 16:01:10,@LostKazen,7
2025-11-02 16:01:11,@reihanibnu2491,LAMA YAPPING
2025-11-02 16:01:12,@LostKazen,7
2025-11-02 16:01:13,@suamk7257,7
2025-11-02 16:01:13,@AsupanMeong_1,7
2025-11-02 16:01:15,@gerhardbenjamin8369,"ini ada apaan dulu sebelum maen, fun match kah?"
2025-11-02 16:01:16,@Lebronpacesunda,BOCIL EVOS KARBITAN MASIH BANYAK TERNYATA YAH. SAMPE NGGA TERIMA KALAU RRQ DIUNDANG GOF. TANPA HARUS JUARA INTERNATION TAPI RRQ KELAS DUNIA
2025-11-02 16:01:17,@LisnaWati-q6d,:face_vomiting:
2025-11-02 16:01:17,@AsupanMeong_1,7
2025-11-02 16:01:18,@reihanibnu2491,LAMA YAPPING
2025-11-02 16:01:18,@vitosimatupang2297,Cepaaaat
2025-11-02 16:01:18,@kangahmad6070,4900
2025-11-02 16:01:18,@Lebronpacesunda,BOCIL EVOS KARBITAN MASIH BANYAK TERNYATA YAH. SAMPE NGGA TERIMA KALAU RRQ DIUNDANG GOF. TANPA HARUS JUARA INTERNATION TAPI RRQ KELAS DUNIA
2025-11-02 16:01:19,@suamk7257,7
2025-11-02 16:01:20,@Keiyla_49,cepat woy mie gw keburu abis nih
2025-11-02 16:01:21,@yogaptw5750,7
2025-11-02 16:01:22,@DenBaelah,lama yapping
2025-11-02 16:01:22,@AsupanMeong_1,7
2025-11-02 16:01:23,@Lebronpacesunda,BOCIL EVOS KARBITAN MASIH BANYAK TERNYATA YAH. SAMPE NGGA TERIMA KALAU RRQ DIUNDANG GOF. TANPA HARUS JUARA INTERNATION TAPI RRQ KELAS DUNIA
2025-11-02 16:01:24,@zyyy27,LAMA BANGET JIR
2025-11-02 16:01:24,@suamk7257,7
2025-11-02 16:01:26,@AsupanMeong_1,7
2025-11-02 16:01:28,@refannurfallah534,7
2025-11-02 16:01:28,@DevitaIndriawardani,lama bgt :loudly_crying_face::loudly_crying_face:
2025-11-02 16:01:28,@sisuinobi2.,onic 4:0
2025-11-02 16:01:28,@Lebronpacesunda,BOCIL EVOS KARBITAN MASIH BANYAK TERNYATA YAH. SAMPE NGGA TERIMA KALAU RRQ DIUNDANG GOF. TANPA HARUS JUARA INTERNATION TAPI RRQ KELAS DUNIA
2025-11-02 16:01:28,@shandiirwanto1150,7
2025-11-02 16:01:29,@SuciRamadani-ot7by,lama bener
2025-11-02 16:01:29,@reihanibnu2491,LAMA YAPPING
2025-11-02 16:01:30,@FactsD.Dragon,7
2025-11-02 16:01:30,@AsupanMeong_1,7
2025-11-02 16:01:31,@KhairinSukma,7
2025-11-02 16:01:31,@perwirayudha301,andryjunianto pendukung pepequ
2025-11-02 16:01:32,@Lebronpacesunda,BOCIL EVOS KARBITAN MASIH BANYAK TERNYATA YAH. SAMPE NGGA TERIMA KALAU RRQ DIUNDANG GOF. TANPA HARUS JUARA INTERNATION TAPI RRQ KELAS DUNIA
2025-11-02 16:01:32,@shandiirwanto1150,7
2025-11-02 16:01:34,@LuckyBrilian,ae 4-0
2025-11-02 16:01:34,@AsupanMeong_1,7
2025-11-02 16:01:36,@Lebronpacesunda,BOCIL EVOS KARBITAN MASIH BANYAK TERNYATA YAH. SAMPE NGGA TERIMA KALAU RRQ DIUNDANG GOF. TANPA HARUS JUARA INTERNATION TAPI RRQ KELAS DUNIA
2025-11-02 16:01:36,@reihanibnu2491,LAMA YAPPING
2025-11-02 16:01:37,@KhairinSukma,7
2025-11-02 16:01:37,@shandiirwanto1150,7
2025-11-02 16:01:38,@rusminirusmini3401,semoga AE menang
2025-11-02 16:01:39,@AsupanMeong_1,7
2025-11-02 16:01:39,@BIGBOSSMV23,kan di jam jadwal sudah jelas jam 17.30 . gk usah berisik
2025-11-02 16:01:39,@tanzcc11,ONIC
2025-11-02 16:01:40,@MuhammadRaihannx,"Buat yang nanya RRQ main jam berapa, RRQ lagi persiapan ke M7 lewat jalur SNBP:cat_with_tears_of_joy:"
2025-11-02 16:01:41,@jauhari3399,#7
2025-11-02 16:01:41,@Lebronpacesunda,BOCIL EVOS KARBITAN MASIH BANYAK TERNYATA YAH. SAMPE NGGA TERIMA KALAU RRQ DIUNDANG GOF. TANPA HARUS JUARA INTERNATION TAPI RRQ KELAS DUNIA
2025-11-02 16:01:41,@m.hidayat6337,4700
2025-11-02 16:01:41,@nurfaidah1984,100
2025-11-02 16:01:43,@anakboboiboy134,7
2025-11-02 16:01:43,@AsupanMeong_1,7
2025-11-02 16:01:43,@imambeledeg-d9w,:winking_face_with_tongue::backhand_index_pointing_up:
2025-11-02 16:01:43,@shandiirwanto1150,7
2025-11-02 16:01:44,@refannurfallah534,7
2025-11-02 16:01:44,@bayumokoagow9228,7
2025-11-02 16:01:45,@mynameismork5117,"skrg rrq digoa, dlu rrq suka banget cencengin onik pas s9. skrg dmna lo rrq"
2025-11-02 16:01:45,@reihanibnu2491,LAMA YAPPING
2025-11-02 16:01:46,@perwirayudha301,pepequ M7
2025-11-02 16:01:48,@fauzihardianto9110,makin besar tim makin banyak pengusik #vivaRRQ
2025-11-02 16:01:48,@RekorDunia-sx4qj,inget cuman evos punya mserie
2025-11-02 16:01:50,@RadityaAprilioK,7
2025-11-02 16:01:51,@jarr-b3,17.30 start the game
2025-11-02 16:01:51,@fauzihardianto9110,makin besar tim makin banyak pengusik #vivaRRQ
2025-11-02 16:01:51,@AsupanMeong_1,7
2025-11-02 16:01:51,@reihanibnu2491,LAMA YAPPING
2025-11-02 16:01:52,@anandanurdiyaman1709,lama
2025-11-02 16:01:52,@jokocintung5383,onic juaranya tau gak lhu
2025-11-02 16:01:53,@ferryferry6262,kelamaan yaping kasih aja piala nya ke onic....
2025-11-02 16:01:53,@TicxzAnimator,ALTER EGO GOD GOD GOD
2025-11-02 16:01:53,@FactsD.Dragon,7
2025-11-02 16:01:54,@fahridays,7
2025-11-02 16:01:54,@HaicalrizkiRustandi,onicccc
2025-11-02 16:01:54,@dikaaaaaa_,7
2025-11-02 16:01:55,@RayyEdit,RRQ KEMANAAA
2025-11-02 16:01:55,@AsupanMeong_1,7
2025-11-02 16:01:55,@fauzihardianto9110,makin besar tim makin banyak pengusik #vivaRRQ
2025-11-02 16:01:57,@gamegaming-f03f,7
2025-11-02 16:01:58,@Putune-Warden,7
2025-11-02 16:01:58,@fahridays,7
2025-11-02 16:01:59,@Gokgokgokgok1,setingan
2025-11-02 16:01:59,@AsupanMeong_1,7
2025-11-02 16:02:00,@fauzihardianto9110,makin besar tim makin banyak pengusik #vivaRRQ
2025-11-02 16:02:00,@lokardoajensius6050,ONIC GO Go
2025-11-02 16:02:01,@gamegaming-f03f,7
2025-11-02 16:02:01,@reihanibnu2491,LAMA YAPPING
2025-11-02 16:02:02,@fahridays,7
2025-11-02 16:02:03,@siro-g2g,7
2025-11-02 16:02:04,@AsupanMeong_1,7
2025-11-02 16:02:04,@y42k11,lama
2025-11-02 16:02:05,@fauzihardianto9110,makin besar tim makin banyak pengusik #vivaRRQ
2025-11-02 16:02:05,@junlee3164,RRQ JAM BERPA YA
2025-11-02 16:02:05,@AsfaAlthaf,TAUUU AJA KALO GW IRI
2025-11-02 16:02:06,@gamegaming-f03f,7
2025-11-02 16:02:07,@mynameismork5117,dlu onic menang s9 dikatain ga pantes sama fans ererqi. skrg rrq dimana wleee
2025-11-02 16:02:08,@fahridays,7
2025-11-02 16:02:08,@kujiz358,orang sendiri itu mah
2025-11-02 16:02:08,@MuhammadRaihannx,"Buat yang nanya RRQ main jam berapa, RRQ lagi persiapan ke M7 lewat jalur SNBP:cat_with_tears_of_joy:"
2025-11-02 16:02:11,@smokefromlordkorankap44,"Pada hari itu orang-orang yang zalim berkata, 'Ya Tuhan kami, hilangkanlah siksaan ini dari kami, karena kami telah beriman"
2025-11-02 16:02:11,@arlojibestf,evos
2025-11-02 16:02:11,@juandatriirjayantoIbrahim,kelamaan
2025-11-02 16:02:12,@jawheadmultiverse,Halah hoax itu org dalem
2025-11-02 16:02:12,@gamegaming-f03f,7
2025-11-02 16:02:13,@DaffaQolbii,77
2025-11-02 16:02:13,@taktau1622,"3 KATA LUCU "" EVOS IS BAKKK """
2025-11-02 16:02:14,@reihanibnu2491,LAMA YAPPING
2025-11-02 16:02:14,@zh4rr6741,KETIK 1 UNTUK ALTERCHAMP
2025-11-02 16:02:15,@dunzgaming7927,Scamm
2025-11-02 16:02:15,@arlojibestf,evos
2025-11-02 16:02:15,@haluluqueenzbrg1,setingan
2025-11-02 16:02:15,@herugstra,Viva babadut
2025-11-02 16:02:17,@fahridays,7
2025-11-02 16:02:17,@TicxzAnimator,ONIC BAKAL DIPRESS
2025-11-02 16:02:19,@Syamsul_anugrah21,Ud gas aja mainya
2025-11-02 16:02:21,@arlojibestf,evos
2025-11-02 16:02:21,@reihanibnu2491,LAMA YAPPING
2025-11-02 16:02:22,@juandatriirjayantoIbrahim,kebanyakan yapping doang
2025-11-02 16:02:23,@taku-reba,isinya hp oppo wkwk
2025-11-02 16:02:23,@yukiitoru-c1d,mulai gamenya kan 17:30
2025-11-02 16:02:25,@Flickr_123,go baby
2025-11-02 16:02:25,@fahridays,7
2025-11-02 16:02:26,@RullyLidiawati,7
2025-11-02 16:02:27,@AsupanMeong_1,7
2025-11-02 16:02:29,@reihanibnu2491,LAMA YAPPING
2025-11-02 16:02:30,@galihagustino8793,LAMA YAPPING
2025-11-02 16:02:30,@arlojibestf,EVOS
2025-11-02 16:02:30,@AsupanMeong_1,7
2025-11-02 16:02:30,@herugstra,Evos is baok
2025-11-02 16:02:30,@taktau1622,"3 KATA LUCU "" EVOS IS BAKKK """
2025-11-02 16:02:31,@GrandmaxTurbo,1
2025-11-02 16:02:31,@MuhammadRaihannx,"Buat yang nanya RRQ main jam berapa, RRQ lagi persiapan ke M7 lewat jalur SNBP:cat_with_tears_of_joy:"
2025-11-02 16:02:32,@fahridays,7
2025-11-02 16:02:32,@Syahrilm139,"lamaaaaa, mgebosenin ni pembawa acara dua orang ini"
2025-11-02 16:02:32,@yusufalvaro2246,jam 18.00 keknya mulai draft:rolling_on_the_floor_laughing:
2025-11-02 16:02:33,@ZigaGoro,yappingggg mulu
2025-11-02 16:02:33,@priaberkulithitam,AE BAKAL BUKA PUASA HARI INI
2025-11-02 16:02:34,@AsupanMeong_1,7
2025-11-02 16:02:34,@TicxzAnimator,ALTER EGO SIAP MENGUKIR SEJARAH
2025-11-02 16:02:35,@truefolse08,KOK SAMSUNG
2025-11-02 16:02:35,@yogaptw5750,:winking_face_with_tongue::backhand_index_pointing_down:
2025-11-02 16:02:36,@nazhrulhidayat,ordal wkwk
2025-11-02 16:02:36,@Ben-om8gc,yg dapat jga orang2nya jga
2025-11-02 16:02:37,@reihanibnu2491,LAMA YAPPING
2025-11-02 16:02:37,@ondaycraft1323,#7 mulu perasaan
2025-11-02 16:02:37,@arlojibestf,evos
2025-11-02 16:02:37,@rafiramadhanAriq,onic juara lagi
2025-11-02 16:02:38,@sugihrasa5055,wkwkwk bukan hp
2025-11-02 16:02:38,@galihagustino8793,YAPPING
2025-11-02 16:02:39,@AsupanMeong_1,7
2025-11-02 16:02:40,@dunzgaming7927,nt samsung
2025-11-02 16:02:41,@arlojibestf,evos
2025-11-02 16:02:43,@galihagustino8793,YAPPING
2025-11-02 16:02:43,@kucinggaming217,evos is bak
2025-11-02 16:02:43,@AsupanMeong_1,7
2025-11-02 16:02:44,@junlee3164,RRQ apa jadi restrem semua sekarang member nya
2025-11-02 16:02:44,@kamelionggg20,semoga Onic menang juara aamiin yaAllah :smiling_face_with_halo::yellow_heart::sparkles:
2025-11-02 16:02:44,@Syamsul_anugrah21,Penipuan
2025-11-02 16:02:45,@taktau1622,"YANG LALU BIARLAH BERLALU SEKARANG INI LH SAATNYA "" EVOS IS BAKKK """
2025-11-02 16:02:46,@arlojibestf,evos
2025-11-02 16:02:47,@reihanibnu2491,LAMA YAPPING
2025-11-02 16:02:47,@galihagustino8793,YAPPING
2025-11-02 16:02:48,@januu2728,bilang aje iri ga dapet hp
2025-11-02 16:02:48,@MuhammadRaihannx,"Buat yang nanya RRQ main jam berapa, RRQ lagi persiapan ke M7 lewat jalur SNBP:cat_with_tears_of_joy:"
2025-11-02 16:02:49,@AntoPremium,jam brpa
2025-11-02 16:02:50,@nurfaidah1984,ma
2025-11-02 16:02:50,@Radenminnn,"YOKKKK AEE JUARAAAAAA, BISMILLAHIRRAHMANIRRAHIM.."
2025-11-02 16:02:51,@galihagustino8793,YAPPING
2025-11-02 16:02:51,@zh4rr6741,:face-blue-smiling:
2025-11-02 16:02:52,@eszhajea,"weitss gausah.. ketauan nanti, samsung sejutaan"
2025-11-02 16:02:52,@damiengregoriussagala9796,anak ayam
2025-11-02 16:02:53,@AudyBella,KEBANYAKAN BACOT GAK ADA MPL YAA
2025-11-02 16:02:53,@yusufalvaro2246,gasss
2025-11-02 16:02:54,@fahridays,7
2025-11-02 16:02:54,@galihagustino8793,YAPPING
2025-11-02 16:02:55,@dwpchanel265,buru pamit
2025-11-02 16:02:55,@Adhikaputra-ox6gr,iri yg bilang isinya oppo
2025-11-02 16:02:56,@reihanibnu2491,LAMA YAPPING
2025-11-02 16:02:56,@priaberkulithitam,AE BAKAL BUKA PUASA
2025-11-02 16:02:57,@galihagustino8793,YAPPING
2025-11-02 16:02:57,@TicxzAnimator,ALTER EGO JUARA
2025-11-02 16:02:57,@Kenzie22283,#7
2025-11-02 16:02:57,@faiqkhoismet9372,lama
2025-11-02 16:02:57,@fahridays,7
2025-11-02 16:02:58,@ZigaGoro,gocap ae nih
2025-11-02 16:03:00,@galihagustino8793,YAPPING
2025-11-02 16:03:00,@reihanibnu2491,LAMA YAPPING
2025-11-02 16:03:00,@Lincon_12,Lama
2025-11-02 16:03:01,@arifarmTV,Redeem dimanaa
2025-11-02 16:03:01,@Tyan11,RRQ Maen jam brp?
2025-11-02 16:03:01,@yusufalvaro2246,gasss
2025-11-02 16:03:02,@king-kickk77,EVOS SENGAJA NGALAH SAMA AE SOAL NYA KALO GA NGALAH NTAR EVOS PUNYA 2 M SERIES
2025-11-02 16:03:02,@Lincon_12,Lamaa
2025-11-02 16:03:03,@galihagustino8793,YAPPING
2025-11-02 16:03:03,@mynameismork5117,FANS RRQ MASI DENIAL KALO ONIC SEJAGO INI. RRQ DIMANA SKRG. MASI INGET GAK S9 ONIC DIKATAIN KINGDOM LMAO
2025-11-02 16:03:03,@drezxponi,7:winking_face_with_tongue::backhand_index_pointing_up:
2025-11-02 16:03:04,@LukiKata,spam lama
2025-11-02 16:03:04,@RatuVelissa,onic kesayangan mlbb padahal yg banyak fans nya rrq
2025-11-02 16:03:05,@afrebilal2121,yuh ndang di mulai
2025-11-02 16:03:06,@taktau1622,"3 KATA LUCU "" EVOS IS BAKKK """
2025-11-02 16:03:06,@galihagustino8793,YAPPING
2025-11-02 16:03:06,@Lincon_12,Lamaa
2025-11-02 16:03:07,@fahridays,7
2025-11-02 16:03:08,@zatnikadwi,AE JUARA
2025-11-02 16:03:08,@Lincon_12,Lamaaa
2025-11-02 16:03:10,@galihagustino8793,YAPPING
2025-11-02 16:03:10,@matsuzakashiro,Hp gw spek nya diatas samsnug
2025-11-02 16:03:11,@Flickr_123,tu ju h
2025-11-02 16:03:11,@Lincon_12,Lamaa
2025-11-02 16:03:11,@AndreanAndre-y8o,7
2025-11-02 16:03:11,@ariefsaripudin4367,kpan mulai?
2025-11-02 16:03:12,@faiqkhoismet9372,onic
2025-11-02 16:03:12,@fahridays,7
2025-11-02 16:03:13,@reihanibnu2491,LAMA YAPPING
2025-11-02 16:03:13,@galihagustino8793,YAPPING
2025-11-02 16:03:13,@Sugini-17,ALTEREGO GO GO GO
2025-11-02 16:03:13,@Lincon_12,Lamaa
2025-11-02 16:03:14,@airchannel9237,host taeeee
2025-11-02 16:03:15,@AndreanAndre-y8o,7
2025-11-02 16:03:16,@Lincon_12,Lamaa
2025-11-02 16:03:16,@afrebilal2121,yuh ndang di mulai
2025-11-02 16:03:16,@anggitpras999,kabanyakan judol mpl
2025-11-02 16:03:16,@jhoviehartomoe1865,dukung aee
2025-11-02 16:03:16,@khairulumam242,"yang bilang lama, lihat jadwal mulai matchnya lah"
2025-11-02 16:03:17,@arlojibestf,Evos... evos.. evos
2025-11-02 16:03:17,@galihagustino8793,Yapping
2025-11-02 16:03:18,@MuhammadRaihannx,"Buat yang nanya RRQ main jam berapa, RRQ lagi persiapan ke M7 lewat jalur SNBP:cat_with_tears_of_joy:"
2025-11-02 16:03:20,@amamltki,onic
2025-11-02 16:03:20,@iyus15kece65,Yapping
2025-11-02 16:03:20,@fahridays,7
2025-11-02 16:03:21,@galihagustino8793,YAPPING
2025-11-02 16:03:21,@LukiKata,spam lama
2025-11-02 16:03:21,@reihanibnu2491,LAMA YAPPING
2025-11-02 16:03:21,@taktau1622,"3 KATA LUCU "" EVOS IS BAKKK """
2025-11-02 16:03:22,@diyaslj3001,sepiii
2025-11-02 16:03:22,@Lincon_12,Lamaalamaa
2025-11-02 16:03:24,@meyoomar,Lah belum mula
2025-11-02 16:03:24,@21maret06,maen jamber?
2025-11-02 16:03:24,@galihagustino8793,YAPPING
2025-11-02 16:03:24,@zh4rr6741,ini yg bilang lama sabar napa jam 17.30 / 18.00
2025-11-02 16:03:26,@ferisaputra5026,LAMA !!!
2025-11-02 16:03:27,@arlojibestf,evos
2025-11-02 16:03:27,@Lincon_12,Lama
2025-11-02 16:03:27,@taktau1622,"3 KATA LUCU "" EVOS IS BAKKK """
2025-11-02 16:03:27,@amamltki,onic
2025-11-02 16:03:27,@mynameismork5117,RRQ SKIN M8
2025-11-02 16:03:28,@galihagustino8793,YAPPING
2025-11-02 16:03:28,@zatnikadwi,YANG GA LOLOS PLAYOFF GA DI AJAK
2025-11-02 16:03:29,@reihanibnu2491,LAMA YAPPING
2025-11-02 16:03:29,@AnakSekolahan19,Epos Is Bag
2025-11-02 16:03:30,@hobbpakey,Setingan Parahhh
2025-11-02 16:03:32,@Syamsul_anugrah21,Lamaaaaaaaa
2025-11-02 16:03:32,@UlilMutakin,ae juara
2025-11-02 16:03:32,@LukiKata,spamm lama
2025-11-02 16:03:32,@Lincon_12,Lamaaa woy
2025-11-02 16:03:32,@galihagustino8793,YAPPING
2025-11-02 16:03:33,@siro-g2g,7
2025-11-02 16:03:33,@taku-reba,gasabar nonton rrq jam 7
2025-11-02 16:03:34,@jhoviehartomoe1865,alter ego gogogo
2025-11-02 16:03:34,@SitiAisyah-v5h1n,itu setengah jam lgi mulai
2025-11-02 16:03:34,@TicxzAnimator,"ALTER EGO YANG DULU BUKANLAH YANG SEKARANG, INGAT ITU, AE JUARA :red_exclamation_mark::red_exclamation_mark:"
2025-11-02 16:03:35,@ars993,AE juara season ini
2025-11-02 16:03:35,@aditpd49,onic aninggggggg
2025-11-02 16:03:35,@Syamsul_anugrah21,Woyyy
2025-11-02 16:03:36,@king-kickk77,sejam lagi anyink
2025-11-02 16:03:36,@Lincon_12,Lamaa woyy
2025-11-02 16:03:37,@Zyann1922,sabar makanya
2025-11-02 16:03:37,@Hendri-q6h,lama
2025-11-02 16:03:38,@AkunYouTubeRumah,RRQ BOT
2025-11-02 16:03:38,@restufadillah1811,7
2025-11-02 16:03:38,@reihanibnu2491,LAMA YAPPING
2025-11-02 16:03:38,@mynameismork5117,RRQ SKIN CLAUDE M8
2025-11-02 16:03:39,@ferisaputra5026,ABIS MAGHRIB AJA SEKALIAN MULAI NYA
2025-11-02 16:03:39,@Hendri-q6h,lama
2025-11-02 16:03:40,@muhdfirdaus7406,Anjai sidai
2025-11-02 16:03:41,@Lincon_12,Lamaa woyy
2025-11-02 16:03:41,@LukiKata,lamaaa
2025-11-02 16:03:42,@wanaja-c6r,lama woi
2025-11-02 16:03:42,@LabiLabipink,AE
2025-11-02 16:03:43,@AnakSekolahan19,Epos Is Bag
2025-11-02 16:03:43,@nurfaidah1984,(mulai) jam 17:30
2025-11-02 16:03:44,@Hendri-q6h,lama
2025-11-02 16:03:44,@Lincon_12,Lamaa
2025-11-02 16:03:45,@fajarbu,7
2025-11-02 16:03:45,@RosidaS-ht5ns,lah lama banget
2025-11-02 16:03:45,@TicxzAnimator,"ALTER EGO YANG DULU BUKANLAH YANG SEKARANG, INGAT ITU, AE JUARA :red_exclamation_mark::red_exclamation_mark:"
2025-11-02 16:03:46,@reihanibnu2491,LAMA YAPPING
2025-11-02 16:03:47,@jhoviehartomoe1865,yuk aeee
2025-11-02 16:03:48,@islaminuris50,lama banget
2025-11-02 16:03:48,@Lincon_12,Lamaaa woy
2025-11-02 16:03:48,@KhairulAzzam-m6q,masihh lama jirr:loudly_crying_face::loudly_crying_face:
2025-11-02 16:03:48,@Hendri-q6h,lama
2025-11-02 16:03:49,@LukiKata,lama
2025-11-02 16:03:49,@randipangestu7938,yg bilang lama bego
2025-11-02 16:03:50,@BengkelMikdan,Nino mode serius jangn main2 loh
2025-11-02 16:03:52,@Mr.XxxxxxXxxxXxxx209,konoha
2025-11-02 16:03:52,@Lincon_12,Lamaaa woy
2025-11-02 16:03:52,@junlee3164,RRQ JADI restream aja jangan main di mpl pemainnya
2025-11-02 16:03:52,@LukiKata,lama
2025-11-02 16:03:52,@taktau1622,"YANG LALU BIARLAH BERLALU SEKARANG INI LH SAATNYA "" EVOS IS BAKKK """
2025-11-02 16:03:53,@Zyann1922,jam 5 mulainyaa
2025-11-02 16:03:54,@LukyArdian-tw4ht,Jadi orang tuh jangan pada dongo dah match nya kapan mulai mikir begoo
2025-11-02 16:03:55,@muhammadridho4765,info nobar di bali dong
2025-11-02 16:03:56,@TicxzAnimator,"ALTER EGO YANG DULU BUKANLAH YANG SEKARANG, INGAT ITU, AE JUARA :red_exclamation_mark::red_exclamation_mark:"
2025-11-02 16:03:56,@reihanibnu2491,LAMA YAPPING
2025-11-02 16:03:57,@sergioahmad3453,"katakan PD dunia ,, EVOS ia back"
2025-11-02 16:03:57,@Lincon_12,Lamaaa woy
2025-11-02 16:03:57,@RosidaS-ht5ns,1 jam lagi kurang
2025-11-02 16:03:58,@LukiKata,lamaa
2025-11-02 16:03:59,@MarselinoApriliano,"dalam nama Tuhan yesus, all in untuk AE, Selama penantian panjang,"
2025-11-02 16:03:59,@jhoviehartomoe1865,ae yuk
2025-11-02 16:04:01,@MelatiMel-r6z6z,fans 7 baik diam
2025-11-02 16:04:01,@Lincon_12,Lamaa
2025-11-02 16:04:01,@LukiKata,lamaa
2025-11-02 16:04:02,@rhomaaprian3280,gass ken
2025-11-02 16:04:03,@zh4rr6741,17.30 yak semoga
2025-11-02 16:04:03,@priaberkulithitam,AE BAKAL BUKA PUASA HARI INI DENGAN ALEK MENJAD FINAL MVP
2025-11-02 16:04:04,@Superrr_24,"3 KATA LUCU "" RRQ LAGI DI GOA"":face-red-droopy-eyes:"
2025-11-02 16:04:04,@mynameismork5117,skin M8 RRQ NANANG
2025-11-02 16:04:05,@Lincon_12,Laama woy
2025-11-02 16:04:06,@nharrisadysha,Adohhh lamonyoo
2025-11-02 16:04:07,@grs_ggpla9710,mikir lh udh dikasih waktu buat nonton ini masih waktu buat sponsor byk bgt yg ngeluh lama kalau gk gini ngapain brand kasih sponsor kalau gk di tampilin
2025-11-02 16:04:07,@LukiKata,lamaaaaaaa
2025-11-02 16:04:07,@reihanibnu2491,LAMA YAPPING
2025-11-02 16:04:07,@Lincon_12,Lamaaa
2025-11-02 16:04:07,@AkunYouTubeRumah,RRQ KONCET
2025-11-02 16:04:08,@wednesee,moderator kerja keras
2025-11-02 16:04:08,@diyaslj3001,lama co bubar aja mpl
2025-11-02 16:04:08,@ffajrichannel,yang bilang lama bego
2025-11-02 16:04:11,@Lincon_12,Lamaaa
2025-11-02 16:04:12,@NoName-jv4bw,astaga 46 menit wkqkw
2025-11-02 16:04:13,@islaminuris50,46 menit
2025-11-02 16:04:14,@taku-reba,7
2025-11-02 16:04:15,@TicxzAnimator,"ALTER EGO YANG DULU BUKANLAH YANG SEKARANG, INGAT ITU, AE JUARA :red_exclamation_mark::red_exclamation_mark:"
2025-11-02 16:04:16,@reihanibnu2491,LAMA YAPPING
2025-11-02 16:04:17,@nichokoko,AE next Champion
2025-11-02 16:04:19,@fachryradhityainsani,luamaaa
2025-11-02 16:04:19,@simontokshort,main nya nanti jam 8 malam
2025-11-02 16:04:20,@kongdm_7,PERTHANKAN #7 NYA SMPAI DI M7 YA GUYS!!!
2025-11-02 16:04:21,@ars993,AE
2025-11-02 16:04:22,@FITRIYANIRAHMARIANTI,LAMA
2025-11-02 16:04:22,@Lincon_12,Lama
2025-11-02 16:04:22,@Cipungpung-g9z,mulai jm setengah 7
2025-11-02 16:04:24,@Flickr_123,gera ombeh
2025-11-02 16:04:24,@MelatiMel-r6z6z,fans 7 baik diam
2025-11-02 16:04:25,@Lincon_12,Lamaa
2025-11-02 16:04:25,@LukiKata,lamaaaa aaaaaaaa
2025-11-02 16:04:27,@simontokshort,main nya nanti jam 8 malam
2025-11-02 16:04:28,@reihanibnu2491,LAMA YAPPING
2025-11-02 16:04:28,@Vxyneo,bosan cepat siii
2025-11-02 16:04:28,@MuhammadRaihannx,"Buat yang nanya RRQ main jam berapa, RRQ lagi persiapan ke M7 lewat jalur SNBP :winking_face_with_tongue: 7"
2025-11-02 16:04:30,@kujiz358,lama
2025-11-02 16:04:30,@yogaptw5750,"entah ae atau onic yg menang, yg penting sama-sama ke M7"
2025-11-02 16:04:31,@ffajrichannel,yg bilang lama bubar aja mpl bego
2025-11-02 16:04:32,@nurfaidah1984,makanya liat jadwal mpl nama jadwalnya
2025-11-02 16:04:32,@MPLIndonesia,Bantu kami jadi lebih baik dengan mengisi link berikut https://survey.deltafindertech.com/t/...
2025-11-02 16:04:35,@fahridays,7
2025-11-02 16:04:35,@ardianpasha9490,7
2025-11-02 16:04:35,@AtoMic24747,7:index_pointing_up::clown_face:
2025-11-02 16:04:35,@erica-njz,samsung jelek
2025-11-02 16:04:36,@nurdinsaepulbagja9581,gila lama banget dari jam 2 lebih cok
2025-11-02 16:04:36,@AnakSekolahan19,Semoga Onic Juara
2025-11-02 16:04:36,@simontokshort,main nya nanti jam 8 malam
2025-11-02 16:04:36,@Lincon_12,LAMA
2025-11-02 16:04:38,@fahridays,7
2025-11-02 16:04:38,@faa2213,main nya ajam set 6
2025-11-02 16:04:38,@omkomet7390,AE JUARA yok bisa yok
2025-11-02 16:04:39,@AriesOctavian-kc6rv,lama
2025-11-02 16:04:39,@TicxzAnimator,"ALTER EGO YANG DULU BUKANLAH YANG SEKARANG, INGAT ITU, AE JUARA :red_exclamation_mark::red_exclamation_mark:"
2025-11-02 16:04:40,@davinasomething,"AE boleh lah Juara, bosen onic mulu"
2025-11-02 16:04:41,@fahridays,7
2025-11-02 16:04:43,@Keiyla_49,sudahi yapping nya batre saya sisa 14
2025-11-02 16:04:43,@AgusTiyan-ft7oj,"lama lama, bapa lu suruh bikin acara biar cepet jangan acar orang lu bilang cepet"
2025-11-02 16:04:43,@Lincon_12,lAMA
2025-11-02 16:04:45,@NoName-jv4bw,YUK KELUAR DULU BUANG2 DATA
2025-11-02 16:04:46,@gorykondake2230,onic 2 - 4 AEe
2025-11-02 16:04:47,@K2_gaming09,ae siap mengukir sejarah
2025-11-02 16:04:47,@aliffs,PASTI EL EL QI MAIN MCGH
2025-11-02 16:04:48,@aira-w5s,sidai
2025-11-02 16:04:48,@RaynaldiYoga,ko bukan evos
2025-11-02 16:04:49,@meyoomar,Babahahaahahha
2025-11-02 16:04:49,@mynameismork5117,SEMOGA RRQ JUARA WKWK
2025-11-02 16:04:50,@Lincon_12,LAMA
2025-11-02 16:04:50,@christovmanginsihi8793,kasian yg pake kuota wkwkwk
2025-11-02 16:04:51,@zxy23-23,astagfirullah
2025-11-02 16:04:51,@TicxzAnimator,"ALTER EGO YANG DULU BUKANLAH YANG SEKARANG, INGAT ITU, AE JUARA :red_exclamation_mark::red_exclamation_mark:"
2025-11-02 16:04:52,@MuhammadRaihannx,"Buat yang nanya RRQ main jam berapa, RRQ lagi persiapan ke M7 lewat jalur SNBP :winking_face_with_tongue: 7"
2025-11-02 16:04:52,@zh4rr6741,noh 45 menit
2025-11-02 16:04:52,@taktau1622,"3 KATA LUCU "" EVOS IS BAKKK """
2025-11-02 16:04:53,@AgungAgung-v2e,Nino mode tidur
2025-11-02 16:04:54,@MAZZBRYAN,:winking_face_with_tongue::backhand_index_pointing_up:
2025-11-02 16:04:55,@meyoomar,Disidai sampah kering
2025-11-02 16:04:56,@AkunYouTubeRumah,"MANA NIH RAJA DARI SEGALA RAJA, CUMAN BISA DI GOS YA? NOOB SI"
2025-11-02 16:04:56,@reihanibnu2491,lama 45 menit
2025-11-02 16:04:56,@MelatiMel-r6z6z,fans 7 baik diam
2025-11-02 16:04:57,@AnakSekolahan19,45 Menit
2025-11-02 16:04:57,@Keiyla_49,woy lah
2025-11-02 16:04:57,@fansfe2417,lama ni ajggg
2025-11-02 16:04:57,@mirzasyahputra8329,lama kali
2025-11-02 16:04:57,@AmbaTuBaraa,onic let's gooo
2025-11-02 16:04:58,@rizkyrial9443,di timur jam 8 cokk
2025-11-02 16:04:58,@daboy1853,M7 NIHHH
2025-11-02 16:05:00,@ramlisolahudin2729,7
2025-11-02 16:05:00,@RIVALDOROMPAS-p7x,masih lama k?
2025-11-02 16:05:00,@kongdm_7,PERTHANKAN #7 NYA SMPAI DI M7 YA GUYS!!!
2025-11-02 16:05:00,@shiroyuki5535,7
2025-11-02 16:05:01,@reihanibnu2491,lama 45 menit
2025-11-02 16:05:02,@shiroyuki5535,7
2025-11-02 16:05:03,@erica-njz,jangan beli samsung jelek
2025-11-02 16:05:04,@maspratama2518,"all in AE,bosen liat onic juara"
2025-11-02 16:05:04,@LoraID,sama aja selesai Maghriban ini
2025-11-02 16:05:04,@shiroyuki5535,7
2025-11-02 16:05:05,@TicxzAnimator,"ALTER EGO YANG DULU BUKANLAH YANG SEKARANG, INGAT ITU, AE JUARA :red_exclamation_mark::red_exclamation_mark:"
2025-11-02 16:05:06,@majidtamam812,pasti itu habis isya juga mainnya
2025-11-02 16:05:07,@gorykondake2230,AE 4 - 2 ONIC
2025-11-02 16:05:07,@shiroyuki5535,7
2025-11-02 16:05:08,@Utabaa,"yang bilang lama minim literasi bjir, udah tau ada waktu mulai nya, masih aja protes"
2025-11-02 16:05:09,@RaynaldiYoga,Ko bukan Epos
2025-11-02 16:05:09,@MAZZBRYAN,:winking_face_with_tongue::backhand_index_pointing_up:
2025-11-02 16:05:10,@shiroyuki5535,7
2025-11-02 16:05:10,@taktau1622,"3 KATA LUCU "" EVOS IS BAKKK """
2025-11-02 16:05:10,@hdiyuselcool6444,woilah sejam lagi
2025-11-02 16:05:10,@EndogBalapEndogBalap,mpl edan mau magrib baru mau main
2025-11-02 16:05:11,@DoniJuliana-w1e,pqk pulung alhamdulillah
2025-11-02 16:05:11,@daboy1853,ONIC 5JT NIH
2025-11-02 16:05:11,@MuhammadRaihannx,"Buat yang nanya RRQ main jam berapa, RRQ lagi persiapan ke M7 lewat jalur SNBP :winking_face_with_tongue: 7"
2025-11-02 16:05:11,@Signature_07,lm kmbing
2025-11-02 16:05:12,@shiroyuki5535,7
2025-11-02 16:05:12,@mirzasyahputra8329,woi mpl lama kali
2025-11-02 16:05:13,@AlexRidokakmallillah,lamaa banget
2025-11-02 16:05:13,@Malinghpmaling,masi 1 jam ngapain
2025-11-02 16:05:14,@RitaRosita-yw9ss,lol
2025-11-02 16:05:14,@shiroyuki5535,7
2025-11-02 16:05:15,@KontolMUpecah,onic back to back
2025-11-02 16:05:16,@royarmansyah3224,info skor
2025-11-02 16:05:16,@shiroyuki5535,7
2025-11-02 16:05:17,@aliffs,wkwkwk mampusss
2025-11-02 16:05:18,@Roydelocelso,7
2025-11-02 16:05:19,@shiroyuki5535,7
2025-11-02 16:05:20,@reihanibnu2491,1 JAM DENGAR YAPPING JIR
2025-11-02 16:05:20,@MAZZBRYAN,:winking_face_with_tongue::backhand_index_pointing_up:
2025-11-02 16:05:21,@Keiyla_49,"dari pada lama,mau ngobrol-ngobrol dulu gak?"
2025-11-02 16:05:21,@shiroyuki5535,7
2025-11-02 16:05:22,@junlee3164,Kita masih bisa kingdom tapi s 30 baru bsa juara mpl:rolling_on_the_floor_laughing::rolling_on_the_floor_laughing:
2025-11-02 16:05:23,@WilLiAgatha,17:15 itu ngapain pada buru buru
2025-11-02 16:05:23,@daboy1853,onic 5jt nih
2025-11-02 16:05:24,@MelatiMel-r6z6z,fans 7 baik diam
2025-11-02 16:05:25,@andimimin69,LAMA CUK SUDAH JELAS CARI CINCIN AJA AMA TROPHY YAH ONIC LAH
2025-11-02 16:05:25,@AgusTiyan-ft7oj,makanya di sekolah belajar ngitung jam jangan main doang
2025-11-02 16:05:26,@tyosahmad3249,cok
2025-11-02 16:05:26,@reihanibnu2491,1 JAM DENGAR YAPPING JIR
2025-11-02 16:05:26,@RitaRosita-yw9ss,lama lebay bngt bnyk acara
2025-11-02 16:05:29,@TicxzAnimator,"ALTER EGO YANG DULU BUKANLAH YANG SEKARANG, INGAT ITU, AE JUARA :red_exclamation_mark::red_exclamation_mark:"
2025-11-02 16:05:30,@majidtamam812,paling enggak itu isya main itu
2025-11-02 16:05:32,@ziraviani,IKLAN NYA BISA SINGKIRIN GK:loudly_crying_face::loudly_crying_face::loudly_crying_face:
2025-11-02 16:05:34,@reihanibnu2491,1 JAM DENGAR YAPPING JIR
2025-11-02 16:05:34,@taktau1622,"YANG LALU BIARLAH BERLALU SEKARANG INI LH SAATNYA "" EVOS IS BAKKK "" LANGSUNG TLPH KATA ADEH"
2025-11-02 16:05:36,@moklgaming1445,gooo AE
2025-11-02 16:05:38,@SugandaGan-g2d,info loker
2025-11-02 16:05:39,@MirfanMaulana-z7p,gimmick hadiah ny 
2025-11-02 16:05:39,@MuhammadRaihannx,"Buat yang nanya RRQ main jam berapa, RRQ lagi persiapan ke M7 lewat jalur SNBP :winking_face_with_tongue: 7"
2025-11-02 16:05:43,@reihanibnu2491,1 JAM DENGAR YAPPING JIR
2025-11-02 16:05:44,@GiovanniM-hw2rq,let's go AE #HOKIBUDE
2025-11-02 16:05:44,@bogel2780,.
2025-11-02 16:05:45,@MirfanMaulana-z7p,pemenang ny jg
2025-11-02 16:05:49,@aisyaplg2589,AE 4 -0 ONIC #8 BOOM #8
2025-11-02 16:05:49,@azzy2010,AE bisa kalo ya bismilah
2025-11-02 16:05:49,@daboy1853,onic 5jt nih
2025-11-02 16:05:50,@AnakTamvan-g4c,GRAND FINALS TANPA RRQ SEPI WKWKWK
2025-11-02 16:05:50,@reihanibnu2491,1 JAM DENGAR YAPPING JIR
2025-11-02 16:05:52,@MelatiMel-r6z6z,fans 7 baik diam
2025-11-02 16:05:54,@abdulrasyid3473,onik ayam
2025-11-02 16:05:54,@ArielTVChannel,1 jam njir
2025-11-02 16:05:55,@MuhammadRaihannx,"Buat yang nanya RRQ main jam berapa, RRQ lagi persiapan ke M7 lewat jalur SNBP :winking_face_with_tongue: 7"
2025-11-02 16:05:55,@HLVQset1awan,77
2025-11-02 16:05:56,@aisyaplg2589,AE 4 -0 ONIC #8 BOOM #8
2025-11-02 16:05:58,@fhaderaalbany9217,"nunggu dari jm 2, anying blm mulai !"
2025-11-02 16:05:59,@MAZZBRYAN,:winking_face_with_tongue::backhand_index_pointing_up:
2025-11-02 16:05:59,@OkeOkela-n8t,muani mas Amba :nerd_face:
2025-11-02 16:05:59,@HLVQset1awan,7
2025-11-02 16:05:59,@reihanibnu2491,1 JAM DENGAR YAPPING JIR
2025-11-02 16:06:02,@HLVQset1awan,77
2025-11-02 16:06:03,@SugandaGan-g2d,INFO LOKER
2025-11-02 16:06:03,@AgusTiyan-ft7oj,kalau lama suruh bapa lu bikin. acara sendiri
2025-11-02 16:06:03,@alfimuhammad5396,mas cen bungkuk amat
2025-11-02 16:06:03,@reyzalkurniawan8934,filing ku ae beruntung lagi hari ini
2025-11-02 16:06:05,@musliadiLiadi-o4u,onik 4 vs 2 auterigo
2025-11-02 16:06:06,@HLVQset1awan,77
2025-11-02 16:06:08,@reihanibnu2491,1 JAM DENGAR YAPPING JIR
2025-11-02 16:06:09,@HLVQset1awan,:folded_hands:7
2025-11-02 16:06:12,@abdulrasyid3473,4 1 AE menang
2025-11-02 16:06:13,@ADITIASIBORO,KONGDOM NANGIS AJA DI GOA SANA
2025-11-02 16:06:13,@EndogBalapEndogBalap,"bubar"" buang kuota mau magrib baru main"
2025-11-02 16:06:13,@HLVQset1awan,7
2025-11-02 16:06:14,@Abdi.12,besok mulainya nih
2025-11-02 16:06:17,@MuhammadRaihannx,"Buat yang nanya RRQ main jam berapa, RRQ lagi persiapan ke M7 lewat jalur SNBP :winking_face_with_tongue: 7"
2025-11-02 16:06:17,@Ltngwhyu_,"Jeje offlen , pindah sini"
2025-11-02 16:06:17,@lirba_07,info loker pak
2025-11-02 16:06:18,@reihanibnu2491,1 JAM DENGAR YAPPING JIR
2025-11-02 16:06:18,@MAZZBRYAN,:winking_face_with_tongue::backhand_index_pointing_up:
2025-11-02 16:06:19,@MelatiMel-r6z6z,fans 7 baik diam
2025-11-02 16:06:19,@bagindaasyraq,"UDAHLAH ONIC YANG MENANG, CABUT KELEN"
2025-11-02 16:06:19,@MuhammadSurazt,SERU SI INI TAPI SORRY AE PIALA MPL BUAT ONIC
2025-11-02 16:06:20,@AnakTamvan-g4c,7
2025-11-02 16:06:22,@Suhyeonn1,44 ????????
2025-11-02 16:06:23,@randajunaidi7,Onic juara
2025-11-02 16:06:23,@AnakTamvan-g4c,7
2025-11-02 16:06:26,@Shanzuna7,AE M7 jir lah
2025-11-02 16:06:26,@Keiyla_49,広告をやめる
2025-11-02 16:06:26,@Suhyeonn1,44mn??
2025-11-02 16:06:27,@AhmadAlfin-q7w,alter ego go go goooooo
2025-11-02 16:06:27,@kunaise,Semoga RRQ MENANG AMIN
2025-11-02 16:06:29,@black_inside28,6ptg start
2025-11-02 16:06:29,@studiofunnyplus62,yohh lamaa
2025-11-02 16:06:31,@balooon9792,GG ALTER EGO
2025-11-02 16:06:32,@fauzihardianto9110,makin besar tim makin banyak pengusik #vivaRRQ
2025-11-02 16:06:35,@junlee3164,Katanya rrq sekarang beli pemain kamboja
2025-11-02 16:06:36,@MelatiMel-r6z6z,fans 7 baik diam
2025-11-02 16:06:37,@ahmadmullaabdurrohimkamilu3556,4-3 menang onic
2025-11-02 16:06:37,@DaniArdiansyah-y9y,letsgo onic letsgo alter igo
2025-11-02 16:06:38,@yudiemelonk6035,7
2025-11-02 16:06:38,@manuhuy3437,Goonikkkkkkk
2025-11-02 16:06:38,@MAZZBRYAN,:winking_face_with_tongue::backhand_index_pointing_up:
2025-11-02 16:06:38,@MuhammadRaihannx,"Buat yang nanya RRQ main jam berapa, RRQ lagi persiapan ke M7 lewat jalur SNBP :winking_face_with_tongue: 7"
2025-11-02 16:06:39,@kucrutbayu1912,ALTEREGO GO GO
2025-11-02 16:06:40,@yuliansyahkurnia5908,kemengan tipis
2025-11-02 16:06:41,@SenyukahJaya,jam berpa main nya ni
2025-11-02 16:06:42,@rivai_kdr,fungsi iklan?
2025-11-02 16:06:43,@ziraviani,UDH INIMAH ONIC YG MENANG
2025-11-02 16:06:44,@YouZie111,7
2025-11-02 16:06:45,@bogel2780,b....
2025-11-02 16:06:47,@fauzihardianto9110,makin besar tim makin banyak pengusik #vivaRRQ
2025-11-02 16:06:49,@yusrosuccess2019,ae
2025-11-02 16:06:49,@ramlisolahudin2729,7
2025-11-02 16:06:51,@studiofunnyplus62,oiii gas laa
2025-11-02 16:06:51,@hennyayuwulandari3264,bla bla ble ble blu blu
2025-11-02 16:06:54,@MuhammadRaihannx,"Buat yang nanya RRQ main jam berapa, RRQ lagi persiapan ke M7 lewat jalur SNBP :winking_face_with_tongue: 7"
2025-11-02 16:06:55,@taktau1622,"'DENGAN PD NY' KATAKAN PADA DUNIA "" EVOS IS BAKKK """
2025-11-02 16:06:56,@rizkyfadil1284,ayolaah kasi piala mpl ke ae
2025-11-02 16:06:56,@sarifhdy1691,7
2025-11-02 16:06:57,@sarifhdy1691,7
2025-11-02 16:06:58,@kunaise,Semoga RRQ MENANG
2025-11-02 16:06:58,@MAZZBRYAN,:winking_face_with_tongue::backhand_index_pointing_up:
2025-11-02 16:06:58,@DimyetBarbara,7
2025-11-02 16:06:58,@ramlisolahudin2729,7
2025-11-02 16:07:02,@DimyetBarbara,7
2025-11-02 16:07:02,@rizalsk8life,4-0 onic
2025-11-02 16:07:05,@sarifhdy1691,7
2025-11-02 16:07:07,@bogel2780,.
2025-11-02 16:07:07,@sarifhdy1691,7
2025-11-02 16:07:07,@DimyetBarbara,7
2025-11-02 16:07:08,@Fatihkholil,Ae kalah 4-0/4-1
2025-11-02 16:07:08,@MuhammadRaihannx,"Buat yang nanya RRQ main jam berapa, RRQ lagi persiapan ke M7 lewat jalur SNBP :winking_face_with_tongue: 7"
2025-11-02 16:07:10,@DimyetBarbara,7
2025-11-02 16:07:11,@Senzaya,7
2025-11-02 16:07:12,@herdianangga1331,7
2025-11-02 16:07:12,@sarifhdy1691,7
2025-11-02 16:07:13,@DimyetBarbara,7
2025-11-02 16:07:15,@hanyaorang8073,apasih kongdom:cat_with_tears_of_joy::cat_with_tears_of_joy:
2025-11-02 16:07:15,@ramlisolahudin2729,lokal 7
2025-11-02 16:07:15,@AdamGaming13,ITS ONIC TKME
2025-11-02 16:07:17,@DimyetBarbara,7
2025-11-02 16:07:17,@vickigunawan9521,4-2 onic
2025-11-02 16:07:18,@arisfs2110,LAMA
2025-11-02 16:07:18,@junlee3164,7
2025-11-02 16:07:19,@sarifhdy1691,7
2025-11-02 16:07:20,@brainscale_quiz,7
2025-11-02 16:07:20,@S2-D4-A4-M3-I4.,Apakah 4-0 kaya TLPH
2025-11-02 16:07:20,@AdamGaming13,ITS ONIC TIME
2025-11-02 16:07:22,@ramlisolahudin2729,lokal 7
2025-11-02 16:07:22,@sanasini1799,Mikin bisir tim mikin binyik pingisik #blog
2025-11-02 16:07:22,@yuuotasaka6948,langsung bnyk orng fomo yg dukung onic
2025-11-02 16:07:22,@MelatiMel-r6z6z,fans 7 baik diam
2025-11-02 16:07:22,@sarifhdy1691,7
2025-11-02 16:07:24,@taktau1622,"'DENGAN PD NY' KATAKAN PADA DUNIA "" EVOS IS BAKKK """
2025-11-02 16:07:24,@parekhmouzou19,#7
2025-11-02 16:07:24,@byshan1306,main pukul 17.00 / 5 sore
2025-11-02 16:07:25,@sarifhdy1691,7
2025-11-02 16:07:25,@muhaedah2424,kalo mau menang kalo grand final harus dapat brp match?
2025-11-02 16:07:25,@murphymhsym7323,kingdom ga main
2025-11-02 16:07:26,@ramlisolahudin2729,lokal 7
2025-11-02 16:07:28,@AdamGaming13,4-3 ONIC
2025-11-02 16:07:29,@parekhmouzou19,#7
2025-11-02 16:07:30,@Mayadithyadamar,benget sia edoy
2025-11-02 16:07:31,@diebavarian96,Lokal 7
2025-11-02 16:07:31,@junlee3164,7
2025-11-02 16:07:32,@MuhammadRaihannx,"Buat yang nanya RRQ main jam berapa, RRQ lagi persiapan ke M7 lewat jalur SNBP :winking_face_with_tongue: 7"
2025-11-02 16:07:32,@alternate_fantasy,AE GO GO GOO
2025-11-02 16:07:33,@ramlisolahudin2729,#7
2025-11-02 16:07:34,@parekhmouzou19,#7
2025-11-02 16:07:34,@studiofunnyplus62,Albert berat punggung
2025-11-02 16:07:36,@gunther3840,7
2025-11-02 16:07:37,@AgusTiyan-ft7oj,"semangat buat kedua tim, kasih perlawanan yang asik buat di tonton"
2025-11-02 16:07:37,@ramlisolahudin2729,#7
2025-11-02 16:07:39,@NurHidayathulloh-m5u,mulai bawa piala karat m1
2025-11-02 16:07:41,@heraldjustin,kongdom
2025-11-02 16:07:42,@ramlisolahudin2729,#7
2025-11-02 16:07:42,@RadhikaJadham-l2c,apalah
2025-11-02 16:07:44,@abdarfan9135,AE goooo juaranya
2025-11-02 16:07:45,@adehermawan4787,"KALO ADA YG BILANG MPL SEPI TANPA RRQ, ITU HANYA KATA2 YG MENGHIBUR KINGDOM YG LAGI DI GOA KOCAK BADUT :rolling_on_the_floor_laughing::rolling_on_the_floor_laughing::rolling_on_the_floor_laughing:"
2025-11-02 16:07:46,@ramlisolahudin2729,#7
2025-11-02 16:07:47,@Rosyid-p4q,7
2025-11-02 16:07:47,@m.abdulaziz9866,lama beud
2025-11-02 16:07:48,@vickigunawan9521,4-2 u/ onic
2025-11-02 16:07:49,@FrostLight_XD,4-1 onic
2025-11-02 16:07:49,@Zzzzzz-cb5wl,7
2025-11-02 16:07:49,@kunaise,Bismillah semoga RRQ MENANG
2025-11-02 16:07:51,@NurHidayathulloh-m5u,mulai bawa piala karat m1
2025-11-02 16:07:53,@ainiyyahayuandini7614,yang sekolah: bagaiman besok sekolah apa gua begadang aja kaliya tapi nanti terlambat ahhh strees
2025-11-02 16:07:55,@junlee3164,7
2025-11-02 16:07:55,@bogel2780,m
2025-11-02 16:07:56,@parekhmouzou19,HIDUP ONIC TIME
2025-11-02 16:07:56,@SandyIrawan-g5k,adu penalti aja
2025-11-02 16:07:58,@Rosyid-p4q,les go #7
2025-11-02 16:07:59,@giantbrave8421,GOGOGO
2025-11-02 16:07:59,@ramlisolahudin2729,#7
2025-11-02 16:08:00,@taktau1622,"'DENGAN PD NY' KATAKAN PADA DUNIA "" EVOS IS BAKKK """
2025-11-02 16:08:04,@MelatiMel-r6z6z,fans 7 baik diam
2025-11-02 16:08:04,@bhuleharry6086,evos main jam brpa
2025-11-02 16:08:05,@ramlisolahudin2729,#7
2025-11-02 16:08:08,@giantbrave8421,GOGOGO
2025-11-02 16:08:09,@Unknown1812Dy,Mseven
2025-11-02 16:08:10,@syamsuljihan5550,BISMILLAH ALTER EGO
2025-11-02 16:08:11,@Abdi.12,3-2
2025-11-02 16:08:12,@firmanhidayatull6930,AE
2025-11-02 16:08:13,@taktau1622,"'DENGAN PD NY' KATAKAN PADA DUNIA "" EVOS IS BAKKK """
2025-11-02 16:08:13,@kunaise,Bismillah semoga RRQ MENANG
2025-11-02 16:08:14,@giantbrave8421,GoGOGO
2025-11-02 16:08:14,@MuhammadRaihannx,"Buat yang nanya RRQ main jam berapa, RRQ lagi persiapan ke M7 lewat jalur SNBP :winking_face_with_tongue: 7"
2025-11-02 16:08:18,@riskapratiwi7754,gope nih gua king onic
2025-11-02 16:08:22,@taktau1622,"'DENGAN PD NY' KATAKAN PADA DUNIA "" EVOS IS BAKKK """
2025-11-02 16:08:25,@slaineproject,evos punya m1
2025-11-02 16:08:25,@bihlaldicky968,bismillah onic
2025-11-02 16:08:26,@izarhaitami,#67
2025-11-02 16:08:26,@sanasini1799,Mikin bisir tim mikin binyik pingisik #ppblog
2025-11-02 16:08:26,@kunaise,Bismillah semoga RRQ MENANG
2025-11-02 16:08:27,@ReskiTalebong,go go go ae
2025-11-02 16:08:27,@zerinich08,:face-red-droopy-eyes:
2025-11-02 16:08:27,@parekhmouzou19,onic go go go go
2025-11-02 16:08:28,@junlee3164,Tetap lah 7 Rrq jangan pindah.
2025-11-02 16:08:31,@MPLIndonesia,"Demi Apa? HP Layar smooth, mabar makin good pake Galaxy S25 FE #BeneranWorthIt Dapetin total bonus hingga 2juta pake kode promo: MPLS25F Beli sekarang di bit.ly/S25FExMPLS16"
2025-11-02 16:08:31,@KingKong-q7p,yy
2025-11-02 16:08:31,@MuhammadRaihannx,"Buat yang nanya RRQ main jam berapa, RRQ lagi persiapan ke M7 lewat jalur SNBP :winking_face_with_tongue: 7"
2025-11-02 16:08:32,@hartphestoxz,rrq besok kah?
2025-11-02 16:08:32,@taktau1622,"'DENGAN PD NY' KATAKAN PADA DUNIA "" EVOS IS BAKKK """
2025-11-02 16:08:35,@rohmatcingir02,alter egooo letsgoooo
2025-11-02 16:08:40,@MelatiMel-r6z6z,EVOS udah juara 3 tlol
2025-11-02 16:08:42,@salsabilaputri3144,prediksi skor?
2025-11-02 16:08:43,@Yulian-xx3yu,kasih aja piala :trophy::trophy: nya ke ECVOS :face_with_tears_of_joy:
2025-11-02 16:08:43,@ramlisolahudin2729,RRQ TIM CARI CUAN BUKAN JUARA YA GAES YAAA
2025-11-02 16:08:46,@riskapratiwi7754,"GOPE NIH , GUA KING ONIC"
2025-11-02 16:08:47,@kunaise,Bismillah semoga RRQ MENANG
2025-11-02 16:08:48,@dickifirmansyah9442,onic time onic time
2025-11-02 16:08:50,@taktau1622,"'DENGAN PD NY' KATAKAN PADA DUNIA "" EVOS IS BAKKK """
2025-11-02 16:08:51,@ramlisolahudin2729,RRQ TIM CARI CUAN BUKAN JUARA YA GAES YAAA
2025-11-02 16:08:52,@MuhammadRaihannx,"Buat yang nanya RRQ main jam berapa, RRQ lagi persiapan ke M7 lewat jalur SNBP :winking_face_with_tongue: 7"
2025-11-02 16:08:54,@Deofandri,ini grand final brrrooooo
2025-11-02 16:08:55,@mochammadmahmudi7331,rrq maen jam berapa:moai:
2025-11-02 16:08:56,@tazkiaadelia-e8d9y,mau liat nino angkat piala plisss semoga ae menang aminnn
2025-11-02 16:08:56,@bogel2780,.....
2025-11-02 16:08:59,@kevingunwan9438,ppq mana kok ga ada
2025-11-02 16:09:00,@dodikurniawan5382,lama lama lamma
2025-11-02 16:09:00,@ramlisolahudin2729,RRQ TIM CARI CUAN BUKAN JUARA YA GAES YAAA
2025-11-02 16:09:04,@Peater-w1x,":raised_fist::red_apple: Mòrning sun, jangan lupa untuk bertekuk lutut kepada TUHAN & ingatlah, TUHAN yang sesungguhnya tidaklah berpenglihatan layaknya makhluk yang TUHAN ciptakan, maka ketahuilah apa yang diperdebatkan"
2025-11-02 16:09:05,@taktau1622,"'DENGAN PD NY' KATAKAN PADA DUNIA "" EVOS IS BAKKK """
2025-11-02 16:09:05,@RazorPhoenix666,onic lg nih yang menang
2025-11-02 16:09:05,@Keris69,finalnya rrq v evos
2025-11-02 16:09:07,@Peater-w1x,"& ketahuilah, janganlah lupa untuk mengkaji Al Qur'an, karna Al Qur'an adalah kamus & rumus bagi yang mengharapkan keridhoan dalam kehidupan:person-turquoise-waving-speech:"
2025-11-02 16:09:09,@hartphestoxz,tarohan 5jt gua onic
2025-11-02 16:09:11,@MuhammadRaihannx,"Buat yang nanya RRQ main jam berapa, RRQ lagi persiapan ke M7 lewat jalur SNBP :winking_face_with_tongue: 7"
2025-11-02 16:09:11,@bogel2780,...
2025-11-02 16:09:12,@Bangochi-ii9hq,kasih ae aja lh boss kasian
2025-11-02 16:09:13,@zerinich08,alter ego
2025-11-02 16:09:15,@dwisandy9579,:face-blue-smiling:
2025-11-02 16:09:18,@NANANGBAKHTIAR-s3i,AE 
2025-11-02 16:09:18,@YemimaYeheskie-zw5dy,lama anjir
2025-11-02 16:09:20,@heyhooxoioi40,ALTER EGO AKAN MENGUKIR SEJARAH!
2025-11-02 16:09:21,@MelatiMel-r6z6z,pada toll
2025-11-02 16:09:21,@rohmatcingir02,4 AE 2 LANDAK
2025-11-02 16:09:25,@taktau1622,"'DENGAN PD NY' KATAKAN PADA DUNIA "" EVOS IS BAKKK """
2025-11-02 16:09:25,@jriChamps,ALTER EGO AKAN MENGUKIR SEJARAH
2025-11-02 16:09:27,@bogel2780,....
2025-11-02 16:09:28,@ntah-lah,kasih AE pialanya onic dh bnyk woiii
2025-11-02 16:09:29,@Wannnz_bibi,GOOO AEE
2025-11-02 16:09:30,@ramlisolahudin2729,ERERKI TIM CARI CUAN BUKAN JUARA YA GAES YAAA
2025-11-02 16:09:31,@NANANGBAKHTIAR-s3i,AE
2025-11-02 16:09:32,@RayZ47,Ae
2025-11-02 16:09:32,@bogel2780,.
2025-11-02 16:09:32,@MuhammadRaihannx,"Buat yang nanya RRQ main jam berapa, RRQ lagi persiapan ke M7 lewat jalur SNBP :winking_face_with_tongue: 7"
2025-11-02 16:09:33,@kunaise,Bismillah semoga RRQ MENANG
2025-11-02 16:09:35,@gunther3840,7
2025-11-02 16:09:35,@RayZ47,AE
2025-11-02 16:09:35,@robox-official-x2j,onic juara
2025-11-02 16:09:36,@jakaputra9290,go...go. go. ONIC
2025-11-02 16:09:36,@ahmadoukhy8000,DUKUNG AE
2025-11-02 16:09:39,@sanasini1799,Mikin bisir tim mikin binyik pingisik #ppblog
2025-11-02 16:09:41,@ahmadoukhy8000,dukung AE
2025-11-02 16:09:43,@Pangestulp,EVOS IS BACK
2025-11-02 16:09:43,@FauziLelapari,bismillah onik
2025-11-02 16:09:44,@lemuhuui,"ererki maen jam 23.00 bro, setelah match ini."
2025-11-02 16:09:44,@taktau1622,"'DENGAN PD NY' KATAKAN PADA DUNIA "" EVOS IS BAKKK """
2025-11-02 16:09:45,@Noname-e7m1j,:hand-pink-waving:
2025-11-02 16:09:45,@bogel2780,.
2025-11-02 16:09:45,@ziiibs_0999,AE JUARA NIH BOSS
2025-11-02 16:09:48,@STXFH7,7
2025-11-02 16:09:49,@MuhammadRaihannx,"Buat yang nanya RRQ main jam berapa, RRQ lagi persiapan ke M7 lewat jalur SNBP :winking_face_with_tongue: 7"
2025-11-02 16:09:51,@jriChamps,LETS GO ALTER EGO
2025-11-02 16:09:51,@ReskiAgantaKaban,navi
2025-11-02 16:09:54,@parekhmouzou19,RRQ main jam 12 malem
2025-11-02 16:09:55,@SyahrirRiri-fo3ro,penuhi komentar dengan AE
2025-11-02 16:09:55,@ucinanakumi23,70 juta gue AE
2025-11-02 16:09:56,@MuhammadAdnanfirmansyah,AE akan menjadi juara di season ini 4-2 pegang omongan w
2025-11-02 16:09:58,@soguddd26,yokk AE
2025-11-02 16:09:59,@DHEV-HS,FULL RESPECT AE JUARA AAMIIN
2025-11-02 16:10:01,@AdityaftMoskov,ALTER EGO GO GO HOME
2025-11-02 16:10:01,@Pangestulp,RRQ sudah menunggu di M7
2025-11-02 16:10:02,@dickifirmansyah9442,7
2025-11-02 16:10:02,@taktau1622,"'DENGAN PD NY' KATAKAN PADA DUNIA "" EVOS IS BAKKK """
2025-11-02 16:10:05,@bhuleharry6086,EVOS LGI SEDIH
2025-11-02 16:10:06,@FauziLelapari,GO... GO... ONIK
2025-11-02 16:10:07,@romanju6170,gaya banget 70 juta
2025-11-02 16:10:07,@bogel2780,..
2025-11-02 16:10:07,@ramlisolahudin2729,ErErQ TIM CARI CUAN BUKAN JUARA YA GAES YAAA
2025-11-02 16:10:08,@nightbot,MPL ID dengan tegas menentang segala bentuk perjudian & mendukung kompetisi yang adil dan berintegritas. Mari kita bangun komunitas yang menghormati nilai-nilai sportivitas dalam dunia esports!
2025-11-02 16:10:09,@kaiserz_16,gw sonic tapi pengen ae juara
2025-11-02 16:10:11,@ReskiAgantaKaban,navi
2025-11-02 16:10:13,@MuhammadRaihannx,"Buat yang nanya RRQ main jam berapa, RRQ lagi persiapan ke M7 lewat jalur SNBP :winking_face_with_tongue: 7"
2025-11-02 16:10:13,@taktau1622,"'DENGAN PD NY' KATAKAN PADA DUNIA "" EVOS IS BAKKK """
2025-11-02 16:10:16,@chacuyonly3500,AE juara season ini
2025-11-02 16:10:17,@AhmadSyazwan-b8v,LOHHHHH LAGI 1 JAM MAU NUNGGU ADEHHH
2025-11-02 16:10:17,@affaqmukhlisin2707,RRQ JAYA JAYA JAYA
2025-11-02 16:10:18,@ramlisolahudin2729,ErErQ TIM CARI CUAN BUKAN JUARA YA GAES YAAA
2025-11-02 16:10:22,@snopdusk20,langsung kasih aja pialanya ke onic
2025-11-02 16:10:23,@ucinanakumi23,oke 200 dahh
2025-11-02 16:10:28,@kaiserz_16,karna udh bosen menang terus:winking_face_with_tongue:
2025-11-02 16:10:29,@ramlisolahudin2729,ErErQ TIM CARI CUAN BUKAN JUARA YA GAES YAAA
2025-11-02 16:10:31,@taktau1622,"'DENGAN PD NY' KATAKAN PADA DUNIA "" EVOS IS BAKKK """
2025-11-02 16:10:31,@romanju6170,dikit amat 200
2025-11-02 16:10:32,@bogel2780,..
2025-11-02 16:10:36,@saptobagus6904,evos
2025-11-02 16:10:36,@andreasvalentino830,"4-0 alter ego, Skylar pengaruh buruk"
2025-11-02 16:10:36,@roddicklaw938,wowww
2025-11-02 16:10:37,@adinugroho8994,WKWKW EVOS IS BAKKKKK KATANYA BRE
2025-11-02 16:10:37,@muhazirhamka9698,AE mode ngemis piala dari onic
2025-11-02 16:10:39,@AsrulSayya-td4jz,LETSGOOO AE
2025-11-02 16:10:40,@bogel2780,.
2025-11-02 16:10:42,@ramlisolahudin2729,ErErQ TIM CARI CUAN BUKAN JUARA YA GAES YAAA
2025-11-02 16:10:42,@hisbulhak4984,evos is turu
2025-11-02 16:10:42,@MuhammadRaihannx,"Buat yang nanya RRQ main jam berapa, RRQ lagi persiapan ke M7 lewat jalur SNBP :winking_face_with_tongue: 7"
2025-11-02 16:10:44,@ucinanakumi23,jeeti boss
2025-11-02 16:10:46,@roddicklaw938,semangat onicccc
2025-11-02 16:10:47,@FernandoUkuiju,walupun AE gak menang yang penting AE mewakili Indonesia di m7
2025-11-02 16:10:49,@affaqmukhlisin2707,VIVAAAAA RRQ
2025-11-02 16:10:49,@ApriAbrag,KINGDOMM DI LARANG LIAT TAKUT IRI:face_with_open_eyes_and_hand_over_mouth:
2025-11-02 16:10:51,@muhammadfaisol7323,kasih aja pialanya ke king onic
2025-11-02 16:10:51,@richardho_n2682,7
2025-11-02 16:10:51,@taktau1622,"'DENGAN PD NY' KATAKAN PADA DUNIA "" EVOS IS BAKKK """
2025-11-02 16:10:53,@GalangMh-d9u,ONIC ONIC ONIC
2025-11-02 16:10:54,@wongirengjmbuten123,onic masuk goa inimah
2025-11-02 16:10:56,@romanju6170,10 lah
2025-11-02 16:10:58,@roddicklaw938,guys ketik 1 buat oniccc
2025-11-02 16:11:02,@Fenz8,onic 4-0 ae
2025-11-02 16:11:03,@FilmMoba21,ONIK MENANG ADUH KEBELET EKEK
2025-11-02 16:11:05,@Aditya22-b9x,RRQ MAIN JAM BFP
2025-11-02 16:11:06,@bogel2780,m
2025-11-02 16:11:08,@valenfvnky4824,kagakk banget bang lewat jalur snbt :loudly_crying_face::rolling_on_the_floor_laughing:
2025-11-02 16:11:09,@ucinanakumi23,gas 10
2025-11-02 16:11:11,@IcoolJ,alter ego go go go
2025-11-02 16:11:11,@wahyuduwel4281,7
2025-11-02 16:11:14,@Traderturu,ALTEREGO
2025-11-02 16:11:15,@taktau1622,"'DENGAN PD NY' KATAKAN PADA DUNIA "" EVOS IS BAKKK """
2025-11-02 16:11:16,@MuhammadRaihannx,"Buat yang nanya RRQ main jam berapa, RRQ lagi persiapan ke M7 lewat jalur SNBP :winking_face_with_tongue: 7"
2025-11-02 16:11:19,@antowruddy2793,AE GO GO GO
2025-11-02 16:11:19,@romanju6170,08
2025-11-02 16:11:20,@Mita_emje,SANA DULU DEH OKNUM
2025-11-02 16:11:20,@flizeell,AE
2025-11-02 16:11:22,@jriChamps,ONIC DAH BANYAK PIALANYA NGALAH LAH SAMA YANG ZERO PIALA
2025-11-02 16:11:23,@bogel2780,b.
2025-11-02 16:11:24,@muammarsiregar6098,7
2025-11-02 16:11:24,@rossygaming6809,7
2025-11-02 16:11:27,@afiqueee,lest go AE
2025-11-02 16:11:28,@ZhiyaSahib,goooo onic
2025-11-02 16:11:29,@IcoolJ,alter ego akan mengukir sejarah
2025-11-02 16:11:29,@affaqmukhlisin2707,RRQ TETAP YANG TERBAIK
2025-11-02 16:11:29,@bogel2780,l
2025-11-02 16:11:30,@arif2011y,7 lebih hina dari bintang
2025-11-02 16:11:31,@ReskiAgantaKaban,DEWA UNITED
2025-11-02 16:11:31,@NurIrawan-e8n,onic di final bagaikan real madrid di ucl broowe
2025-11-02 16:11:31,@goni.rifhani7430,bo brp guys
2025-11-02 16:11:33,@antowruddy2793,AE GO GO GO
2025-11-02 16:11:33,@MuhammadRaihannx,"Buat yang nanya RRQ main jam berapa, RRQ lagi persiapan ke M7 lewat jalur SNBP :winking_face_with_tongue: 7"
2025-11-02 16:11:34,@chacuyonly3500,season ini juara baru lagi biar seru
2025-11-02 16:11:34,@yusrabulexs0975,bismillah ae champion
2025-11-02 16:11:35,@YogaAndi-vi1qs,goo ae
2025-11-02 16:11:36,@muammarsiregar6098,7
2025-11-02 16:11:36,@Fenz8,karltry ketawain AE sama btr pas live
2025-11-02 16:11:38,@ucinanakumi23,4-3 ini sumpehhh
2025-11-02 16:11:38,@mochaldiriswandi2396,ayo dukung AE
2025-11-02 16:11:39,@YogaAndi-vi1qs,goo ae
2025-11-02 16:11:39,@ellsopspoken-y3v,ONIC TIMEEEEEEEE
2025-11-02 16:11:41,@adiputra1823,Onic menang 4-1
2025-11-02 16:11:42,@parekhmouzou19,"air air apa yang nggak lolos play off, air air qyu wkwkwkkw #7"
2025-11-02 16:11:42,@AlGhazali-l2z,RRQ JAM BERAPA MAIN
2025-11-02 16:11:43,@agussetiawan339,onic go go go
2025-11-02 16:11:44,@YogaAndi-vi1qs,goo ae
2025-11-02 16:11:44,@rossygaming6809,7
2025-11-02 16:11:44,@bogel2780,.
2025-11-02 16:11:45,@taktau1622,"'DENGAN PD NY' KATAKAN PADA DUNIA "" EVOS IS BAKKK "" BUKAN GIMANA' YAH TAPI MALU NY ITU LOH:face-blue-smiling:"
2025-11-02 16:11:45,@Kanzeiru,bismillah menang yok onic
2025-11-02 16:11:46,@STXFH7,:winking_face_with_tongue:7
2025-11-02 16:11:48,@barracudaproject.6556,HIZUMEENGGGGGGGG
2025-11-02 16:11:50,@FahmiMaulana-t2b,bismillah onic champion
2025-11-02 16:11:50,@SalehSaleh-f8u,"2,1"
2025-11-02 16:11:50,@romanju6170,4-1 kata gua mah
2025-11-02 16:11:51,@kkalptra,4-0
2025-11-02 16:11:51,@bogel2780,9
2025-11-02 16:11:52,@AsrulSayya-td4jz,rrq apalah suruh rinz jadi pembantu gh aja jir
2025-11-02 16:11:52,@RamsesJi12,bo 7
2025-11-02 16:11:54,@agussetiawan339,go go go onic
2025-11-02 16:11:54,@AnosKasih,3 5
2025-11-02 16:11:54,@antowruddy2793,AE GO GO GO
2025-11-02 16:11:55,@诛仙LuXueqi,Lama
2025-11-02 16:11:56,@PrastiyaDinata-zy8gy,bissmillah AE
2025-11-02 16:11:56,@Hndrkxx,SPAM 7
2025-11-02 16:11:58,@bogel2780,.
2025-11-02 16:11:59,@DayatAnnlos,its onic time onic time
2025-11-02 16:12:00,@AmayMuchi,RRQ LAWAN EVOS NANTI JAM 7
2025-11-02 16:12:00,@diska359,langsung kasih aja pialanya ke onic
2025-11-02 16:12:01,@radhit-vegence2091,lama yapping mulu
2025-11-02 16:12:02,@agussetiawan339,onic gogogo
2025-11-02 16:12:02,@AnosKasih,4 o
2025-11-02 16:12:02,@Hndrkxx,7
2025-11-02 16:12:04,@kejuixeeeee,lestgooo oniccc
2025-11-02 16:12:04,@sutisnatrisna9320,skyler mau bwa onic ke runner up apa juara 1..
2025-11-02 16:12:05,@FahmiMaulana-t2b,go go go onic
2025-11-02 16:12:05,@AsrulSayya-td4jz,AE LETSGOOO AEEEE
2025-11-02 16:12:05,@arinadesu-l1i,ada yg mau taruhan?
2025-11-02 16:12:05,@MuhammadRaihannx,"Buat yang nanya RRQ main jam berapa, RRQ lagi persiapan ke M7 lewat jalur SNBP :winking_face_with_tongue: 7"
2025-11-02 16:12:06,@Hndrkxx,7
2025-11-02 16:12:07,@Ariroma-u5v,masih aja hina rrq. padahal timnya juga pulang
2025-11-02 16:12:09,@agussetiawan339,onic
2025-11-02 16:12:09,@abdulazys4748,40 untuk ae
2025-11-02 16:12:10,@bhuleharry6086,EVOS yg kalah ga lolos rrq yg disalahin...wkwkkw
2025-11-02 16:12:10,@Hndrkxx,7
2025-11-02 16:12:13,@ReskiAgantaKaban,RRQ
2025-11-02 16:12:14,@Hndrkxx,7
2025-11-02 16:12:14,@agussetiawan339,onic
2025-11-02 16:12:15,@FahmiMaulana-t2b,yok bisa yok onic
2025-11-02 16:12:16,@SalehSaleh-f8u,"kayak nya 2,1"
2025-11-02 16:12:17,@Hndrkxx,7
2025-11-02 16:12:19,@taktau1622,"'DENGAN PD NY' KATAKAN PADA DUNIA "" EVOS IS BAKKK """
2025-11-02 16:12:20,@agussetiawan339,onic
2025-11-02 16:12:20,@WildanFahrezi-dz3mo,AE gogogogo
2025-11-02 16:12:20,@diska359,bismillah onic
2025-11-02 16:12:21,@adnanndhut,#GOONIC
2025-11-02 16:12:23,@astroomirai,masi lama ege
2025-11-02 16:12:24,@Hndrkxx,7
2025-11-02 16:12:27,@ucinanakumi23,cepe dah cepe kalo lu GK punya mah. # gw AE lu onic
2025-11-02 16:12:29,@denzbagus49,ONIC:backhand_index_pointing_down::winking_face_with_tongue:
2025-11-02 16:12:30,@agussetiawan339,onic
2025-11-02 16:12:30,@davarizqul2803,7
2025-11-02 16:12:31,@alfarizitoserbadua,AE
2025-11-02 16:12:31,@Fenz8,"klip, karltzy ketawain tim Indo pas ae vs btr di live"
2025-11-02 16:12:32,@AhmadIlhamdi-v5r,GUA KINGDOM TAPI PENGEN LIHAT AE JUARA
2025-11-02 16:12:34,@abdulazys4748,alter ego
2025-11-02 16:12:35,@taktau1622,EVOS GAK PULANG BG EVOS NUNGGU DI GOA
2025-11-02 16:12:39,@firmanjaung2077,come on ALTER EGO
2025-11-02 16:12:39,@NizamNuhraha,7
2025-11-02 16:12:39,@azhadeqil9376,gua Sonic tapi kasih buat AE lah biar koh delwyn nanges
2025-11-02 16:12:42,@RandipramanaRandii,iklas gw klau AE juara
2025-11-02 16:12:43,@taktau1622,"'DENGAN PD NY' KATAKAN PADA DUNIA "" EVOS IS BAKKK """
2025-11-02 16:12:45,@NizamNuhraha,7
2025-11-02 16:12:47,@f3rr99,lama
2025-11-02 16:12:49,@YanuardanaOni,semoga AE bisa jadi Juara MPL s16
2025-11-02 16:12:50,@Hndrkxx,77
2025-11-02 16:12:53,@Hndrkxx,7
2025-11-02 16:12:53,@Ariroma-u5v,7 itu cocok buat evos. karna udah 3 kali wkwkw
2025-11-02 16:12:54,@kjwq_zhv,ah msh lama
2025-11-02 16:12:54,@rohmatcingir02,minimal full indo cil
2025-11-02 16:12:54,@rifqiarsafauzan830,Gooo onic
2025-11-02 16:12:55,@f3rr99,kenapa lama mpl
2025-11-02 16:12:55,@xyt.t,hemmmmmmm
2025-11-02 16:12:56,@Pewwpeww9,BTR :downcast_face_with_sweat:
2025-11-02 16:12:57,@MuhammadRaihannx,"Buat yang nanya RRQ main jam berapa, RRQ lagi persiapan ke M7 lewat jalur SNBP :winking_face_with_tongue: 7"
2025-11-02 16:13:01,@kamairuchi,stop normalisasikan angka 7
2025-11-02 16:13:01,@nafmare8732,sangihe oniccc
2025-11-02 16:13:02,@zhariblack9556,untuk apa spam 7 kalo kelen juga udh pulang ke goa
2025-11-02 16:13:08,@insanchanel2005,SAYONARA #33333333
2025-11-02 16:13:08,@raideneet9054,KARBITAN MERAJALELA
2025-11-02 16:13:08,@lutfy6930,RRQ ga di undang M7 ya ?
2025-11-02 16:13:08,@f3rr99,mabar ayo gua goldlane
2025-11-02 16:13:10,@ILalizamanob4anLiza,AE BADUT MPL
2025-11-02 16:13:10,@taktau1622,"'DENGAN PD NY' KATAKAN PADA DUNIA "" EVOS IS BAKKK """
2025-11-02 16:13:10,@afzaaltamis400,ayo bang taruhan yok mumpung belum main gw megang ae
2025-11-02 16:13:12,@Hilman-u8o,onik
2025-11-02 16:13:14,@MuhammadRaihannx,"Buat yang nanya RRQ main jam berapa, RRQ lagi persiapan ke M7 lewat jalur SNBP :winking_face_with_tongue: 7"
2025-11-02 16:13:15,@kjwq_zhv,tar kesini lagi msh lama
2025-11-02 16:13:15,@AhmadAlfatan-k1y5j,onic sllu di hati
2025-11-02 16:13:18,@JohnRobertDavidson,SOLO KILLLL
2025-11-02 16:13:19,@PutraBona-kv3zk,"PERCAYA LAH ONIC AKAN SPRTI EVOS DI M1, JUARA LALU BNYK PENSIUN"
2025-11-02 16:13:20,@bogel2780,9
2025-11-02 16:13:21,@JajangBadruZaman-dd5dh,onik lagi ini mah yg juaranya
2025-11-02 16:13:22,@f3rr99,ayo mabar
2025-11-02 16:13:24,@antowruddy2793,AE GO GO GO
2025-11-02 16:13:25,@PancaUas-k9t,SAYA FANS ONIC SIAPA PUN YG MENANG SAYA RESPEC YG PENTING BISA BAWA M7
2025-11-02 16:13:25,@sihul666,7
2025-11-02 16:13:25,@yannnss-p4p,letsss gooo onicccc
2025-11-02 16:13:28,@Miawmiaw-n5n,onic udh jelas
2025-11-02 16:13:28,@shinoeh,let's goo ae #JalurHoki
2025-11-02 16:13:30,@rohmatcingir02,onic juara berkali kali karna ada pH nya coba full indo jadi ampass
2025-11-02 16:13:33,@Rezarezq-g7j,oniccccccccc
2025-11-02 16:13:34,@Galang7kamang,onic pasti menang
2025-11-02 16:13:36,@RexzVision,onic
2025-11-02 16:13:37,@AldiArdiansyah05,7
2025-11-02 16:13:42,@f3rr99,gg ae dan onic
2025-11-02 16:13:42,@taktau1622,"'DENGAN PD NY' KATAKAN PADA DUNIA "" EVOS IS BAKKK """
2025-11-02 16:13:43,@wongirengjmbuten123,onic sepele
2025-11-02 16:13:44,@dafaahyanadista1784,AEEEEEE
2025-11-02 16:13:44,@JafarShiddiq09,udh jls sonic ini mah kecuali klw main letgame kalah
2025-11-02 16:13:44,@MuhammadRaihannx,"Buat yang nanya RRQ main jam berapa, RRQ lagi persiapan ke M7 lewat jalur SNBP :winking_face_with_tongue: 7"
2025-11-02 16:13:44,@gabrieladdo9315,ae
2025-11-02 16:13:44,@AhmadAlfatan-k1y5j,kok bisa ya RRQ masuk goa:squinting_face_with_tongue::rolling_on_the_floor_laughing:
2025-11-02 16:13:45,@ILalizamanob4anLiza,ONIC
2025-11-02 16:13:45,@cold-yw2in,Undur Terus ampe Lebarann
2025-11-02 16:13:51,@Rezarezq-g7j,aee
2025-11-02 16:13:53,@zhariblack9556,yg ngespam 7 ini bocil2 doang kebelet tenar
2025-11-02 16:13:56,@Rezarezq-g7j,ae
2025-11-02 16:13:58,@wongirengjmbuten123,onic masuk goa
2025-11-02 16:13:59,@AldiArdiansyah05,m7 gagal ply
2025-11-02 16:13:59,@DramaDrama-u8r,gooo onikkk
2025-11-02 16:14:02,@Rezarezq-g7j,onicc
2025-11-02 16:14:05,@cold-yw2in,Habibat Asli RRQ Itu G04 Upss
2025-11-02 16:14:07,@taktau1622,"'DENGAN PD NY' KATAKAN PADA DUNIA "" EVOS IS BAKKK """
2025-11-02 16:14:09,@muhammadriduan9960,.
2025-11-02 16:14:12,@MarksmanOnly-m7q,"rrq mode jalur undangan akan mengacak-acak tim dari ph, camkan itu.:smiling_face_with_horns:"
2025-11-02 16:14:12,@JafarShiddiq09,onic
2025-11-02 16:14:15,@MuhammadRaihannx,"Buat yang nanya RRQ main jam berapa, RRQ lagi persiapan ke M7 lewat jalur SNBP :winking_face_with_tongue: 7"
2025-11-02 16:14:16,@channn7176,AE positive
2025-11-02 16:14:17,@wongirengjmbuten123,Onic masuk goa
2025-11-02 16:14:18,@nekslepel,7
2025-11-02 16:14:18,@AhmadArifa12,main jam 17 30 masih lame
2025-11-02 16:14:20,@satriakusmara7027,7
2025-11-02 16:14:21,@satriakusmara7027,7
2025-11-02 16:14:21,@satriakusmara7027,7
2025-11-02 16:14:21,@satriakusmara7027,7
2025-11-02 16:14:21,@satriakusmara7027,7
2025-11-02 16:14:21,@satriakusmara7027,7
2025-11-02 16:14:23,@IshikawaKagawa,GOA GOA
2025-11-02 16:14:24,@taktau1622,"'DENGAN PD NY' KATAKAN PADA DUNIA "" EVOS IS BAKKK """
2025-11-02 16:14:24,@Vanhassen24,7
2025-11-02 16:14:25,@Vanhassen24,7
2025-11-02 16:14:26,@nekslepel,7
2025-11-02 16:14:27,@Vanhassen24,7
2025-11-02 16:14:29,@tommyhamidd,mimpii
2025-11-02 16:14:31,@bogel2780,l
2025-11-02 16:14:32,@LydiaBly-k3l,7
2025-11-02 16:14:32,@gibransandyo5858,7
2025-11-02 16:14:32,@kjwq_zhv,lila
2025-11-02 16:14:36,@nekslepel,7
2025-11-02 16:14:37,@ThoriqRamdan-g8r,caperr
2025-11-02 16:14:37,@xmuhammadfajar,7
2025-11-02 16:14:37,@Vanhassen24,7
2025-11-02 16:14:40,@FatihFatih-g1f,7
2025-11-02 16:14:40,@HotmaGultom-qj9gj,ae
2025-11-02 16:14:40,@gibransandyo5858,7
2025-11-02 16:14:45,@Aphonk_15,7
2025-11-02 16:14:45,@uwuwuwuwu-i6s,kingdom dilarang nonton nanti sakit hati
2025-11-02 16:14:45,@PancaUas-k9t,SAYA FANS ONIC SIAPA PUN YG MENANG SAYA RESPEC YG PENTING BAWA M7
2025-11-02 16:14:46,@nekslepel,7
2025-11-02 16:14:47,@IshikawaKagawa,7
2025-11-02 16:14:47,@adityasromadon4811,yuk alter ego bisa
2025-11-02 16:14:48,@taktau1622,WKWK GK SADAR DIA #7 BRAPA KALI
2025-11-02 16:14:49,@Aleexterrr,7
2025-11-02 16:14:49,@K.I.N.G.969,ppq
2025-11-02 16:14:50,@tommyhamidd,ae
2025-11-02 16:14:50,@rojaliasmat7970,letssgoo onicc ae kalahh
2025-11-02 16:14:50,@naurachalisa,well well well
2025-11-02 16:14:51,@ZaaZahwaa,7
2025-11-02 16:14:52,@Aphonk_15,7
2025-11-02 16:14:53,@lauklele2530,bawa r7 ke indonesia :loudly_crying_face::loudly_crying_face:
2025-11-02 16:14:53,@Aleexterrr,7
2025-11-02 16:14:54,@taktau1622,"'DENGAN PD NY' KATAKAN PADA DUNIA "" EVOS IS BAKKK """
2025-11-02 16:14:55,@MuhammadRaihannx,"Buat yang nanya RRQ main jam berapa, RRQ lagi persiapan ke M7 lewat jalur SNBP :winking_face_with_tongue: 7"
2025-11-02 16:14:55,@IshikawaKagawa,7
2025-11-02 16:15:00,@LuckyBoy07-d1l,ERERQ MPL CHAMPION M7
2025-11-02 16:15:00,@Aleexterrr,7
2025-11-02 16:15:01,@IshikawaKagawa,7
2025-11-02 16:15:01,@Xienzo,555555
2025-11-02 16:15:02,@KandarAja-bf2rc,evos isbek
2025-11-02 16:15:02,@ahmadjihaduddin7843,hijume on fire sekarang
2025-11-02 16:15:02,@bangbiltv1048,woyyy blm mulai kann yaaaa
2025-11-02 16:15:03,@LydiaBly-k3l,7
2025-11-02 16:15:03,@rojaliasmat7970,ae kalah ini
2025-11-02 16:15:03,@tommyhamidd,mimpii
2025-11-02 16:15:05,@Aleexterrr,7
2025-11-02 16:15:05,@MuhammadRaihannx,7
2025-11-02 16:15:07,@hafizh6091,7
2025-11-02 16:15:08,@rapsaja_42,yareu
2025-11-02 16:15:08,@IshikawaKagawa,7
2025-11-02 16:15:08,@WOLZYONTOP,yareu
2025-11-02 16:15:09,@sangpelangi1719,bawa M7 ka Indonesia memang M7 nya dimana
2025-11-02 16:15:09,@fritzfarselino9868,kebanyakan iklan & acra ga penting MPL. org cmn mau nnton pertandinganny bdok
2025-11-02 16:15:09,@brainscale_quiz,7
2025-11-02 16:15:09,@MuhammadRaihannx,7
2025-11-02 16:15:10,@yuzuhn,YARE
2025-11-02 16:15:11,@JafarShiddiq09,menu7u 7uara
2025-11-02 16:15:11,@Aleexterrr,7
2025-11-02 16:15:11,@sky2-b9n,EVOS jam brpa?
2025-11-02 16:15:14,@ZaaZahwaa,"raja langit pasti juara, ga kyk yg raja lokal itu"
2025-11-02 16:15:14,@Slayerline,7
2025-11-02 16:15:15,@Aleexterrr,7
2025-11-02 16:15:15,@MuhammadRaihannx,7
2025-11-02 16:15:16,@ReskiAgantaKaban,TIM YANG MASUK GOA RAPAT
2025-11-02 16:15:19,@Rezarezq-g7j,rrq ayam
2025-11-02 16:15:20,@FauziSi-g7t,rrq tim terbaik di Indonesia
2025-11-02 16:15:20,@uwuwuwuwu-i6s,yareu mukbang rrq
2025-11-02 16:15:20,@Aleexterrr,7
2025-11-02 16:15:23,@sabriibrahim7280,sapa menang lawan rrq di final of final
2025-11-02 16:15:25,@bigdihhindividual,7
2025-11-02 16:15:27,@チャド_CHAD,rrq jam brpa
2025-11-02 16:15:27,@taktau1622,"'DENGAN PD NY' KATAKAN PADA DUNIA "" EVOS IS BAKKK """
2025-11-02 16:15:27,@haradutawisata,YUKK GAASSS GAME 2 
2025-11-02 16:15:27,@IshikawaKagawa,7
2025-11-02 16:15:28,@bigdihhindividual,7
2025-11-02 16:15:28,@zhariblack9556,evos main jam brp btw?
2025-11-02 16:15:28,@MuhammadRaihannx,"Buat yang nanya RRQ main jam berapa, RRQ lagi persiapan ke M7 lewat jalur SNBP :winking_face_with_tongue: 7"
2025-11-02 16:15:29,@sangpelangi1719,bawa M7 ka Indonesia memang M7 nya dimana
2025-11-02 16:15:30,@Dimas-jx5jm,ALTER EGO GOGOGOO
2025-11-02 16:15:31,@bigdihhindividual,7
2025-11-02 16:15:32,@kagamitatsuya,M7 JUARA BAWA PIALANYA KE INDOESIA PLISSS
2025-11-02 16:15:33,@MUNCHEN82,rrq udh nunggu di m7 ya?
2025-11-02 16:15:33,@bigdihhindividual,7
2025-11-02 16:15:34,@LukasWilliam8,ONIC DEFENDING CHAMPION
2025-11-02 16:15:35,@amys13,7
2025-11-02 16:15:35,@bigdihhindividual,7
2025-11-02 16:15:35,@KuyaLumpat175,LAMA ANJIII
2025-11-02 16:15:37,@bigdihhindividual,7
2025-11-02 16:15:39,@bigdihhindividual,7
2025-11-02 16:15:39,@CahyoNurMuhammad,yg bilang 7.. fkkkkkkkk
2025-11-02 16:15:41,@adhityamhendra1159,rrq main di fun match kah?
2025-11-02 16:15:41,@bigdihhindividual,7
2025-11-02 16:15:41,@denisetiawan8994,menu7u juara:face-blue-smiling:
2025-11-02 16:15:42,@MazaniZani-u4f,RRQ jam berapa main:rolling_on_the_floor_laughing:
2025-11-02 16:15:44,@anastw2064,tetep aja yang viral hesteg7
2025-11-02 16:15:44,@apishafidz6299,gak rrq gak makan
2025-11-02 16:15:44,@LukasWilliam8,RRQ JAM BRP?
2025-11-02 16:15:45,@13inzw,lamaa
2025-11-02 16:15:45,@zagreusvx,epossss
2025-11-02 16:15:45,@Vanhassen24,7
2025-11-02 16:15:46,@taktau1622,"'DENGAN PD NY' KATAKAN PADA DUNIA "" EVOS IS BAKKK """
2025-11-02 16:15:47,@tommyhamidd,gua dukung ae
2025-11-02 16:15:47,@Vanhassen24,7
2025-11-02 16:15:48,@MuhammadRaihannx,"Buat yang nanya RRQ main jam berapa, RRQ lagi persiapan ke M7 lewat jalur SNBP :winking_face_with_tongue: 7"
2025-11-02 16:15:49,@anggarivan840,lamaa
2025-11-02 16:15:51,@fitrionoferi273,:hand-pink-waving:
2025-11-02 16:15:51,@villain-t2v,ALL IN ONIC:moai:
2025-11-02 16:15:53,@zagreusvx,epossssss gooo gooo
2025-11-02 16:15:55,@backsound4853,ada yang M7 ada pula yang #7 itulah hidup wkwk
2025-11-02 16:15:55,@ajateverything7289,p
2025-11-02 16:15:55,@Genta-n4j,onik vs krocooooo
2025-11-02 16:15:56,@AhmadAlfin-lr7vb,7
2025-11-02 16:15:56,@zhariblack9556,evos jam brp main?
2025-11-02 16:15:58,@fitrionoferi273,:person-turqouise-waving:
2025-11-02 16:15:59,@uwuwuwuwu-i6s,MENDING MANCING ROBLOX SAMBIL NUNGGU
2025-11-02 16:15:59,@AldiArdiansyah05,"rrq,skrng sekelas REBELION"
2025-11-02 16:16:00,@AhmadAlfin-lr7vb,7
2025-11-02 16:16:02,@KandarAja-bf2rc,3
2025-11-02 16:16:02,@anastw2064,tetep aja yang viral hesteg7
2025-11-02 16:16:02,@anggarivan840,onic ini mah menang fix
2025-11-02 16:16:03,@fitrionoferi273,:face-blue-spam-shape:
2025-11-02 16:16:03,@AhmadAlfin-lr7vb,7
2025-11-02 16:16:04,@apishafidz6299,RRQ=BERAS
2025-11-02 16:16:04,@jodiakbar4667,onic juara
2025-11-02 16:16:05,@Just03672,M7
2025-11-02 16:16:06,@AhmadAlfin-lr7vb,7
2025-11-02 16:16:07,@adebimaputra3535,Kuncinya jangan lepas lapu-lapu buat onic..bkalan jadi badut tu onic 
2025-11-02 16:16:10,@RyaaNatNat,eh buset
2025-11-02 16:16:10,@rahmadrifki3020,EPOS IS BAKHHHH
2025-11-02 16:16:10,@AhmadAlfin-lr7vb,7
2025-11-02 16:16:10,@MuhammadRaihannx,"Buat yang nanya RRQ main jam berapa, RRQ lagi persiapan ke M7 lewat jalur SNBP :winking_face_with_tongue: 7"
2025-11-02 16:16:11,@DBP1204,alamak nunggu lagi
2025-11-02 16:16:11,@sangpelangi1719,bawa M7 ka Indonesia memang M7 nya dimana
2025-11-02 16:16:11,@FaizalAdi-mn6mf,7
2025-11-02 16:16:12,@yuuotasaka6948,masih 2jam ini
2025-11-02 16:16:14,@AhmadAlfin-lr7vb,7
2025-11-02 16:16:15,@alonvalen4960,AE juara ni
2025-11-02 16:16:15,@Roisul-gl9kv,sekali lagi EVOS IS BACK wkwkwkwk
2025-11-02 16:16:15,@rahmadrifki3020,EPOS IS BAKHHHH
2025-11-02 16:16:16,@MUNCHEN82,rrq udh nunggu di super grand final
2025-11-02 16:16:18,@AhmadAlfin-lr7vb,7
2025-11-02 16:16:18,@randgaming2082,ALTER EGOOO MANA SUARANYA
2025-11-02 16:16:19,@bezztv6905,3
2025-11-02 16:16:20,@kagamitatsuya,BAWA PIALANYA KE INDONESIA PLISSS JNG KECEWAIN KITA YAH
2025-11-02 16:16:21,@rahmadrifki3020,EPOS IS BAKHHHH
2025-11-02 16:16:22,@zee_idontnow213,Siapa kitee
2025-11-02 16:16:23,@AhmadAlfin-lr7vb,7
2025-11-02 16:16:23,@FaizalAdi-mn6mf,EPOS ISBAK
2025-11-02 16:16:24,@rhezymngibull47,SANTAPAN PH
2025-11-02 16:16:25,@andreasvalentino830,Skylar beban
2025-11-02 16:16:26,@anugrah4514,Bismillahirrahmanirrahim onic juara kembali
2025-11-02 16:16:26,@anastw2064,tetep aja yang viral hesteg7
2025-11-02 16:16:27,@AhmadAlfin-lr7vb,7
2025-11-02 16:16:27,@fitrionoferi273,:volcano-green-lava-orange:
2025-11-02 16:16:29,@rahmadrifki3020,EPOS IS BAKHHHH
2025-11-02 16:16:31,@yuuotasaka6948,msh lama
2025-11-02 16:16:31,@AhmadAlfin-lr7vb,7
2025-11-02 16:16:32,@kagamitatsuya,BAWA PIALANYA KE INDONESIA PLISSS JNG KECEWAIN KITA YAH
2025-11-02 16:16:33,@semmz2970,emg rrq jualan beras ya :cat_with_tears_of_joy:
2025-11-02 16:16:34,@SaktiArdiansyah-p8u,:backhand_index_pointing_down::squinting_face_with_tongue::backhand_index_pointing_up:
2025-11-02 16:16:35,@AhmadAlfin-lr7vb,7
2025-11-02 16:16:36,@taktau1622,""" EVOS IS BAKKK SAMBIL KOKOP MIC"
2025-11-02 16:16:37,@sky2-b9n,is back
2025-11-02 16:16:37,@rahmadrifki3020,EPOS IS BAKHHHH
2025-11-02 16:16:38,@nomad-b5w,LESGIOOOOOO
2025-11-02 16:16:39,@AhmadAlfin-lr7vb,7
2025-11-02 16:16:39,@FaizalAdi-mn6mf,EEEPPOOOOOSSSSASSSS ISSSSS BAAAAAAKKKKKK
2025-11-02 16:16:40,@bogel2780,o
2025-11-02 16:16:40,@Roisul-gl9kv,EPOSH ESBAKHHHHH
2025-11-02 16:16:42,@MuhammadRaihannx,"Buat yang nanya RRQ main jam berapa, RRQ lagi persiapan ke M7 lewat jalur SNBP :winking_face_with_tongue: 7"
2025-11-02 16:16:44,@rahmadrifki3020,EPOS IS BAKHHHH
2025-11-02 16:16:45,@Izwan1902,aw
2025-11-02 16:16:45,@miftahkhair7166,AE Juara
2025-11-02 16:16:46,@sapribotakrayyan6451,al in ae
2025-11-02 16:16:47,@arsm_xdv,ini grand final langsung ngangkat piala kah bang???
2025-11-02 16:16:47,@zee_idontnow213,koh delwyn nonton di stage ya
2025-11-02 16:16:47,@Zulmeee-q3v,7
2025-11-02 16:16:49,@Izwan1902,ae
2025-11-02 16:16:51,@arifalvian8274,7
2025-11-02 16:16:51,@Izwan1902,ae
2025-11-02 16:16:52,@MartinChapao,let's go onic
2025-11-02 16:16:52,@Zulmeee-q3v,7
2025-11-02 16:16:53,@dell_2240,BISMILLAH ONIC
2025-11-02 16:16:53,@rahmadrifki3020,EPOS IS BAKHHHH
2025-11-02 16:16:53,@arifalvian8274,7
2025-11-02 16:16:54,@Izwan1902,ae
2025-11-02 16:16:54,@arifalvian8274,7
2025-11-02 16:16:56,@arifalvian8274,7
2025-11-02 16:16:56,@Izwan1902,ae
2025-11-02 16:16:57,@Zulmeee-q3v,7
2025-11-02 16:16:59,@sky2-b9n,epis ez back
2025-11-02 16:16:59,@MuhammadRaihannx,"Buat yang nanya RRQ main jam berapa, RRQ lagi persiapan ke M7 lewat jalur SNBP :winking_face_with_tongue: 7"
2025-11-02 16:17:00,@DerylTirtaSalim-xp7zd,koh delwyn blm live?
2025-11-02 16:17:00,@Joycarlote,rrq juara
2025-11-02 16:17:00,@rahmadrifki3020,EPOS IS BAKHHHH
2025-11-02 16:17:01,@taktau1622,"'DENGAN PD NY' KATAKAN PADA DUNIA "" EVOS IS BAKKK """
2025-11-02 16:17:03,@Roisul-gl9kv,EPOSH ESBAKHHHHH
2025-11-02 16:17:04,@Rizuki6567,mau onic atau ae pokoknya indo harus usahakan bw piala m7!!!
2025-11-02 16:17:04,@sky2-b9n,Ae
2025-11-02 16:17:05,@zhariblack9556,epos is back goa kah?
2025-11-02 16:17:07,@ajateverything7289,½jam lgi
2025-11-02 16:17:07,@AldiArdiansyah05,RRQ AP 7
2025-11-02 16:17:07,@Clm_FaridBulcenk,Bismillah ae juara
2025-11-02 16:17:07,@zotacc1947,7
2025-11-02 16:17:08,@rahmadrifki3020,EPOS IS BAKHHHH
2025-11-02 16:17:09,@XzeonYT,masa lawan :chicken:
2025-11-02 16:17:09,@gabutzchanel136,bocil bocil ini yg komen
2025-11-02 16:17:10,@Mmzdaplun69,AE juara kayanya
2025-11-02 16:17:12,@taktau1622,"'DENGAN PD NY' KATAKAN PADA DUNIA "" EVOS IS BAKKK """
2025-11-02 16:17:12,@matnorfaqoth8163,langsung
2025-11-02 16:17:14,@DerylTirtaSalim-xp7zd,koh delwyn g live kah
2025-11-02 16:17:15,@sangpelangi1719,bawa M7 ka Indonesia memang M7 nya dimana
2025-11-02 16:17:15,@BengkelMikdan,let's go AE
2025-11-02 16:17:16,@alfarez6312,Ya Allah menangkan alterego
2025-11-02 16:17:16,@AndreSantos-xm6ij,7
2025-11-02 16:17:18,@dalbochannel663,sekali msuk m series tpi lgsg juara EVOS kelassss ga tuhhhh :face_with_tears_of_joy:
2025-11-02 16:17:18,@Kailash-c2k,rrq ko GK masuk ya wkwkwk
2025-11-02 16:17:20,@AndreSantos-xm6ij,7
2025-11-02 16:17:21,@atikefendi5322,epos es baaakk
2025-11-02 16:17:24,@rahmadrifki3020,EPOS BAKHH KE GOA
2025-11-02 16:17:24,@frochman-k7,7
2025-11-02 16:17:26,@thekingoflegendsthekingofl1600,bismillah AE
2025-11-02 16:17:27,@AdhityaPranata-v4r,ayo ae
2025-11-02 16:17:28,@frochman-k7,7
2025-11-02 16:17:29,@arsm_xdv,POKE
2025-11-02 16:17:30,@frochman-k7,7
2025-11-02 16:17:31,@rahmadrifki3020,EPOS BAKHH KE GOA
2025-11-02 16:17:31,@taktau1622,"'DENGAN PD NY' KATAKAN PADA DUNIA "" EVOS IS BAKKK """
2025-11-02 16:17:33,@BengkelMikdan,AE mode serius jangn main2
2025-11-02 16:17:34,@zhariblack9556,evos kok ga masuk ya?
2025-11-02 16:17:35,@AndreSantos-xm6ij,takut ha nanti akunnya Hilang lgi 
2025-11-02 16:17:35,@arssssssssssss,7
2025-11-02 16:17:35,@MugiPanjiWardhana,M7 yareuuu
2025-11-02 16:17:36,@najwaatika4296,gooo onic
2025-11-02 16:17:36,@rahmadrifki3020,EPOS BAKHH KE GOA
2025-11-02 16:17:39,@muhammadrizqy1914,M7
2025-11-02 16:17:40,@zyvaRy,7
2025-11-02 16:17:41,@sky2-b9n,EZ BACK:cat-orange-whistling:
2025-11-02 16:17:42,@rahmadrifki3020,EPOS BAKHH KE GOA
2025-11-02 16:17:45,@patronnn12,EPOS BAKKKKK
2025-11-02 16:17:48,@rahmadrifki3020,EPOS BAKHH KE GOA
2025-11-02 16:17:49,@aldisaiful6533,ayo onic
2025-11-02 16:17:49,@Roisul-gl9kv,EPOSH ESBAKHHHHH
2025-11-02 16:17:49,@YanzBen,al in onik
2025-11-02 16:17:49,@taktau1622,"'DENGAN PD NY' KATAKAN PADA DUNIA "" EVOS IS BAKKK """
2025-11-02 16:17:51,@patronnn12,EGPOS ISBAKKKK
2025-11-02 16:17:54,@sheesehh,7 evos 7 rrq
2025-11-02 16:17:54,@azwachannel3874,bismillah go go onic:palms_up_together:
2025-11-02 16:17:54,@zhariblack9556,evos kok jadi badut ya?
2025-11-02 16:17:55,@deraksistem89,by one id 893012
2025-11-02 16:17:57,@RyaaNatNat,balik lg nnt
2025-11-02 16:17:58,@taktau1622,"'DENGAN PD NY' KATAKAN PADA DUNIA "" EVOS IS BAKKK """
2025-11-02 16:17:59,@rahmadrifki3020,EPOS BAKHH KE GOA
2025-11-02 16:17:59,@Kailash-c2k,yang dukung onic kumpul
2025-11-02 16:18:00,@AndreSantos-xm6ij,7
2025-11-02 16:18:01,@kocinpopu,evos back
2025-11-02 16:18:03,@sevendegee,epos kontlo
2025-11-02 16:18:06,@dietoaselink3325,gwe mau liat ko delwyn nangisss .. GO AE GO.. Hhahahahahaha
2025-11-02 16:18:07,@rahmadrifki3020,EPOS BAKHH KE GOA
2025-11-02 16:18:07,@RyanFriyansah,"mau masuk m7 , mimpi vos"
2025-11-02 16:18:07,@taktau1622,"'DENGAN PD NY' KATAKAN PADA DUNIA "" EVOS IS BAKKK """
2025-11-02 16:18:07,@roouder,cepet babget final nya bowok
2025-11-02 16:18:07,@AndreSantos-xm6ij,7
2025-11-02 16:18:10,@patronnn12,EPOS ISBAKKKK
2025-11-02 16:18:12,@AldiArdiansyah05,RR7
2025-11-02 16:18:14,@jodiakbar4667,onic juaraa
2025-11-02 16:18:14,@1412rahmat,udah 17rb aja yg nonton
2025-11-02 16:18:14,@hafiszamarel,apasi bawa bawa rrq 
2025-11-02 16:18:15,@rahmadrifki3020,EPOS BAKHH KE GOA
2025-11-02 16:18:15,@AndraSyahputra-mw9po,onic behaa
2025-11-02 16:18:17,@VitaminX69,nanti mainnya malam ini mah :grinning_face_with_sweat:
2025-11-02 16:18:17,@pirxxx,7
2025-11-02 16:18:19,@sebastian-richie,AE GOGOGO
2025-11-02 16:18:20,@Filem_viral,RRQ KAPAN MAIN BANG??
2025-11-02 16:18:20,@RafiSobirin,"yooo, onic siap juara dan menangkan M7, LESGOOO ONICCC"
2025-11-02 16:18:20,@Roisul-gl9kv,EPOSH ESBAKHHHHH
2025-11-02 16:18:23,@wawanarsyad2060,AE menang nihh
2025-11-02 16:18:25,@taktau1622,"'DENGAN PD NY' KATAKAN PADA DUNIA "" EVOS IS BAKKK """
2025-11-02 16:18:26,@arsm_xdv,INI GRAND FINAL LANGSUNG NGANGKAT PIALA KAH?
2025-11-02 16:18:26,@deraksistem89,by one cok id gw 893012
2025-11-02 16:18:28,@ridzz-7161,AE YOK
2025-11-02 16:18:29,@Filem_viral,RRQ KAPAN MAIN BANG??
2025-11-02 16:18:30,@AndreSantos-xm6ij,7
2025-11-02 16:18:31,@BengkelMikdan,lama banget
2025-11-02 16:18:31,@Sabrinnamhrn,lama banget
2025-11-02 16:18:32,@dhiyaWW,onic menang pls
2025-11-02 16:18:33,@AndreSantos-xm6ij,7
2025-11-02 16:18:36,@zhariblack9556,mana skin grager m7 nya pos? hero kok granger only
2025-11-02 16:18:37,@Infookpts,TUHAN YESUS SEMOGA AE MENANG AMIN:folded_hands:
2025-11-02 16:18:37,@jodiakbar4667,o
2025-11-02 16:18:38,@kalianwibu1,hujan guys
2025-11-02 16:18:39,@Qihzzstr,RRQ MLU YG KENA BUTUH BERASKAH
2025-11-02 16:18:39,@cipiyaaa3241,semangat
2025-11-02 16:18:40,@gkadanama5948,BO7rrq
2025-11-02 16:18:40,@leomurphy3410,10jt gue alterego
2025-11-02 16:18:41,@taktau1622,"'DENGAN PD NY' KATAKAN PADA DUNIA "" EVOS IS BAKKK """
2025-11-02 16:18:42,@RafiSobirin,onic lahh
2025-11-02 16:18:43,@Filem_viral,RRQ KAPAN MAIN BANG??
2025-11-02 16:18:44,@syaefularifin9931,AE yok
2025-11-02 16:18:45,@yusrilzriell2352,viva onic
2025-11-02 16:18:46,@johanmulyajaya7422,lama jembot
2025-11-02 16:18:47,@AldiArdiansyah05,RR7
2025-11-02 16:18:47,@Roisul-gl9kv,EPOSH ESBAKHHHHH
2025-11-02 16:18:49,@frochman-k7,ae go go go
2025-11-02 16:18:50,@jodiakbar4667,onic
2025-11-02 16:18:53,@Hidayat-o2u,tebak sekor
2025-11-02 16:18:54,@taktau1622,"'DENGAN PD NY' KATAKAN PADA DUNIA "" EVOS IS BAKKK """
2025-11-02 16:18:55,@AJSs-ef1jn,ASCCHANELL.. 5JT DOANK? YAUDA GAPAPA GW AE GASSS
2025-11-02 16:18:56,@jodiakbar4667,onic
2025-11-02 16:18:56,@johanmulyajaya7422,lama
2025-11-02 16:18:57,@kalianwibu1,HUJAN
2025-11-02 16:18:58,@namzvibes,bocil epos ramein predator dong evos valo mau mulai ni
2025-11-02 16:18:59,@ifkiirispek3612,7
2025-11-02 16:18:59,@Afgan-08,lama jumpboat
2025-11-02 16:18:59,@ShalsaIsmail-lv3lr,bismillah onic menang
2025-11-02 16:19:00,@Filem_viral,RRQ KAPAN MAIN BANG??
2025-11-02 16:19:02,@yanuarrodio1871,SEMUA SPAM TLPH
2025-11-02 16:19:03,@teknisiburonan,bismillah ERERQI
2025-11-02 16:19:03,@junzzy0267,ae go go go
2025-11-02 16:19:04,@jodiakbar4667,onic
2025-11-02 16:19:06,@fadlisubhan8932,20 onic
2025-11-02 16:19:06,@wahyutriyanto7583,sepi kali weee:moai:
2025-11-02 16:19:08,@johanmulyajaya7422,lama
2025-11-02 16:19:11,@fadlisubhan8932,20 JT onic
2025-11-02 16:19:11,@jodiakbar4667,onic
2025-11-02 16:19:12,@RafiSobirin,3-2
2025-11-02 16:19:12,@mdpaiz20,ayuh onic tunjukkan taringmu juara go onic
2025-11-02 16:19:12,@johanmulyajaya7422,lama
2025-11-02 16:19:12,@Roisul-gl9kv,yok 5jt gw ae
2025-11-02 16:19:12,@aminsetyadi5851,ONIC LOKAL
2025-11-02 16:19:13,@taktau1622,"'DENGAN PD NY' KATAKAN PADA DUNIA "" EVOS IS BAKKK """
2025-11-02 16:19:13,@zhariblack9556,evos 4-2 ?
2025-11-02 16:19:16,@rafdvlog4144,alter ego juaraa kayanyaaa
2025-11-02 16:19:16,@johanmulyajaya7422,lama
2025-11-02 16:19:17,@bilalalhabzi9672,7
2025-11-02 16:19:17,@jodiakbar4667,onic
2025-11-02 16:19:17,@Filem_viral,RRQ KAPAN MAIN BANG??
2025-11-02 16:19:23,@jodiakbar4667,onic
2025-11-02 16:19:24,@nurfaidah1984,bagi yang nanya jam berapa main jam 17:30 
2025-11-02 16:19:26,@AndreSantos-xm6ij,AE juara tahun ini 
2025-11-02 16:19:26,@rafdvlog4144,Tandain gua kalo kalah AE
2025-11-02 16:19:27,@agungadityaali545,halo gaesss
2025-11-02 16:19:27,@ToxBarCH,WEH M7 DIMANA GES
2025-11-02 16:19:28,@ucihaindra-y9x,rrq pasti menang:beaming_face_with_smiling_eyes:
2025-11-02 16:19:30,@taktau1622,"'DENGAN PD NY' KATAKAN PADA DUNIA "" EVOS IS BAKKK """
2025-11-02 16:19:30,@f3rr99,ayo rank 1 match
2025-11-02 16:19:30,@fadlisubhan8932,yang megang AE kirim sosmed
2025-11-02 16:19:30,@RafiSobirin,onic menangg
2025-11-02 16:19:31,@yogasaprince,alter ego go go go!!!!
2025-11-02 16:19:32,@Kuryart,AD
2025-11-02 16:19:34,@romanju6170,rrq maen jam berapa
2025-11-02 16:19:37,@syahidhasballah9917,prr
2025-11-02 16:19:37,@Filem_viral,RRQ KAPAN MAIN BANG??
2025-11-02 16:19:37,@f3rr99,gua mm
2025-11-02 16:19:38,@kalianwibu1,jam 7 main kya nya
2025-11-02 16:19:39,@namzvibes,ke predator gaming indo dulu evos mau mainnn
2025-11-02 16:19:39,@SobriSobri-u5z,JUARA BARU AE
2025-11-02 16:19:39,@Ongklrcs,"tolong buat onic ngalah ya, kasih 1 piala mpl buat alter ego, kalian piala m7 aja"
2025-11-02 16:19:43,@imamsyahrony366,inpo rank
2025-11-02 16:19:44,@taktau1622,"'DENGAN PD NY' KATAKAN PADA DUNIA "" EVOS IS BAKKK """
2025-11-02 16:19:45,@AndreSantos-xm6ij,AE JUARA :1st_place_medal: AMIIN 
2025-11-02 16:19:46,@yanuarrodio1871,"MAU MANAPUN YANG JUARA MPL, TETEP PH YANG JUARA M7"
2025-11-02 16:19:50,@4teeny,:face-blue-smiling:
2025-11-02 16:19:52,@Ncepp-u1r,RRQ main jam barapa
2025-11-02 16:19:53,@MuhammadRaihannx,"""gEtA aJa BiNtAnGnYa AdA eNaM mAsA oNiC cUmA sAtU"" :clown_face:"
2025-11-02 16:19:54,@fendimaulana2026,Al in onic
2025-11-02 16:19:57,@Filem_viral,RRQ KAPAN MAIN BANG??
2025-11-02 16:19:58,@azelvon,RRQ MAIN TENGAH MALEM TUNGGUIN AJA
2025-11-02 16:20:01,@taktau1622,"'DENGAN PD NY' KATAKAN PADA DUNIA "" EVOS IS BAKKK """
2025-11-02 16:20:02,@Hidayat-o2u,ae mengukir sejarah
2025-11-02 16:20:03,@Filem_viral,RRQ KAPAN MAIN BANG??
2025-11-02 16:20:03,@4teeny,:face-blue-smiling:
2025-11-02 16:20:05,@zhariblack9556,evos main jam brp
2025-11-02 16:20:05,@adamabuzahfranrasyid3138,pengen lihat juara baru...ALTEREGOOO
2025-11-02 16:20:05,@Roisul-gl9kv,EPOSH ESBAKHHHHH
2025-11-02 16:20:05,@Mneodhx_2,lama
2025-11-02 16:20:06,@MUBARAK.AN-NAJAH,sok sok an taruhannn..kok di sini.. cuma tulisan doang. 5jt 10jt. TULISANNN DOANG
2025-11-02 16:20:07,@AndreSantos-xm6ij,AE juara :trophy: 
2025-11-02 16:20:07,@MuhammadRaihannx,"""gEtA aJa BiNtAnGnYa AdA eNaM mAsA oNiC cUmA sAtU"" :clown_face:"
2025-11-02 16:20:08,@bimaarka6135,super biji badag
2025-11-02 16:20:09,@tharissadzurotutstsaminaha8594,LAMAAAAAAAAA
2025-11-02 16:20:09,@nightbot,MPL ID dengan tegas menentang segala bentuk perjudian & mendukung kompetisi yang adil dan berintegritas. Mari kita bangun komunitas yang menghormati nilai-nilai sportivitas dalam dunia esports!
2025-11-02 16:20:10,@f3rr99,lama oi
2025-11-02 16:20:10,@srv422,kiboy kalau serius Hero nya apa
2025-11-02 16:20:10,@Lavoz969,jam limakk
2025-11-02 16:20:11,@firdayanti437,Gw ae seribu ada lawan
2025-11-02 16:20:11,@Ongklrcs,"yok bisa AE bawa piala MPL , onic bawa piala M7"
2025-11-02 16:20:12,@AnisMiftakhulkhotimah,onic
2025-11-02 16:20:12,@fery21,rrq raja kok ga lolos play off huahahaha
2025-11-02 16:20:13,@agielaguestier4308,hem
2025-11-02 16:20:14,@ikaananda5748,rrq main dalem goa
2025-11-02 16:20:14,@NayakaJulian-hj9iv,layla bini ge jir
2025-11-02 16:20:17,@fery21,rrq raja kok ga lolos play off huahahaha
2025-11-02 16:20:17,@RotiSeres,main nya jam berapa ini?
2025-11-02 16:20:18,@tharissadzurotutstsaminaha8594,LAMAAAAAAAAA oiiiiiii
2025-11-02 16:20:19,@zhariblack9556,evos cm bisa jadi badut
2025-11-02 16:20:20,@GOJOSS5,RRQ JAM BERAPA
2025-11-02 16:20:20,@hans-herlando,onic juara
2025-11-02 16:20:20,@Filem_viral,RRQ KAPAN MAIN BANG??
2025-11-02 16:20:23,@taktau1622,"'DENGAN PD NY' KATAKAN PADA DUNIA "" EVOS IS BAKKK """
2025-11-02 16:20:27,@fery21,rrq raja kok ga lolos play off huahahaha
2025-11-02 16:20:29,@JackTheRipper-s8h,semoga AE
2025-11-02 16:20:30,@shooziki,KOK GA AWL
2025-11-02 16:20:30,@zhariblack9556,evos jam brp
2025-11-02 16:20:31,@Roisul-gl9kv,EPOSH ESBAKHHHHH
2025-11-02 16:20:31,@Filem_viral,RRQ KAPAN MAIN BANG??
2025-11-02 16:20:36,@Roisul-gl9kv,EPOSH ESBAKHHHHH
2025-11-02 16:20:36,@taktau1622,"'DENGAN PD NY' KATAKAN PADA DUNIA "" EVOS IS BAKKK """
2025-11-02 16:20:36,@HabibiHabibi-rw7jf,oniccc
2025-11-02 16:20:36,@Panjiww,kingdom mana suaranyaa
2025-11-02 16:20:37,@KAIS3NXTULAL1T,onic badut
2025-11-02 16:20:37,@fery21,rrq raja kok ga lolos play off huahahaha
2025-11-02 16:20:38,@MuhammadRandisya,gooooo onicc
2025-11-02 16:20:38,@AndreSantos-xm6ij,AE Juara :trophy: 
2025-11-02 16:20:39,@AnisMiftakhulkhotimah,onic pasti juara
2025-11-02 16:20:40,@sky2-b9n,EVOS jam brpa ??
2025-11-02 16:20:41,@zhariblack9556,evos kok ngebadut
2025-11-02 16:20:43,@MuhammadRaihannx,"""gEtA aJa BiNtAnGnYa AdA eNaM mAsA oNiC cUmA sAtU"" Ucapan salah satu :clown_face:"
2025-11-02 16:20:43,@Filem_viral,RRQ KAPAN MAIN BANG??
2025-11-02 16:20:44,@khadafidafi4717,kingdom ga di ajak
2025-11-02 16:20:44,@shooziki,kak awl mana
2025-11-02 16:20:47,@srv422,onic juara gw tidur nyenyak
2025-11-02 16:20:49,@fery21,rrq raja kok ga lolos play off huahahaha
2025-11-02 16:20:49,@crepeww,onic
2025-11-02 16:20:50,@KAIS3NXTULAL1T,onic badut
2025-11-02 16:20:50,@MuhammadRandisya,:squinting_face_with_tongue::backhand_index_pointing_up:
2025-11-02 16:20:53,@taktau1622,"'DENGAN PD NY' KATAKAN PADA DUNIA "" EVOS IS BAKKK """
2025-11-02 16:20:54,@masbremmasbrem2033,ae sii
2025-11-02 16:20:54,@f3rr99,rrq djuara
2025-11-02 16:20:54,@ZackFCM,lamanyo :moai:
2025-11-02 16:20:57,@DonnyEl-rw3le,AE juara gua jalan gak pake baju di jam 12 siang
2025-11-02 16:20:57,@yuuotasaka6948,aduhhh bacotnya
2025-11-02 16:20:57,@Nana20501,DENGAN KESADARAN PENUH HATIKU TETAP SAMA ONIC ONIC DAN ONIC
2025-11-02 16:20:57,@Filem_viral,RRQ KAPAN MAIN BANG??
2025-11-02 16:20:58,@MuhammadRandisya,:squinting_face_with_tongue::backhand_index_pointing_up:
2025-11-02 16:21:00,@Nothinsudah,LETSGO LIQUID
2025-11-02 16:21:01,@fery21,rrq raja kok ga lolos play off huahahaha
2025-11-02 16:21:04,@Filem_viral,RRQ KAPAN MAIN BANG??
2025-11-02 16:21:04,@FaizKaes,INPO NOMOR HK????
2025-11-02 16:21:05,@Nana20501,DENGAN KESADARAN PENUH HATIKU TETAP SAMA ONIC ONIC DAN ONIC
2025-11-02 16:21:05,@MuhammadRaihannx,"""gEtA aJa BiNtAnGnYa AdA eNaM mAsA oNiC cUmA sAtU"" Ucapan salah satu :clown_face:"
2025-11-02 16:21:06,@GOJOSS5,RRQ KPN MAIN
2025-11-02 16:21:06,@HabibiHabibi-rw7jf,gooo onicc
2025-11-02 16:21:06,@EvranazrielEfendi,goo onic
2025-11-02 16:21:07,@yuuotasaka6948,banyak omong
2025-11-02 16:21:09,@muhammadrifkyrifky2594,50jt buat onic semoga menang
2025-11-02 16:21:09,@AnisMiftakhulkhotimah,onic
2025-11-02 16:21:11,@KiooooMT,wkwk kingdom keluar goa buat yaping evos kalah doang:face_with_tears_of_joy::face_with_tears_of_joy::face_with_tears_of_joy:
2025-11-02 16:21:11,@ZaidannurrizkiNurrizki,onic menang gua kayang
2025-11-02 16:21:11,@Nothinsudah,LESTGO LIQUID
2025-11-02 16:21:12,@zhariblack9556,evos kok badut
2025-11-02 16:21:14,@FatihNyeleneh4814,YANG KOMEN BANYAK KONGDOM YANG SAKIT HATI
2025-11-02 16:21:14,@NuryasminYasmin-q1u1y,goo rrq
2025-11-02 16:21:14,@Nana20501,DENGAN KESADARAN PENUH HATIKU TETAP SAMA ONIC ONIC DAN ONIC
2025-11-02 16:21:14,@Ethan-27-s4f,GUYS ADA YG TAU KENAPA SALURAN WA MLBB DITUTUP
2025-11-02 16:21:14,@Mkidds97,:love_you_gesture::backhand_index_pointing_down: 37
2025-11-02 16:21:14,@Yuwan-n5w,go go bude
2025-11-02 16:21:15,@halimatussakdiah9522,LANGSUNG AJA KASIH PIALANYA KE ONIC
2025-11-02 16:21:15,@Filem_viral,RRQ KAPAN MAIN BANG??
2025-11-02 16:21:15,@fery21,rrq raja kok ga lolos play off huahahaha
2025-11-02 16:21:16,@Blobers_team,kecewa kalo onic lagi
2025-11-02 16:21:18,@ArgaNi-g5n,epos juara
2025-11-02 16:21:19,@Skrillex08-n9r,ayo ae reput piala mpl
2025-11-02 16:21:19,@Roisul-gl9kv,6672
2025-11-02 16:21:20,@rizkysimamora-m3w3t,Yok AE Sonic di internasional :thumbs_up:
2025-11-02 16:21:22,@Filem_viral,RRQ KAPAN MAIN BANG??
2025-11-02 16:21:22,@insanchanel2005,ONIC RUNNER UP
2025-11-02 16:21:23,@AnisMiftakhulkhotimah,onic pasti akan menang
2025-11-02 16:21:24,@zhariblack9556,evos cbg ? cuma bisa granger ?
2025-11-02 16:21:24,@putradriver,Raja badut
2025-11-02 16:21:24,@yuuotasaka6948,taruhan sini mau gak
2025-11-02 16:21:24,@Nana20501,DENGAN KESADARAN PENUH HATIKU TETAP SAMA ONIC ONIC DAN ONIC
2025-11-02 16:21:24,@Iqballkgg,tes kesabaran admin
2025-11-02 16:21:24,@dentsadega5621,alter egoo....
2025-11-02 16:21:25,@fendimaulana2026,Rrq raja dari segala raja nggk sih
2025-11-02 16:21:25,@f3rr99,lama kuota gua keburu abis
2025-11-02 16:21:25,@taktau1622,"'DENGAN PD NY' KATAKAN PADA DUNIA "" EVOS IS BAKKK """
2025-11-02 16:21:26,@adrianrizky9740,lets goo barcelona
2025-11-02 16:21:26,@Kenzder,all in ae
2025-11-02 16:21:26,@Ahmadsoft,PERMALUKAN ONINC
2025-11-02 16:21:28,@ahmadct2752,onic mode grand final ngeri
2025-11-02 16:21:28,@fendimaulana2026,Rrq no conter
2025-11-02 16:21:29,@fery21,rrq raja kok ga lolos play off huahahaha
2025-11-02 16:21:29,@Filem_viral,RRQ KAPAN MAIN BANG??
2025-11-02 16:21:35,@Ahmadsoft,PULANG KAAAN ONICCCCCCC
2025-11-02 16:21:36,@MuhammadRaihannx,"""gEtA aJa BiNtAnGnYa AdA eNaM mAsA oNiC cUmA sAtU"" Ucapan salah satu :clown_face:"
2025-11-02 16:21:36,@taktau1622,"'DENGAN PD NY' KATAKAN PADA DUNIA "" EVOS IS BAKKK """
2025-11-02 16:21:36,@Nana20501,DENGAN KESADARAN PENUH HATIKU TETAP SAMA ONIC ONIC DAN ONIC
2025-11-02 16:21:39,@Ethan-27-s4f,SALURAN MLBB DI WA DI TUTUP WOY
2025-11-02 16:21:39,@fery21,rrq raja kok ga lolos play off huahahaha
2025-11-02 16:21:41,@mdpaiz20,onic juara aminnn
2025-11-02 16:21:42,@GOJOSS5,RRQ Kapn main
2025-11-02 16:21:43,@Filem_viral,RRQ KAPAN MAIN BANG??
2025-11-02 16:21:43,@dezetsu,AEEE
2025-11-02 16:21:44,@choiril61,AE juara besok gua masuk kerja
2025-11-02 16:21:45,@DonnyEl-rw3le,alter ego go go go go
2025-11-02 16:21:46,@yuuotasaka6948,gw AE
2025-11-02 16:21:47,@agunggumelar1705,7
2025-11-02 16:21:48,@anggaraputra9791,plis lah ya onic lu piala dah banyak kasih dong ae 1 aja
2025-11-02 16:21:49,@taktau1622,"'DENGAN PD NY' KATAKAN PADA DUNIA "" EVOS IS BAKKK """
2025-11-02 16:21:49,@ArgaNi-g5n,gg epos
2025-11-02 16:21:49,@MuhammadRaihannx,"""gEtA aJa BiNtAnGnYa AdA eNaM mAsA oNiC cUmA sAtU"" Ucapan salah satu :clown_face:"
2025-11-02 16:21:51,@Yuwan-n5w,lunox anak gs
2025-11-02 16:21:51,@agunggumelar1705,7
2025-11-02 16:21:52,@zhariblack9556,evos kapan main?
2025-11-02 16:21:53,@PRONINJA_12,AE di mari !!!
2025-11-02 16:21:53,@Filem_viral,RRQ KAPAN MAIN BANG??
2025-11-02 16:21:55,@agunggumelar1705,7
2025-11-02 16:21:55,@Ahmadsoft,AE
2025-11-02 16:21:55,@afdollyakbar8156,JADWAL EVOS KAPAN
2025-11-02 16:21:56,@fery21,rrq raja kok ga lolos play off huahahaha
2025-11-02 16:21:58,@agunggumelar1705,7
2025-11-02 16:21:59,@haelganz2279,UCOK LUBIS BARGES
2025-11-02 16:21:59,@ArisAdhipamungkas,lestgo AE
2025-11-02 16:21:59,@vanguard-i9r,gilaa sanz
2025-11-02 16:21:59,@tanandrew4498,ONIC pasti menang
2025-11-02 16:22:00,@noewardana7209,"oh belum mulai ternyata, maklum baru nonton RRQ valoran angkat piala"
2025-11-02 16:22:01,@agunggumelar1705,7
2025-11-02 16:22:04,@zasningsih,lama 7
2025-11-02 16:22:04,@Filem_viral,RRQ KAPAN MAIN BANG??
2025-11-02 16:22:05,@agunggumelar1705,7
2025-11-02 16:22:05,@MuhammadRaihannx,"""gEtA aJa BiNtAnGnYa AdA eNaM mAsA oNiC cUmA sAtU"" Ucapan salah satu :clown_face:"
2025-11-02 16:22:05,@jaremich,ONIK
2025-11-02 16:22:07,@FadlyPulungan2007,7
2025-11-02 16:22:08,@agunggumelar1705,7
2025-11-02 16:22:09,@taktau1622,"'DENGAN PD NY' KATAKAN PADA DUNIA "" EVOS IS BAKKK """
2025-11-02 16:22:09,@fery21,rrq raja kok ga lolos play off huahahaha
2025-11-02 16:22:09,@irvanmaul7579,Goo oniiiic
2025-11-02 16:22:09,@ArgaNi-g5n,epos ikut masuk goa
2025-11-02 16:22:11,@renosaputra5086,semoga AE mengukir sejarrah
2025-11-02 16:22:12,@tharissadzurotutstsaminaha8594,evosss manaaaa banggggg
2025-11-02 16:22:13,@agunggumelar1705,7
2025-11-02 16:22:13,@wandicikawandicika9167,kok sepi yah
2025-11-02 16:22:14,@GOJOSS5,RRQ KAPAN MAIN
2025-11-02 16:22:15,@cilaaafira,7
2025-11-02 16:22:16,@potasium6439,LAMA
2025-11-02 16:22:17,@cilaaafira,7
2025-11-02 16:22:18,@cilaaafira,7
2025-11-02 16:22:18,@cilaaafira,7
2025-11-02 16:22:18,@zee_idontnow213,onic time
2025-11-02 16:22:18,@cilaaafira,7
2025-11-02 16:22:18,@cilaaafira,7
2025-11-02 16:22:19,@Filem_viral,RRQ KAPAN MAIN BANG??
2025-11-02 16:22:19,@PRONINJA_12,badut
2025-11-02 16:22:20,@MuhammadRaihannx,"""gEtA aJa BiNtAnGnYa AdA eNaM mAsA oNiC cUmA sAtU"" Ucapan salah satu :clown_face:"
2025-11-02 16:22:20,@cilaaafira,7
2025-11-02 16:22:23,@arikeren7550,gandeng lah
2025-11-02 16:22:24,@afdollyakbar8156,GAGAL M7 AHHH EVOS
2025-11-02 16:22:24,@adindacantika-o1l,ae akan mengukir sejarah
2025-11-02 16:22:24,@fery21,rrq raja kok ga lolos play off huahahaha
2025-11-02 16:22:24,@lutfi_ansyarii,lama bgt
2025-11-02 16:22:25,@cilaaafira,7
2025-11-02 16:22:27,@vanguard-i9r,ayo onic bikin nino nangis lagi wkwkwkwk
2025-11-02 16:22:28,@taktau1622,"'DENGAN PD NY' KATAKAN PADA DUNIA "" EVOS IS BAKKK """
2025-11-02 16:22:29,@MuhammadRaihannx,"""gEtA aJa BiNtAnGnYa AdA eNaM mAsA oNiC cUmA sAtU"" Ucapan salah satu :clown_face:"
2025-11-02 16:22:29,@Filem_viral,RRQ KAPAN MAIN BANG??
2025-11-02 16:22:29,@prasetyonurmuhammad9074,7
2025-11-02 16:22:30,@Adam-m2c2s,SHOLAT DULU
2025-11-02 16:22:30,@ArgaNi-g5n,epos kpn main
2025-11-02 16:22:31,@tharissadzurotutstsaminaha8594,7
2025-11-02 16:22:32,@Ahmad-i4w9p,cuma di indo grand final di lama lamain semua di indo di ngaretin kocak
2025-11-02 16:22:32,@RahmadMaulana-br5yd,SLESAI TUH ONIC
2025-11-02 16:22:33,@ryuka5867,gelo layla
2025-11-02 16:22:33,@Clipper-l9t,7
2025-11-02 16:22:33,@tomboldislike9850,7
2025-11-02 16:22:34,@fendimaulana2026,Onic time ficks
2025-11-02 16:22:34,@tharissadzurotutstsaminaha8594,7
2025-11-02 16:22:35,@cilaaafira,7
2025-11-02 16:22:35,@tanandrew4498,ONIC pasti menang
2025-11-02 16:22:36,@maliqyz1090,let's go AE BREN
2025-11-02 16:22:38,@tharissadzurotutstsaminaha8594,7
2025-11-02 16:22:39,@sky2-b9n,"sama"" goa gausah debat wkwkwk"
2025-11-02 16:22:39,@Filem_viral,RRQ KAPAN MAIN BANG??
2025-11-02 16:22:39,@AhmadDidik-bv2wt,AE JUARA GUE UNINSTALL GAME INI :beaming_face_with_smiling_eyes:
2025-11-02 16:22:40,@cilaaafira,7
2025-11-02 16:22:40,@ryuka5867,animasi keren
2025-11-02 16:22:40,@syahidhasballah9917,RRQ kan rajanya jadi suka suka dia mau lolos atau tidak :beaming_face_with_smiling_eyes:
2025-11-02 16:22:43,@wirwwira610,Biasakan memanggil rinz dengan sebutan King
2025-11-02 16:22:43,@zhariblack9556,spam 7 ngapain cil? masuk goa juga nya
2025-11-02 16:22:44,@MuhammadRaihannx,"""gEtA aJa BiNtAnGnYa AdA eNaM mAsA oNiC cUmA sAtU"" Ucapan salah satu :clown_face:"
2025-11-02 16:22:48,@wirwwira610,Biasakan memanggil rinz dengan sebutan King
2025-11-02 16:22:48,@samule982,Gua EVOS FAMS Dukung AE:hand-pink-waving:
2025-11-02 16:22:51,@taktau1622,"'DENGAN PD NY' KATAKAN PADA DUNIA "" EVOS IS BAKKK """
2025-11-02 16:22:53,@SalehSaleh-f8u,kok kalah sih Layla:pleading_face:sama alfa
2025-11-02 16:22:56,@Filem_viral,RRQ KAPAN MAIN BANG??
2025-11-02 16:22:56,@khrisnakhrisna1076,onicc bismillah
2025-11-02 16:22:58,@wirwwira610,Biasakan memanggil rinz dengan sebutan King 
2025-11-02 16:22:59,@muhammadrasyid9032,ALTER EGOO. GO GO GOOOOOOOO
2025-11-02 16:22:59,@XYOGSHORTS,yok yok
2025-11-02 16:23:01,@apav5211,Kapan final evos vs rrq?
2025-11-02 16:23:03,@MuhammadRaihannx,"""gEtA aJa BiNtAnGnYa AdA eNaM mAsA oNiC cUmA sAtU"" Ucapan salah satu :clown_face:"
2025-11-02 16:23:04,@AiChannel-t9c,lamo
2025-11-02 16:23:05,@SenoFajar-c7w,pegang perkataan gw ae yang ngangkat pialanya
2025-11-02 16:23:06,@KetutWidiana-n6j,Gua RRQ DUKUNG ONIC
2025-11-02 16:23:08,@DzakyJoulie,7
2025-11-02 16:23:09,@fery21,rrq raja kok ga lolos play off huahahaha
2025-11-02 16:23:10,@Aws-o3p,"Berikan yang terbaik AE, akan kudukung selalu... Semoga menang"
2025-11-02 16:23:11,@Barxsss2And,ooonnnniiiicccc
2025-11-02 16:23:12,@RahmadMaulana-br5yd,AE 3_ ONIC 0
2025-11-02 16:23:12,@ruanggmo4824,kalau prediksi ku yang menang alter ego
2025-11-02 16:23:13,@Filem_viral,RRQ KAPAN MAIN BANG??
2025-11-02 16:23:14,@AhmadDidik-bv2wt,AE JUARA GUE UNINSTALL GAME INI :beaming_face_with_smiling_eyes:
2025-11-02 16:23:16,@vanguard-i9r,evos yg dukung ae tandanya gak terima wkwkwkwk
2025-11-02 16:23:17,@osama_lombeng,WELCAM TUH EPOS RIBZZZ
2025-11-02 16:23:17,@cilaaafira,7
2025-11-02 16:23:18,@rmnasional2436,buja g
2025-11-02 16:23:18,@zhevatumei2748,ayo onic...
2025-11-02 16:23:20,@cilaaafira,7
2025-11-02 16:23:21,@Mkidds97,jam 6 kli
2025-11-02 16:23:22,@MuhammadRaihannx,"""gEtA aJa BiNtAnGnYa AdA eNaM mAsA oNiC cUmA sAtU"" Ucapan salah satu :clown_face:"
2025-11-02 16:23:22,@SalehSaleh-f8u,kita kalah bukan karena musuhnya jago :pleading_face:
2025-11-02 16:23:22,@gilbertsihasale659,GO GO GO ALTER EGO
2025-11-02 16:23:24,@muhdiskandark367,67
2025-11-02 16:23:25,@cilaaafira,7
2025-11-02 16:23:30,@cilaaafira,7
2025-11-02 16:23:30,@Mr.Riuzzzz,7
2025-11-02 16:23:37,@fery21,7
2025-11-02 16:23:39,@kimlong207,ae 4-0
2025-11-02 16:23:42,@taktau1622,"'DENGAN PD NY' KATAKAN PADA DUNIA "" EVOS IS BAKKK """
2025-11-02 16:23:42,@AgilagusFir,7
2025-11-02 16:23:42,@coachmail1168,7
2025-11-02 16:23:43,@ikhsanfiqriady1282,7
2025-11-02 16:23:43,@fery21,rrq raja kok ga lolos play off huahahaha
2025-11-02 16:23:44,@cilaaafira,7
2025-11-02 16:23:45,@adiky123,piks onic menanggggggg
2025-11-02 16:23:46,@Filem_viral,RRQ KAPAN MAIN BANG?? GW MAU LIAT RRQ JUARA MALAM HARI INI BISMILLAH
2025-11-02 16:23:47,@muhmuhyiyuddin2557,ae kalah
2025-11-02 16:23:48,@goksginggong,7 ppk
2025-11-02 16:23:48,@dedekardiansah4986,gas ae salam dri evos semoga ada juara baruu aminn
2025-11-02 16:23:49,@ikirafles2494,RRQ
2025-11-02 16:23:49,@AgilagusFir,#
2025-11-02 16:23:50,@Users-l9t,onic kalh gw push up 100 kali wkwkwk
2025-11-02 16:23:51,@reflekFoiz,7
2025-11-02 16:23:51,@rafirinadi8176,badut
2025-11-02 16:23:52,@ijun6267,gogogogogoogogogoalterego
2025-11-02 16:23:53,@AgilagusFir,7
2025-11-02 16:23:55,@MuhammadRaihannx,"Buat yang nanya RRQ main jam berapa, RRQ lagi persiapan ke M7 lewat jalur SNBP :winking_face_with_tongue: 7"
2025-11-02 16:23:57,@RahmadMaulana-br5yd,ONIC AFK AJA DARIPADA DI SIKSA
2025-11-02 16:23:57,@ikirafles2494,RRQ GOOOOO
2025-11-02 16:23:58,@Oglex514f,bismillah ae juara jangan onic mlu bosen jijik gua wkwkw
2025-11-02 16:23:59,@Aqila_008,rrq jam berapa
2025-11-02 16:24:01,@osama_lombeng,welcom tuh onic RINZZZZZ mahalllll
2025-11-02 16:24:03,@samuelodon,mampus eggpos kalah wkwkkwkwkw
2025-11-02 16:24:04,@muhmuhyiyuddin2557,ae lose
2025-11-02 16:24:06,@MuhammadRaihannx,"Buat yang nanya RRQ main jam berapa, RRQ lagi persiapan ke M7 lewat jalur SNBP :winking_face_with_tongue: 7"
2025-11-02 16:24:06,@alvrell,7
2025-11-02 16:24:07,@zhariblack9556,"ga level spam2 7 cil, balik ke goa juga"
2025-11-02 16:24:07,@ZAEX_16ア,AE SIAP KALAH LAGI LAWAN KING ONIC?
2025-11-02 16:24:08,@AhmadDidik-bv2wt,AE JUARA GUE UNINSTALL GAME INI :beaming_face_with_smiling_eyes:
2025-11-02 16:24:08,@NvrMiissu,RRQ JUARAA
2025-11-02 16:24:09,@gilbertsihasale659,SAATNYABALAS DENDAM 
2025-11-02 16:24:09,@taktau1622,"'DENGAN PD NY' KATAKAN PADA DUNIA "" EVOS IS BAKKK """
2025-11-02 16:24:13,@Aqila_008,rrq main jam berapa
2025-11-02 16:24:14,@Abydaer,AE siap mengacak acak sonic
2025-11-02 16:24:15,@cilaaafira,7
2025-11-02 16:24:16,@Filem_viral,"RRQ KAPAN MAIN BANG?? GW MAU LIAT RRQ JUARA HARI INI BISMILLAH BISA YUK TEMEN"""
2025-11-02 16:24:16,@potasium6439,MCGG serius ada turnamen?
2025-11-02 16:24:18,@mohammadnihwi4933,bnn
2025-11-02 16:24:19,@MuhammadRaihannx,"Buat yang nanya RRQ main jam berapa, RRQ lagi persiapan ke M7 lewat jalur SNBP :winking_face_with_tongue: 7"
2025-11-02 16:24:19,@adiky123,onicccccccc
2025-11-02 16:24:20,@Aqila_008,rrq main jam berapa
2025-11-02 16:24:21,@ZaidannurrizkiNurrizki,AE MENANG GUA KAYANG
2025-11-02 16:24:24,@shdwn9,req main jam berapa
2025-11-02 16:24:24,@yudisulistiaji1383,welcome to onic rinz
2025-11-02 16:24:25,@Filem_viral,"RRQ KAPAN MAIN BANG?? GW MAU LIAT RRQ JUARA HARI INI BISMILLAH BISA YUK TEMEN"""
2025-11-02 16:24:25,@Luifut0n9,udh2 intinya ga rrq ga evos sama2 badut mending diem
2025-11-02 16:24:27,@kaito109.,lama woy
2025-11-02 16:24:28,@Aqila_008,rrq main jam berapa
2025-11-02 16:24:28,@suryadieko1873,siapapun juaranya bawa pulang M7 ke Indonesia
2025-11-02 16:24:30,@SDXRP,GUE ONIC TAPI AE
2025-11-02 16:24:30,@taktau1622,"'DENGAN PD NY' KATAKAN PADA DUNIA "" EVOS IS BAKKK """
2025-11-02 16:24:31,@MuhammadRaihannx,"Buat yang nanya RRQ main jam berapa, RRQ lagi persiapan ke M7 lewat jalur SNBP :winking_face_with_tongue: 7"
2025-11-02 16:24:31,@syahidhasballah9917,dia pikir CR7
2025-11-02 16:24:32,@hanggarayudhapratama387,ALL IN AE NINO (BUKAN PENS #7)
2025-11-02 16:24:32,@Ryundi,RRQ main jam 7 yah adik adik
2025-11-02 16:24:32,@DYr-q2k,uzb:text-green-game-over:
2025-11-02 16:24:33,@insanchanel2005,ALTER EGO GO 
2025-11-02 16:24:35,@WAHHH__01,oniq kalah gua live sambil colmek
2025-11-02 16:24:35,@Aqila_008,rrq main jam berapa
2025-11-02 16:24:35,@AdelLia-s3s,ayos ae muak juara nya onic-evos-rrq itu itu aja paling liquid s14
2025-11-02 16:24:36,@osama_lombeng,WOI SAPA GUA DONG GES
2025-11-02 16:24:36,@atvirizaeka4551,:winking_face_with_tongue::backhand_index_pointing_up:7
2025-11-02 16:24:36,@Filem_viral,"RRQ KAPAN MAIN BANG?? GW MAU LIAT RRQ JUARA HARI INI BISMILLAH BISA YUK TEMEN"""
2025-11-02 16:24:37,@SalehSaleh-f8u,hejin jahat sama mingcun
2025-11-02 16:24:38,@alvitosakha6918,udah GF?
2025-11-02 16:24:43,@Aqila_008,rrq main jam berapa
2025-11-02 16:24:44,@rmnasional2436,p
2025-11-02 16:24:44,@ZaidannurrizkiNurrizki,AE MENANG GUA KAYANG
2025-11-02 16:24:45,@kaito109.,langsung aja kasih ke king onic pialanya
2025-11-02 16:24:45,@RahmadMaulana-br5yd,GADA SEJARAH NY AE KALAH SAMA ONIC
2025-11-02 16:24:46,@muhmuhyiyuddin2557,"""evos is back"" back home"
2025-11-02 16:24:47,@Filem_viral,"RRQ KAPAN MAIN BANG?? GW MAU LIAT RRQ JUARA HARI INI BISMILLAH BISA YUK TEMEN"""
2025-11-02 16:24:49,@MuhammadRaihannx,"Buat yang nanya RRQ main jam berapa, RRQ lagi persiapan ke M7 lewat jalur SNBP :winking_face_with_tongue: 7"
2025-11-02 16:24:50,@jina193,judol 7 nooooo
2025-11-02 16:24:52,@hamzanhadi9052,semoga ae juara musim ini
2025-11-02 16:24:52,@fery21,rrq raja kok ga lolos play off huahahaha
2025-11-02 16:24:54,@taktau1622,"'DENGAN PD NY' KATAKAN PADA DUNIA "" EVOS IS BAKKK """
2025-11-02 16:25:00,@pencollinamit479,alter ego bismillah
2025-11-02 16:25:00,@Filem_viral,"RRQ KAPAN MAIN BANG?? GW MAU LIAT RRQ JUARA HARI INI BISMILLAH BISA YUK TEMEN"""
2025-11-02 16:25:01,@ZaidannurrizkiNurrizki,AE MENANG GUA KAYANG
2025-11-02 16:25:02,@MuhammadRaihannx,"Buat yang nanya RRQ main jam berapa, RRQ lagi persiapan ke M7 lewat jalur SNBP :winking_face_with_tongue: 7"
2025-11-02 16:25:05,@JihyeHong11,rrq
2025-11-02 16:25:07,@yuuotasaka6948,taruhan mau ga sini!!
2025-11-02 16:25:07,@Clare_Naja,"kok rrq malah main lgi guys,ada yg bisa bntu jawab tah?"
2025-11-02 16:25:07,@patchegaming1584,admin gaje chAt ONIC dihapus
2025-11-02 16:25:09,@muhmuhyiyuddin2557,evos is back
2025-11-02 16:25:11,@taktau1622,"'DENGAN PD NY' KATAKAN PADA DUNIA "" EVOS IS BAKKK """
2025-11-02 16:25:12,@Mkidds97,penasaran apakah skylar dendam ke srg?
2025-11-02 16:25:13,@MinKenzi-v3s,onic bismilah
2025-11-02 16:25:12,@daffamuzakki360,ae bismillah
2025-11-02 16:25:13,@Filem_viral,"RRQ KAPAN MAIN BANG?? GW MAU LIAT RRQ JUARA HARI INI BISMILLAH BISA YUK TEMEN"""
2025-11-02 16:25:18,@MuhammadRaihannx,"Buat yang nanya RRQ main jam berapa, RRQ lagi persiapan ke M7 lewat jalur SNBP :winking_face_with_tongue: 7"
2025-11-02 16:25:18,@amrhmd3544,AE MENANG PLEASEE GUA BANGGA BANGET KALO LU MENANG
2025-11-02 16:25:23,@MinKenzi-v3s,banyak karbitan wkwkwkw
2025-11-02 16:25:23,@Filem_viral,"RRQ KAPAN MAIN BANG?? GW MAU LIAT RRQ JUARA HARI INI BISMILLAH BISA YUK TEMEN"""
2025-11-02 16:25:24,@Ap.15.,RRQ HARI INI MAIN YAH
2025-11-02 16:25:24,@osama_lombeng,AE MENANG GUA BOTAK SAMBIL LIVE
2025-11-02 16:25:25,@isgbwjs2754,diluar arena ada nobar gak tu?
2025-11-02 16:25:27,@EternalBoy-ih5yo,7
2025-11-02 16:25:28,@JihyeHong11,Admin nya Kingdom
2025-11-02 16:25:30,@AdelLia-s3s,evos masuk m series langsung juara lah tim lu pada gak pernah
2025-11-02 16:25:30,@FarhanDifaRahman,Ae bismillah
2025-11-02 16:25:31,@taktau1622,"'DENGAN PD NY' KATAKAN PADA DUNIA "" EVOS IS BAKKK """
2025-11-02 16:25:31,@muhmuhyiyuddin2557,EVOS IS BACKKK HOME
2025-11-02 16:25:32,@XaZani,ini final kah
2025-11-02 16:25:32,@Danial-_-1,AE BISA YUK
2025-11-02 16:25:33,@superheroes657,AE MENANG GAPAPA TAPI GW LEBIH PENGEN ONIC
2025-11-02 16:25:36,@MuhammadRaihannx,"Buat yang nanya RRQ main jam berapa, RRQ lagi persiapan ke M7 lewat jalur SNBP :winking_face_with_tongue: 7"
2025-11-02 16:25:37,@Maxand-r7k,"bingung gua perasaan EVOS taunt gak pernah terlalu over dah, kalo taunt juga paling cuman lambai tangan ke lawan"
2025-11-02 16:25:37,@Filem_viral,"RRQ KAPAN MAIN BANG?? GW MAU LIAT RRQ JUARA HARI INI BISMILLAH BISA YUK TEMEN"""
2025-11-02 16:25:38,@DaniArda-o1e,ONIC
2025-11-02 16:25:39,@theday3680,muka Kya tuplis kacang so taruhan
2025-11-02 16:25:40,@jonteigeradhityaholland5516,"kasih ke onic pialanya langsung, biar minggu depan bisa M7"
2025-11-02 16:25:40,@AkunTuyul1-k1y,RR7
2025-11-02 16:25:46,@ImamAdit-f7u,"INI APA SIH, MAU LIHAT KOMEN ALTER CHAMP SAMA SONIC MALAH NGOMENIN TIM YANG GAMASUK"
2025-11-02 16:25:48,@MinKenzi-v3s,ONIC Onic ionic
2025-11-02 16:25:49,@cilaaafira,77
2025-11-02 16:25:50,@EternalBoy-ih5yo,ketik 7 jika ingin rrq lolos m7
2025-11-02 16:25:51,@Filem_viral,"RRQ KAPAN MAIN BANG?? GW MAU LIAT RRQ JUARA HARI INI BISMILLAH BISA YUK TEMEN"""
2025-11-02 16:25:51,@daihosableng2513,7
2025-11-02 16:25:52,@syahidhasballah9917,"dia pikir 7 , terus menuju M7"
2025-11-02 16:25:52,@muhmuhyiyuddin2557,EVOS IS BACK HOMEEEE
2025-11-02 16:25:56,@DenyDenyDwiputra-fd4pj,kingdom ALLIN alterego
2025-11-02 16:25:58,@asupanindo33,EVOS VS RRQ JAM 12 MALEM
2025-11-02 16:25:59,@daihosableng2513,7
2025-11-02 16:26:00,@RahmadMaulana-br5yd,AE AE KONG
2025-11-02 16:26:01,@RafAel-pp8nk,7
2025-11-02 16:26:02,@asupanindo33,EVOS VS RRQ JAM 12 MALEM
2025-11-02 16:26:02,@EternalBoy-ih5yo,ketik 7 jika ingin RRQ Lolos m7
2025-11-02 16:26:03,@abdullahsidiq2469,M7 
2025-11-02 16:26:04,@takashen5456,alter ego juara ini mah 
2025-11-02 16:26:05,@qizdi7966,7
2025-11-02 16:26:06,@ndans.mlbb37,nunung uye by one fanny fanny lu jelek wkwk
2025-11-02 16:26:06,@irsyad_wani5036,alter ego mainnya rapi bgt
2025-11-02 16:26:07,@MuhammadRaihannx,"Buat yang nanya RRQ main jam berapa, RRQ lagi persiapan ke M7 lewat jalur SNBP :winking_face_with_tongue: 7"
2025-11-02 16:26:07,@apalah_sayaa,rrq nunggi di m7 kink
2025-11-02 16:26:07,@Filem_viral,"RRQ KAPAN MAIN BANG?? GW MAU LIAT RRQ JUARA HARI INI BISMILLAH BISA YUK TEMEN"""
2025-11-02 16:26:08,@JihyeHong11,Admin kongdom jangan berisik
2025-11-02 16:26:09,@llidjaa,7
2025-11-02 16:26:09,@MudzakhirHamid,7
2025-11-02 16:26:12,@asupanindo33,EVOS VS RRQ JAM 12 MALEM
2025-11-02 16:26:12,@KimberlyHimeKu,:shelterin:
2025-11-02 16:26:12,@takashen5456,hidup rrq
2025-11-02 16:26:13,@EternalBoy-ih5yo,ketik 7 jika ingin rrq lolos m7
2025-11-02 16:26:14,@xdnl666,SEMOGA AE HOKIU
2025-11-02 16:26:16,@MudzakhirHamid,7
2025-11-02 16:26:16,@riricantika-f4e8l,allin ae yokk
2025-11-02 16:26:17,@AdelLia-s3s,satu satu nya di indoo brooo tim lu PDA mana punyaaa
2025-11-02 16:26:20,@cilaaafira,mari ketik 7
2025-11-02 16:26:21,@Filem_viral,"RRQ KAPAN MAIN BANG?? GW MAU LIAT RRQ JUARA HARI INI BISMILLAH BISA YUK TEMEN"""
2025-11-02 16:26:22,@llidjaa,7juta subscriber
2025-11-02 16:26:22,@asupanindo33,EVOS VS RRQ JAM 12 MALEM
2025-11-02 16:26:25,@27_rangga68,"siapapun yang menang gapapa, yang penting indo menang m series"
2025-11-02 16:26:25,@taktau1622,"GAK PERNAH TAUNT KATANYA,WKWKWKWK KOCAK ITU SWALOW TAUN LOL"
2025-11-02 16:26:25,@MuhammadRaihannx,"Buat yang nanya RRQ main jam berapa, RRQ lagi persiapan ke M7 lewat jalur SNBP :winking_face_with_tongue: 7"
2025-11-02 16:26:27,@daihosableng2513,M7 ... 7
2025-11-02 16:26:29,@isgbwjs2754,diluar ada nobar gak bro
2025-11-02 16:26:29,@fedrickohoseaf,ONICC
2025-11-02 16:26:29,@YaGamerrYt,onic udah punya 7 tropi mau ngapain punya lagi kasi ada juara baru lah kalian tk bosan onic juara Mulu?
2025-11-02 16:26:30,@EternalBoy-ih5yo,ketik 7 jika ingin rrq lolos m7
2025-11-02 16:26:33,@Filem_viral,"RRQ KAPAN MAIN BANG?? GW MAU LIAT RRQ JUARA HARI INI BISMILLAH BISA YUK TEMEN"""
2025-11-02 16:26:34,@isgbwjs2754,diluar ada nobar gak bro
2025-11-02 16:26:36,@xywoon,kapan mulai nih
2025-11-02 16:26:36,@taktau1622,KATAUAN KARBITAN
2025-11-02 16:26:37,@jwannns,7
2025-11-02 16:26:40,@asupanindo33,EVOS VS RRQ JAM 12 MALEM
2025-11-02 16:26:40,@irsandiramadhan1354,onic nih 3jt
2025-11-02 16:26:41,@EternalBoy-ih5yo,ketik 7 jika ingin rrq lolos m7
2025-11-02 16:26:41,@isgbwjs2754,diluar ada nobar gak bro
2025-11-02 16:26:41,@BasengTole,udah tau lahya yang bakalan menang siapa
2025-11-02 16:26:42,@taktau1622,"'DENGAN PD NY' KATAKAN PADA DUNIA "" EVOS IS BAKKK """
2025-11-02 16:26:43,@AniAni-ig3yj,YANG MASIH NYEBUT RRQ DSINI KON TOLLL KALIAN SEMUA
2025-11-02 16:26:45,@Frengki45,sudah saatnya AE mengukir sejarah
2025-11-02 16:26:46,@Filem_viral,"RRQ KAPAN MAIN BANG?? GW MAU LIAT RRQ JUARA HARI INI BISMILLAH BISA YUK TEMEN"""
2025-11-02 16:26:46,@SaiiXSan13,yang komen sampah semua jir
2025-11-02 16:26:47,@MuhammadRaihannx,"Buat yang nanya RRQ main jam berapa, RRQ lagi persiapan ke M7 lewat jalur SNBP :winking_face_with_tongue: 7"
2025-11-02 16:26:48,@isgbwjs2754,diluar ada nobar gak bro
2025-11-02 16:26:51,@NuraidahPonya,onic
2025-11-02 16:26:54,@EternalBoy-ih5yo,ketik 7 jika ingin rrq lolos m7
2025-11-02 16:26:55,@mo-qc1zw,go ae go ae goo
2025-11-02 16:26:56,@Filem_viral,"RRQ KAPAN MAIN BANG?? GW MAU LIAT RRQ JUARA HARI INI BISMILLAH BISA YUK TEMEN"""
2025-11-02 16:26:57,@syahidhasballah9917,aku karna Skylar :speaking_head:
2025-11-02 16:27:02,@isgbwjs2754,diluar ada nobar gak bro
2025-11-02 16:27:02,@MuhammadRaihannx,"Buat yang nanya RRQ main jam berapa, RRQ lagi persiapan ke M7 lewat jalur SNBP :winking_face_with_tongue: 7"
2025-11-02 16:27:07,@akuagus0711,gua ae
2025-11-02 16:27:08,@mo-qc1zw,go ae go ae go
2025-11-02 16:27:09,@EternalBoy-ih5yo,ketik 7 jika ingin rrq lolos m7
2025-11-02 16:27:10,@SalehSaleh-f8u,7
2025-11-02 16:27:10,@ElricoihzaHestian,AE MENANG PLEASEEE
2025-11-02 16:27:10,@zhariblack9556,yg caper itu ketik spamm 7
2025-11-02 16:27:10,@Filem_viral,"RRQ KAPAN MAIN BANG?? GW MAU LIAT RRQ JUARA HARI INI BISMILLAH BISA YUK TEMEN"""
2025-11-02 16:27:12,@Budigeming-gc7iw,KASIH PIALA NY KE KINK ONIC
2025-11-02 16:27:13,@GhanzTheMC,"Jangan kasih kendor Onic,soalnya Prince Skylar belum angkat mpl di Onic"
2025-11-02 16:27:13,@SalehSaleh-f8u,7
2025-11-02 16:27:13,@iiaan2830,ae 1 : 0 onic
2025-11-02 16:27:14,@PrayogaJalapeno,RRQ jam brapa??
2025-11-02 16:27:14,@muhammaddzulfikri7275,alter ego ayo juara jngan onic mulu bosen
2025-11-02 16:27:15,@TxDrazvn,sepi
2025-11-02 16:27:17,@teukudaik,onic bismillah
2025-11-02 16:27:17,@sarapanterustidur,7
2025-11-02 16:27:17,@cvblmm,ea
2025-11-02 16:27:19,@SalehSaleh-f8u,7
2025-11-02 16:27:19,@MuhammadRaihannx,"Buat yang nanya RRQ main jam berapa, RRQ lagi persiapan ke M7 lewat jalur SNBP :winking_face_with_tongue: 7"
2025-11-02 16:27:20,@ElricoihzaHestian,onic jatah m7 aja
2025-11-02 16:27:22,@Shouleather22,info predik skor Onik sama AE??
2025-11-02 16:27:23,@Filem_viral,"RRQ KAPAN MAIN BANG?? GW MAU LIAT RRQ JUARA HARI INI BISMILLAH BISA YUK TEMEN"""
2025-11-02 16:27:23,@SalehSaleh-f8u,7
2025-11-02 16:27:23,@dadansuryadi6313,mulai jamber
2025-11-02 16:27:23,@isgbwjs2754,diluar ada nobar gak bro
2025-11-02 16:27:24,@mo-qc1zw,yeb tolong yeb
2025-11-02 16:27:25,@rafaelafel9132,7
2025-11-02 16:27:25,@asupanindo33,EVOS VS RRQ JAM 12 MALEM
2025-11-02 16:27:25,@karismanovitasari6708,lama
2025-11-02 16:27:26,@SalehSaleh-f8u,7
2025-11-02 16:27:27,@ramabocilabsen,7
2025-11-02 16:27:28,@iyyy-z7v8u,h
2025-11-02 16:27:28,@retnokristanti0492,"kalo yg menang AE, the real plot twist:face-green-smiling:"
2025-11-02 16:27:29,@SalehSaleh-f8u,7
2025-11-02 16:27:32,@Hanxxxzq,goo onicc
2025-11-02 16:27:32,@wahyuprasetyo8040,RRQ main liga dangdut aja
2025-11-02 16:27:32,@daihosableng2513,rrq main di M7 lewat jalur subsidi :face_with_tears_of_joy::face_with_tears_of_joy:
2025-11-02 16:27:33,@SalehSaleh-f8u,7
2025-11-02 16:27:35,@Filem_viral,"RRQ KAPAN MAIN BANG?? GW MAU LIAT RRQ JUARA HARI INI BISMILLAH BISA YUK TEMEN"""
2025-11-02 16:27:36,@rivanvanz,rrq vs evos maen jam 12 malem guys
2025-11-02 16:27:36,@SalehSaleh-f8u,7
2025-11-02 16:27:36,@MuhammadRaihannx,"Buat yang nanya RRQ main jam berapa, RRQ lagi persiapan ke M7 lewat jalur SNBP :winking_face_with_tongue: 7"
2025-11-02 16:27:37,@PatrickStar-e4u,FOMO
2025-11-02 16:27:37,@MHDFHRIL,ONIC 4-2 AE
2025-11-02 16:27:37,@isgbwjs2754,diluar ada nobar gak bro
2025-11-02 16:27:38,@Mbrkkk-j4j,ALTER EGO AKAN MENGUKIR SEJARAH
2025-11-02 16:27:38,@reindome,ASSALAMUALAIKUM FINAL M7 EVOS VS RRQ.
2025-11-02 16:27:41,@SalehSaleh-f8u,7
2025-11-02 16:27:41,@RiskiIki-j3d,Bismillah oniccc
2025-11-02 16:27:42,@JoeOfficial,PERCAYA GA? INI JUARANYA ONIC? TEBAK SCORE?? ONIC 5 - 2 AE!!!:text-green-game-over:
2025-11-02 16:27:43,@mo-qc1zw,yeb tolong yeb
2025-11-02 16:27:44,@SalehSaleh-f8u,7
2025-11-02 16:27:45,@PatrickStar-e4u,FOMO
2025-11-02 16:27:45,@Filem_viral,"RRQ KAPAN MAIN BANG?? GW MAU LIAT RRQ JUARA HARI INI BISMILLAH BISA YUK TEMEN"""
2025-11-02 16:27:45,@arifsopian4939,Ayo ae 
2025-11-02 16:27:45,@JoeOfficial,PERCAYA GA? INI JUARANYA ONIC? TEBAK SCORE?? ONIC 5 - 2 AE!!!:text-green-game-over:
2025-11-02 16:27:47,@IkramRizal,go go onic
2025-11-02 16:27:50,@ahmadjaylaniakew2746,"Onic m7 aja , AE mpl ya :folded_hands:tolong"
2025-11-02 16:27:50,@JoeOfficial,PERCAYA GA? INI JUARANYA ONIC? TEBAK SCORE?? ONIC 5 - 2 AE!!!:text-green-game-over:
2025-11-02 16:27:51,@kaito109.,onic onic
2025-11-02 16:27:52,@Alphaxanwar,onic 4-0 aer
2025-11-02 16:27:53,@PatrickStar-e4u,FOMO 7
2025-11-02 16:27:54,@psycho-o2m,rrq M7 Latgo
2025-11-02 16:27:55,@atokneo1807,RRQ KAPAN MAIN?
2025-11-02 16:27:55,@AlayGc,bismilah ONIC MENG
2025-11-02 16:27:56,@kaito109.,onic onic
2025-11-02 16:27:56,@MuhammadRaihannx,"Buat yang nanya RRQ main jam berapa, RRQ lagi persiapan ke M7 lewat jalur SNBP :winking_face_with_tongue: 7"
2025-11-02 16:27:59,@Filem_viral,"RRQ KAPAN MAIN BANG?? GW MAU LIAT RRQ JUARA HARI INI BISMILLAH BISA YUK TEMEN"""
2025-11-02 16:28:00,@SalehSaleh-f8u,7
2025-11-02 16:28:00,@pagipadi,PLEASE ALTER EGO JUARANYA
2025-11-02 16:28:00,@retnokristanti0492,aku mendukung yg menang aja
2025-11-02 16:28:00,@kaito109.,onic onic
2025-11-02 16:28:02,@arifsopian4939,All in ae
2025-11-02 16:28:02,@zhariblack9556,raja dunia kok cuma menanf 1x ? mikir cil
2025-11-02 16:28:03,@atokneo1807,RRQ KAPAN MAIN?
2025-11-02 16:28:03,@PatrickStar-e4u,FOMO
2025-11-02 16:28:05,@mo-qc1zw,YEB TOLONG YEB
2025-11-02 16:28:06,@MuhammadRaihannx,"Buat yang nanya RRQ main jam berapa, RRQ lagi persiapan ke M7 lewat jalur SNBP :winking_face_with_tongue: 7"
2025-11-02 16:28:06,@kaito109.,7
2025-11-02 16:28:07,@CiMaJi4739,4-0 onic
2025-11-02 16:28:08,@ndans.mlbb37,bang main byon aja
2025-11-02 16:28:08,@PatrickStar-e4u,FOMO
2025-11-02 16:28:09,@kaito109.,7
2025-11-02 16:28:09,@SalehSaleh-f8u,7
2025-11-02 16:28:11,@Filem_viral,"RRQ KAPAN MAIN BANG?? GW MAU LIAT RRQ JUARA HARI INI BISMILLAH BISA YUK TEMEN"""
2025-11-02 16:28:11,@rivanvanz,4-3 lh biar seru
2025-11-02 16:28:12,@rafaelafel9132,7
2025-11-02 16:28:13,@PatrickStar-e4u,FOMO
2025-11-02 16:28:13,@PrayogaJalapeno,RRQ itu apa??
2025-11-02 16:28:15,@SalehSaleh-f8u,7
2025-11-02 16:28:17,@kaito109.,kingdom nangis
2025-11-02 16:28:17,@ardiandaniala,Beras min Beras
2025-11-02 16:28:17,@NuraidahPonya,ONIC juara
2025-11-02 16:28:19,@taufikofficial6686,KING AE
2025-11-02 16:28:19,@akuagus0711,onic poor 1 mact gua ae siapa yang brni
2025-11-02 16:28:20,@kaito109.,wkwkwkwk
2025-11-02 16:28:20,@daihosableng2513,ererqiu main di M7 lewat jalur subsidi :face_with_tears_of_joy::face_with_tears_of_joy::face_with_tears_of_joy:
2025-11-02 16:28:21,@Filem_viral,"RRQ KAPAN MAIN BANG?? GW MAU LIAT RRQ JUARA HARI INI BISMILLAH BISA YUK TEMEN"""
2025-11-02 16:28:21,@SalehSaleh-f8u,7
2025-11-02 16:28:22,@Raiii661,7
2025-11-02 16:28:22,@khanzaanggia,Gilaaak Sanz
2025-11-02 16:28:22,@NovianAdesaputra,evos kapan main
2025-11-02 16:28:23,@bilqimlb,AE juara biar ga bosen onic mulu
2025-11-02 16:28:24,@DewaPradipta-y5z,4-0 AE
2025-11-02 16:28:26,@Dachi873,p
2025-11-02 16:28:26,@MuhammadRaihannx,"Buat yang nanya RRQ main jam berapa, RRQ lagi persiapan ke M7 lewat jalur SNBP :winking_face_with_tongue: 7"
2025-11-02 16:28:28,@Filem_viral,"RRQ KAPAN MAIN BANG?? GW MAU LIAT RRQ JUARA HARI INI BISMILLAH BISA YUK TEMEN"""
2025-11-02 16:28:28,@kavin_dj832,7
2025-11-02 16:28:30,@taktau1622,BISMILLAH EVOS MENANG
2025-11-02 16:28:30,@IrmaWati-j1i,ONIC juaraa
2025-11-02 16:28:34,@mo-qc1zw,yeb tolong yeb
2025-11-02 16:28:36,@Filem_viral,"RRQ KAPAN MAIN BANG?? GW MAU LIAT RRQ JUARA HARI INI BISMILLAH BISA YUK TEMEN"""
2025-11-02 16:28:38,@kaito109.,kingdom gausah nonton Udah gaguna orang di goa
2025-11-02 16:28:40,@Filem_viral,"RRQ KAPAN MAIN BANG?? GW MAU LIAT RRQ JUARA HARI INI BISMILLAH BISA YUK TEMEN"""
2025-11-02 16:28:41,@taufikofficial6686,AE ONIC INDO PRIDE
2025-11-02 16:28:41,@MuhammadRaihannx,"Buat yang nanya RRQ main jam berapa, RRQ lagi persiapan ke M7 lewat jalur SNBP :winking_face_with_tongue: 7"
2025-11-02 16:28:42,@chripyfeb,EVOS mana
2025-11-02 16:28:43,@RiskiPratama-q9h,ALTER EGO GO GO GOOOOOOOOOOO
2025-11-02 16:28:43,@cahbengawan2681,rrq bot
2025-11-02 16:28:44,@tangguhsetiawan4422,gogogo onic
2025-11-02 16:28:46,@NuraidahPonya,astaga lutpiii
2025-11-02 16:28:47,@RJ28Cell,AYO BERTARUH SAMA GUE.. ONIC VS AE
2025-11-02 16:28:48,@SalehSaleh-f8u,saya mingcun:eyes-purple-crying:
2025-11-02 16:28:49,@intananasa3751,ya
2025-11-02 16:28:49,@AndriSetyawan-ox7xh,AE
2025-11-02 16:28:49,@NovianAdesaputra,evos lol kalah wkwk
2025-11-02 16:28:51,@YokiJelek,AE mode anak evos kah ini
2025-11-02 16:28:51,@Filem_viral,"RRQ KAPAN MAIN BANG?? GW MAU LIAT RRQ JUARA HARI INI BISMILLAH BISA YUK TEMEN"""
2025-11-02 16:28:53,@cxgghost810,geloo rrq playoff
2025-11-02 16:28:56,@taktau1622,"'DENGAN PD NY' KATAKAN PADA DUNIA "" EVOS IS BAKKK """
2025-11-02 16:28:56,@Filem_viral,"RRQ KAPAN MAIN BANG?? GW MAU LIAT RRQ JUARA HARI INI BISMILLAH BISA YUK TEMEN"""
2025-11-02 16:28:57,@bobbywrtm,RRQ di bracket mana?
2025-11-02 16:28:58,@tibiachmad,ae akan mengukirr sejarahhhh
2025-11-02 16:28:58,@pantiko12,AEEE
2025-11-02 16:29:00,@helgaprayogo2913,AE lah
2025-11-02 16:29:01,@atxian9252,AEE
2025-11-02 16:29:04,@YokiJelek,AE MODE ANAK EVOS KAH INI...
2025-11-02 16:29:05,@Filem_viral,"RRQ KAPAN MAIN BANG?? GW MAU LIAT RRQ JUARA HARI INI BISMILLAH BISA YUK TEMEN"""
2025-11-02 16:29:05,@CHistory121,Gw pegang AE sini 2jt
2025-11-02 16:29:07,@alter812,is bak
2025-11-02 16:29:10,@NuraidahPonya,ONIC juara onic juara
2025-11-02 16:29:13,@Filem_viral,"RRQ KAPAN MAIN BANG?? GW MAU LIAT RRQ JUARA HARI INI BISMILLAH BISA YUK TEMEN"""
2025-11-02 16:29:14,@centrall-lysh,onic juara ez
2025-11-02 16:29:17,@Sherlynn11,bismillah onic lagi
2025-11-02 16:29:22,@Filem_viral,"RRQ KAPAN MAIN BANG?? GW MAU LIAT RRQ JUARA HARI INI BISMILLAH BISA YUK TEMEN"""
2025-11-02 16:29:23,@tangguhsetiawan4422,onic:medal-yellow-first-red:
2025-11-02 16:29:24,@alter812,nama gw alter
2025-11-02 16:29:26,@tgl8.september2025,astagfirullah siapa tuh ke 7
2025-11-02 16:29:26,@nadirachannel3357,ae lah
2025-11-02 16:29:28,@akuagus0711,yok gua ae
2025-11-02 16:29:28,@MahzongDedy,BTR kemna yah.
2025-11-02 16:29:29,@someone.6869,KINGDOM BERSAMA ONIC AE RUSUH EPOS :cat2:
2025-11-02 16:29:30,@Filem_viral,"RRQ KAPAN MAIN BANG?? GW MAU LIAT RRQ JUARA HARI INI BISMILLAH BISA YUK TEMEN"""
2025-11-02 16:29:30,@fandilrizky9006,ok
2025-11-02 16:29:31,@Riissen,bilang kepada dunia kink ae is bek
2025-11-02 16:29:31,@wkqud2491,evos is back
2025-11-02 16:29:32,@KangBatu-wp1km,onic pasti yg juara
2025-11-02 16:29:32,@Linyxz_,AE:black_heart::red_heart::white_heart:
2025-11-02 16:29:32,@taktau1622,"'DENGAN PD NY' KATAKAN PADA DUNIA "" EVOS IS BAKKK """
2025-11-02 16:29:34,@NuraidahPonya,onic
2025-11-02 16:29:35,@yangselaluada5335,onic time
2025-11-02 16:29:35,@bogel1197,AE gass bismillahirrahmanirrahim
2025-11-02 16:29:36,@MuhammadRaihannx,"ONIC tanpa baba yeb bisa ke grand final, RRQ bisa apa? bisa masuk goa:rolling_on_the_floor_laughing:"
2025-11-02 16:29:38,@tgl8.september2025,77 :clown_face::clown_face::clown_face:
2025-11-02 16:29:38,@khaizanalkhafizi1084,bismillah AE
2025-11-02 16:29:38,@Filem_viral,"RRQ KAPAN MAIN BANG?? GW MAU LIAT RRQ JUARA HARI INI BISMILLAH BISA YUK TEMEN"""
2025-11-02 16:29:39,@DarmojoSwk,EVOS IS BACKKKKKK WKWKWKEKWKEKWKEKEK
2025-11-02 16:29:40,@ALELDUL-q9k,RRQ PASTI LOLOS M SERIES INI
2025-11-02 16:29:41,@MalikNazmi,gk kerasa dah grand final lagi aja
2025-11-02 16:29:42,@centrall-lysh,ayo agus gua onic
2025-11-02 16:29:43,@SalehSaleh-f8u,nama gue mingcun:eyes-purple-crying:
2025-11-02 16:29:45,@najoamida6498,Awokawok
2025-11-02 16:29:46,@MuhammadRaihannx,"ONIC tanpa baba yeb bisa ke grand final, RRQ bisa apa? bisa masuk goa:rolling_on_the_floor_laughing:"
2025-11-02 16:29:50,@Filem_viral,"RRQ KAPAN MAIN BANG?? GW MAU LIAT RRQ JUARA HARI INI BISMILLAH BISA YUK TEMEN"""
2025-11-02 16:29:51,@RendiMardiansyah-k7q,ONIC TIME
2025-11-02 16:29:51,@akuagus0711,onic por 1 mact
2025-11-02 16:29:53,@NEY363-d6s,BAN LAPU KALO GA DIPICK PLIS XEPHER
2025-11-02 16:29:54,@NuraidahPonya,onic juara
2025-11-02 16:29:55,@taktau1622,"'DENGAN PD NY' KATAKAN PADA DUNIA "" EVOS IS BAKKK """
2025-11-02 16:29:57,@MuhammadRaihannx,"ONIC tanpa baba yeb bisa ke grand final, RRQ bisa apa? bisa masuk goa:rolling_on_the_floor_laughing:"
2025-11-02 16:30:02,@tgl8.september2025,erereki badut
2025-11-02 16:30:04,@Filem_viral,"RRQ KAPAN MAIN BANG?? GW MAU LIAT RRQ JUARA HARI INI BISMILLAH BISA YUK TEMEN"""
2025-11-02 16:30:04,@RendiMardiansyah-k7q,#7 SKIP
2025-11-02 16:30:04,@MhmdFeriansyah,RRQ VS EVERYBODY WKWKWKWKWKWK KARENA YANG LEMAH AKAN KALAH KALO LAWAN RRQ SENDIRIAN
2025-11-02 16:30:04,@seanxd4651,7
2025-11-02 16:30:07,@Filem_viral,"RRQ KAPAN MAIN BANG?? GW MAU LIAT RRQ JUARA HARI INI BISMILLAH BISA YUK TEMEN"""
2025-11-02 16:30:09,@SumoSuki-q8e,4-0
2025-11-02 16:30:09,@wkqud2491,evos is back
2025-11-02 16:30:10,@MuhammadRaihannx,"ONIC tanpa baba yeb bisa ke grand final, RRQ bisa apa? bisa masuk goa:rolling_on_the_floor_laughing:"
2025-11-02 16:30:11,@Filem_viral,"RRQ KAPAN MAIN BANG?? GW MAU LIAT RRQ JUARA HARI INI BISMILLAH BISA YUK TEMEN"""
2025-11-02 16:30:11,@nightbot,MPL ID dengan tegas menentang segala bentuk perjudian & mendukung kompetisi yang adil dan berintegritas. Mari kita bangun komunitas yang menghormati nilai-nilai sportivitas dalam dunia esports!
2025-11-02 16:30:14,@tgl8.september2025,7 :clown_face:
2025-11-02 16:30:14,@Lazuardiizar03,7
2025-11-02 16:30:15,@Filem_viral,"RRQ KAPAN MAIN BANG?? GW MAU LIAT RRQ JUARA HARI INI BISMILLAH BISA YUK TEMEN"""
2025-11-02 16:30:15,@Lazuardiizar03,7
2025-11-02 16:30:16,@Lazuardiizar03,7
2025-11-02 16:30:16,@Lazuardiizar03,7
2025-11-02 16:30:16,@Lazuardiizar03,7
2025-11-02 16:30:16,@SumoSuki-q8e,4-0 onic
2025-11-02 16:30:17,@Lazuardiizar03,7
2025-11-02 16:30:18,@aprianapujiastuti_ft8669,ONIC
2025-11-02 16:30:19,@DrAgon-me9ni,Onic udh
2025-11-02 16:30:19,@FajangFajri,AE MENANG 4-0
2025-11-02 16:30:19,@RirinDwiAgustina-l5r,onic
2025-11-02 16:30:19,@rafficahyaramadhan953,#kingdom untuk alter ego
2025-11-02 16:30:21,@daffa9763,mama aku di m7
2025-11-02 16:30:21,@ALELDUL-q9k,RRQ PASTI LOLOS M SERIES
2025-11-02 16:30:21,@Monkamofficial,4-3 onic
2025-11-02 16:30:22,@Filem_viral,"RRQ KAPAN MAIN BANG?? GW MAU LIAT RRQ JUARA HARI INI BISMILLAH BISA YUK TEMEN"""
2025-11-02 16:30:24,@Luxian-17,MPL SG GUYS
2025-11-02 16:30:24,@tgl8.september2025,7 :clown_face:
2025-11-02 16:30:27,@Raja_official.,onic go go go
2025-11-02 16:30:28,@Filem_viral,"RRQ KAPAN MAIN BANG?? GW MAU LIAT RRQ JUARA HARI INI BISMILLAH BISA YUK TEMEN"""
2025-11-02 16:30:28,@MuhammadRaihannx,"ONIC tanpa baba yeb bisa ke grand final, RRQ bisa apa? bisa masuk GOA:cat_with_tears_of_joy:"
2025-11-02 16:30:28,@NuraidahPonya,Onic 4 vs 2 AE
2025-11-02 16:30:30,@tgl8.september2025,7 :clown_face:
2025-11-02 16:30:30,@Yellynn_ollaav,onic
2025-11-02 16:30:31,@nasrulhamysullivan9318,⁷
2025-11-02 16:30:32,@daihosableng2513,M7 ... 7
2025-11-02 16:30:34,@hanschristian0414,7
2025-11-02 16:30:35,@RendiMardiansyah-k7q,ONIC MODE BADUT
2025-11-02 16:30:39,@hanschristian0414,7 YAPPING
2025-11-02 16:30:40,@tgl8.september2025,7 :clown_face:
2025-11-02 16:30:40,@MuhammadRaihannx,"ONIC tanpa baba yeb bisa ke grand final, RRQ bisa apa? bisa masuk GOA:cat_with_tears_of_joy:"
2025-11-02 16:30:41,@Filem_viral,"RRQ KAPAN MAIN BANG?? GW MAU LIAT RRQ JUARA HARI INI BISMILLAH BISA YUK TEMEN"""
2025-11-02 16:30:43,@novannorsamrulloh311,4-2 ae
2025-11-02 16:30:45,@Yellynn_ollaav,onic!
2025-11-02 16:30:46,@SalehSaleh-f8u,mingcun:pleading_face:kok kamu jahat sih
2025-11-02 16:30:47,@MhmdFeriansyah,RRQ VS EVERYBODY WKWKWKWKWKWK KARENA YANG LEMAH AKAN KALAH KALO LAWAN RRQ SENDIRIAN. MAKANYA NGAJAK TEMEN BUAT MUSUHIN RRQ
2025-11-02 16:30:50,@rafficahyaramadhan953,#kingdom untuk alter ego
2025-11-02 16:30:50,@ALELDUL-q9k,RRQ SELALU DI HATI
2025-11-02 16:30:51,@Filem_viral,"RRQ KAPAN MAIN BANG?? GW MAU LIAT RRQ JUARA HARI INI BISMILLAH BISA YUK TEMEN"""
2025-11-02 16:30:51,@MuhammadRaihannx,"ONIC tanpa baba yeb bisa ke grand final, RRQ bisa apa? bisa masuk GOA:cat_with_tears_of_joy:"
2025-11-02 16:30:51,@tgl8.september2025,7 :clown_face:
2025-11-02 16:30:51,@migcheelsupit5324,it'ss onicc time
2025-11-02 16:30:52,@Lazuardiizar03,prediksi gw onic bakal menang 4-2 kalo gak 4-3
2025-11-02 16:30:53,@tangguhsetiawan4422,prediksi ku sih onic yang angkat piala\
2025-11-02 16:30:54,@novannorsamrulloh311,4-2 ae
2025-11-02 16:30:54,@rafficahyaramadhan953,#kingdom untuk alter ego
2025-11-02 16:30:56,@taktau1622,"'DENGAN PD NY' KATAKAN PADA DUNIA "" EVOS IS BAKKK """
2025-11-02 16:30:57,@AfrizalFauzi-fl3fy,i's onic time
2025-11-02 16:30:57,@mukhtar3472,Ae gogogo
2025-11-02 16:30:58,@hanschristian0414,4-0 untuk KING AE
2025-11-02 16:31:00,@rafficahyaramadhan953,#kingdom untuk alter ego
2025-11-02 16:31:00,@amirmahmud7982,BISMILLAH ONIC ANGKAT PIALA LAGI!!!
2025-11-02 16:31:02,@mukhtar3472,ae gogogo
2025-11-02 16:31:04,@NuraidahPonya,4–2 Onic
2025-11-02 16:31:06,@duniaanakofficial2523,2jt AE
2025-11-02 16:31:08,@Yellynn_ollaav,#7 yapping :face_with_hand_over_mouth:
2025-11-02 16:31:08,@AfrizalFauzi-fl3fy,i's onic time
2025-11-02 16:31:08,@Filem_viral,"RRQ KAPAN MAIN BANG?? GW MAU LIAT RRQ JUARA HARI INI BISMILLAH BISA YUK TEMEN"""
2025-11-02 16:31:10,@MNawwafAmin,lama kalii bahh
2025-11-02 16:31:10,@novannorsamrulloh311,4-2 ae
2025-11-02 16:31:13,@noyay-t1b,coach yeb turun ni kyany
2025-11-02 16:31:15,@Rahmataja969,4-3 onic
2025-11-02 16:31:16,@MuhammadRaihannx,"ONIC tanpa coach Yeb bisa ke grand final, RRQ bisa apa? bisa masuk GOA:cat_with_tears_of_joy:"
2025-11-02 16:31:16,@Lizardtrace,7
2025-11-02 16:31:17,@MhmdFeriansyah,RRQ VS EVERYBODY WKWKWKWKWKWK KARENA YANG LEMAH AKAN KALAH KALO LAWAN RRQ SENDIRIAN. MAKANYA NGAJAK TEMEN BUAT MUSUHIN RRQ
2025-11-02 16:31:18,@Filem_viral,"RRQ KAPAN MAIN BANG?? GW MAU LIAT RRQ JUARA HARI INI BISMILLAH BISA YUK TEMEN"""
2025-11-02 16:31:18,@devananda7074,"si rrq rrq ini ngapain sih, lu tuh dah ga diajak yeee xixixixxi"
2025-11-02 16:31:20,@mukhtar3472,ae gogogo . #7 ga di ajak ksowakkaka
2025-11-02 16:31:22,@dzikrapratama1835,AE 1JT YANG PD
2025-11-02 16:31:22,@Filem_viral,"RRQ KAPAN MAIN BANG?? GW MAU LIAT RRQ JUARA HARI INI BISMILLAH BISA YUK TEMEN"""
2025-11-02 16:31:23,@BahlilEtanol969,5-3 onic
2025-11-02 16:31:23,@taktau1622,"'DENGAN PD NY' KATAKAN PADA DUNIA "" EVOS IS BAKKK """
2025-11-02 16:31:24,@PejuangReceh27-m8k,AE GOOO
2025-11-02 16:31:25,@MuhammadRaihannx,"ONIC tanpa coach Yeb bisa ke grand final, RRQ bisa apa? bisa masuk GOA:cat_with_tears_of_joy:"
2025-11-02 16:31:25,@NuraidahPonya,4-2 onic
2025-11-02 16:31:29,@syanahkri,masa final tampilannya ga ada yang spesial?
2025-11-02 16:31:29,@RezaPilipina,4-3 king onic
2025-11-02 16:31:33,@migcheelsupit5324,ONICC HAJAR AE
2025-11-02 16:31:33,@Filem_viral,"RRQ KAPAN MAIN BANG?? GW MAU LIAT RRQ JUARA HARI INI BISMILLAH BISA YUK TEMEN"""
2025-11-02 16:31:34,@RIZALAGUSTIAN-mh7mc,onic juara pasti
2025-11-02 16:31:37,@henifatmawati9175,AE
2025-11-02 16:31:39,@NyiNyiZaw-i6e,Let'go Ae:trophy:
2025-11-02 16:31:41,@sayut26,all in onic
2025-11-02 16:31:42,@bimaaria3396,4-0 onic
2025-11-02 16:31:43,@SalehSaleh-f8u,kembalilah XIN:eyes-purple-crying:
2025-11-02 16:31:44,@donidonijiko7008,4:2 ae Menang
2025-11-02 16:31:44,@Filem_viral,"RRQ KAPAN MAIN BANG?? GW MAU LIAT RRQ JUARA HARI INI BISMILLAH BISA YUK TEMEN"""
2025-11-02 16:31:45,@henifatmawati9175,GO GO AE
2025-11-02 16:31:49,@khaikalfiqri1549,all in AE
2025-11-02 16:31:49,@ValentinoSimanjuntak-s5z,onic juara
2025-11-02 16:31:53,@noyay-t1b,liat sg mpl gada cw tp coach yeb
2025-11-02 16:31:54,@kentzy09,#7 banyak bacot
2025-11-02 16:31:54,@NuraidahPonya,ONIC Juara MPL season 16
2025-11-02 16:31:55,@Filem_viral,"RRQ KAPAN MAIN BANG?? GW MAU LIAT RRQ JUARA HARI INI BISMILLAH BISA YUK TEMEN"""
2025-11-02 16:31:56,@MuhammadRaihannx,"ONIC tanpa coach Yeb bisa ke grand finals, RRQ bisa apa? bisa masuk GOA:cat_with_tears_of_joy:"
2025-11-02 16:31:58,@catgamingtv5558,lets go ae
2025-11-02 16:31:58,@Filem_viral,"RRQ KAPAN MAIN BANG?? GW MAU LIAT RRQ JUARA HARI INI BISMILLAH BISA YUK TEMEN"""
2025-11-02 16:32:01,@Filem_viral,"RRQ KAPAN MAIN BANG?? GW MAU LIAT RRQ JUARA HARI INI BISMILLAH BISA YUK TEMEN"""
2025-11-02 16:32:01,@taktau1622,"TPLH"" EVOS IS BAKKK """
2025-11-02 16:32:01,@mukhtar3472,udh ga lolos playoff ga punya piala inter pula kaowokw
2025-11-02 16:32:04,@Filem_viral,"RRQ KAPAN MAIN BANG?? GW MAU LIAT RRQ JUARA HARI INI BISMILLAH BISA YUK TEMEN"""
2025-11-02 16:32:05,@ALELDUL-q9k,RRQ PASTI LOLOS M SERIES
2025-11-02 16:32:06,@Bobbsss-i2s,4+3 RRQ
2025-11-02 16:32:07,@Filem_viral,"RRQ KAPAN MAIN BANG?? GW MAU LIAT RRQ JUARA HARI INI BISMILLAH BISA YUK TEMEN"""
2025-11-02 16:32:08,@FiqqiHerdiansyah,onic teammm
2025-11-02 16:32:09,@FebriAkun-p4e,jangan karna Nino nangis terus kalian mau dukung AE
2025-11-02 16:32:09,@NuraidahPonya,onic onic
2025-11-02 16:32:09,@hckyy,AE UKIR SEJARAH BARU
2025-11-02 16:32:11,@haelganz2279,UCOK BECEK
2025-11-02 16:32:11,@Filem_viral,"RRQ KAPAN MAIN BANG?? GW MAU LIAT RRQ JUARA HARI INI BISMILLAH BISA YUK TEMEN"""
2025-11-02 16:32:12,@only_wannzz,onci 3-
2025-11-02 16:32:12,@MuhammadRaihannx,"ONIC tanpa coach Yeb bisa ke grand final, RRQ bisa apa? bisa masuk GOA:cat_with_tears_of_joy:"
2025-11-02 16:32:13,@taktau1622,"TPLH"" EVOS IS BAKKK """
2025-11-02 16:32:13,@jefrynur6505,bismillah onic juara ya allah aminn
2025-11-02 16:32:15,@Filem_viral,"RRQ KAPAN MAIN BANG?? GW MAU LIAT RRQ JUARA HARI INI BISMILLAH BISA YUK TEMEN"""
2025-11-02 16:32:15,@RadivaRey,gw sih pengen ae juara soalnya bosen onic terus
2025-11-02 16:32:16,@UwengpetotUwengpetot,ALTERCHAMPS CHAMPIONS :person_surfing:
2025-11-02 16:32:17,@haelganz2279,BASAH BARGES
2025-11-02 16:32:18,@MhmdFeriansyah,RRQ VS EVERYBODY WKWKWKWKWKWK KARENA YANG LEMAH AKAN KALAH KALO LAWAN RRQ SENDIRIAN. MAKANYA NGAJAK TEMEN BUAT MUSUHIN RRQ
2025-11-02 16:32:18,@arnhydarniati3993,"Evos kegoa :face_with_tears_of_joy::face_with_tears_of_joy:,suamiq dukung evos ,klo aku pastinya dukung onic dong"
2025-11-02 16:32:18,@Paimin12-k2p,7
2025-11-02 16:32:20,@migcheelsupit5324,IT'S ONIC TIME
2025-11-02 16:32:21,@AryaPradana4,"Siapapun yg juara,tetap #indopride"
2025-11-02 16:32:21,@MuhammadRaihannx,"ONIC tanpa coach Yeb bisa ke grand final, RRQ bisa apa? bisa masuk GOA:cat_with_tears_of_joy:"
2025-11-02 16:32:22,@Filem_viral,"RRQ KAPAN MAIN BANG?? GW MAU LIAT RRQ JUARA HARI INI BISMILLAH BISA YUK TEMEN"""
2025-11-02 16:32:22,@taktau1622,"TPLH"" EVOS IS BAKKK """
2025-11-02 16:32:25,@haelganz2279,SEMBIRING X LUBIS
2025-11-02 16:32:27,@meannie1,hbs ini bakal yapping
2025-11-02 16:32:28,@SalehSaleh-f8u,:pleading_face:Xin emang gak sedih liat RRQ sekarang
2025-11-02 16:32:28,@Filem_viral,"RRQ KAPAN MAIN BANG?? GW MAU LIAT RRQ JUARA HARI INI BISMILLAH BISA YUK TEMEN"""
2025-11-02 16:32:29,@UmariskandarFaid,ae pernah menang mpl ke gais
2025-11-02 16:32:30,@bachtiarrohman6206,7
2025-11-02 16:32:30,@Naboo014,#7
2025-11-02 16:32:32,@MuhammadRaihannx,"ONIC tanpa coach Yeb bisa ke grand final, RRQ bisa apa? bisa masuk GOA:cat_with_tears_of_joy:"
2025-11-02 16:32:35,@moskovslebeeww,Onic menang nih
2025-11-02 16:32:35,@taktau1622,"TPLH"" EVOS IS BAKKK """
2025-11-02 16:32:35,@Filem_viral,"RRQ KAPAN MAIN BANG?? GW MAU LIAT RRQ JUARA HARI INI BISMILLAH BISA YUK TEMEN"""
2025-11-02 16:32:38,@hisanmuhazir6170,gas AE
2025-11-02 16:32:38,@taktau1622,"TPLH"" EVOS IS BAKKK """
2025-11-02 16:32:39,@Filem_viral,"RRQ KAPAN MAIN BANG?? GW MAU LIAT RRQ JUARA HARI INI BISMILLAH BISA YUK TEMEN"""
2025-11-02 16:32:41,@bachtiarrohman6206,rrq main kapan bang
2025-11-02 16:32:42,@MuhammadRaihannx,"ONIC tanpa coach Yeb bisa ke grand final, RRQ bisa apa? bisa masuk GOA:cat_with_tears_of_joy:"
2025-11-02 16:32:43,@masherofficial4846,RRQ NI BOSSS
2025-11-02 16:32:43,@Filem_viral,"RRQ KAPAN MAIN BANG?? GW MAU LIAT RRQ JUARA HARI INI BISMILLAH BISA YUK TEMEN"""
2025-11-02 16:32:45,@Evraimkalelis,bo 7 ya?
2025-11-02 16:32:46,@hisanmuhazir6170,onic jangan juara lagi bosen
2025-11-02 16:32:47,@Filem_viral,"RRQ KAPAN MAIN BANG?? GW MAU LIAT RRQ JUARA HARI INI BISMILLAH BISA YUK TEMEN"""
2025-11-02 16:32:48,@addegd2341,AE go go go
2025-11-02 16:32:48,@taktau1622,"TPLH"" EVOS IS BAKKK """
2025-11-02 16:32:49,@SalehSaleh-f8u,kembalilah XIN :pleading_face:kingdom membutuhkan mu
2025-11-02 16:32:49,@dwika444,SEKALK RRQ TETAP RRQ:red_heart:
2025-11-02 16:32:52,@taktau1622,"TPLH"" EVOS IS BAKKK """
2025-11-02 16:32:53,@MuhammadRaihannx,"ONIC tanpa coach Yeb bisa ke grand final, RRQ bisa apa? bisa masuk GOA:cat_with_tears_of_joy:"
2025-11-02 16:32:53,@Filem_viral,"RRQ KAPAN MAIN BANG?? GW MAU LIAT RRQ JUARA HARI INI BISMILLAH BISA YUK TEMEN"""
2025-11-02 16:32:54,@aldy-p5g,absen player epep
2025-11-02 16:32:54,@smokefromlordkorankap44,"And wait for the Day when the sky will be covered with a visible smoke, encompassing all people. This is a painful punishment.They wil say)Our Lord, remove the punishment from us. Now we are believers"
2025-11-02 16:32:54,@novanova7229,#7 ngga di ajak
2025-11-02 16:32:54,@raiderchannel4913,Raihan miring
2025-11-02 16:32:55,@prama1021,#7
2025-11-02 16:32:55,@ARIFsaputra023,viva RRQ
2025-11-02 16:32:55,@taktau1622,"TPLH"" EVOS IS BAKKK """
2025-11-02 16:32:57,@Filem_viral,"RRQ KAPAN MAIN BANG?? GW MAU LIAT RRQ JUARA HARI INI BISMILLAH BISA YUK TEMEN"""
2025-11-02 16:33:00,@Filem_viral,"RRQ KAPAN MAIN BANG?? GW MAU LIAT RRQ JUARA HARI INI BISMILLAH BISA YUK TEMEN"""
2025-11-02 16:33:01,@Reddpppp,kasi pialanya ke ae ya allah
2025-11-02 16:33:02,@raiderchannel4913,Raihan miring
2025-11-02 16:33:03,@NolanAbian-e8b,keciri kingdom banyak disini
2025-11-02 16:33:04,@moskovslebeeww,Skylar esport
2025-11-02 16:33:05,@Filem_viral,"RRQ KAPAN MAIN BANG?? GW MAU LIAT RRQ JUARA HARI INI BISMILLAH BISA YUK TEMEN"""
2025-11-02 16:33:07,@komplekscomedy,ternyata bukan adi yg bermasaalh tapi player rrq nya
2025-11-02 16:33:07,@raiderchannel4913,Raihan miring
2025-11-02 16:33:08,@danduputra6914,M7
2025-11-02 16:33:10,@Filem_viral,"RRQ KAPAN MAIN BANG?? GW MAU LIAT RRQ JUARA HARI INI BISMILLAH BISA YUK TEMEN"""
2025-11-02 16:33:12,@MuhammadRaihannx,"ONIC tanpa coach Yeb bisa ke grand final, RRQ bisa apa? bisa masuk GOA:cat_with_tears_of_joy:"
2025-11-02 16:33:13,@taktau1622,"TPLH"" EVOS IS BAKKK """
2025-11-02 16:33:13,@R.AldyYapi,landak kalah
2025-11-02 16:33:16,@Filem_viral,"RRQ KAPAN MAIN BANG?? GW MAU LIAT RRQ JUARA HARI INI BISMILLAH BISA YUK TEMEN"""
2025-11-02 16:33:17,@taktau1622,"TPLH"" EVOS IS BAKKK """
2025-11-02 16:33:17,@FebriAkun-p4e,onic go kalahkan AE ayam sayur
2025-11-02 16:33:18,@addegd2341,tandain gua AE menang
2025-11-02 16:33:19,@IkmalMaulana-z4y,gw curiga AE yg bakal juara
2025-11-02 16:33:20,@Filem_viral,"RRQ KAPAN MAIN BANG?? GW MAU LIAT RRQ JUARA HARI INI BISMILLAH BISA YUK TEMEN"""
2025-11-02 16:33:20,@taktau1622,"TPLH"" EVOS IS BAKKK """
2025-11-02 16:33:24,@Filem_viral,"RRQ KAPAN MAIN BANG?? GW MAU LIAT RRQ JUARA HARI INI BISMILLAH BISA YUK TEMEN"""
2025-11-02 16:33:25,@taktau1622,"TPLH"" EVOS IS BAKKK """
2025-11-02 16:33:25,@dwika444,#7 RAJA DARI SEGALA RAJA
2025-11-02 16:33:26,@giovictory,alamak
2025-11-02 16:33:27,@Hk-vg5to,5JUTA ONIC
2025-11-02 16:33:28,@Filem_viral,"RRQ KAPAN MAIN BANG?? GW MAU LIAT RRQ JUARA HARI INI BISMILLAH BISA YUK TEMEN"""
2025-11-02 16:33:29,@MuhammadRaihannx,"ONIC tanpa coach Yeb bisa ke grand final, RRQ bisa apa? bisa masuk GOA:cat_with_tears_of_joy:"
2025-11-02 16:33:31,@AliHungkull,yokk kasih permainan yg menegangkan
2025-11-02 16:33:31,@Filem_viral,"RRQ KAPAN MAIN BANG?? GW MAU LIAT RRQ JUARA HARI INI BISMILLAH BISA YUK TEMEN"""
2025-11-02 16:33:32,@adekbele,kira kira sape akan JUARA yah
2025-11-02 16:33:33,@JoyshaleAjha,bismillah
2025-11-02 16:33:34,@Filem_viral,"RRQ KAPAN MAIN BANG?? GW MAU LIAT RRQ JUARA HARI INI BISMILLAH BISA YUK TEMEN"""
2025-11-02 16:33:34,@jhonjairo4465,lasommmuuuuu
2025-11-02 16:33:36,@leginem-y2s,ae inimah
2025-11-02 16:33:36,@UtamiFitriyanti,ya allah lama'ya
2025-11-02 16:33:39,@Filem_viral,"RRQ KAPAN MAIN BANG?? GW MAU LIAT RRQ JUARA HARI INI BISMILLAH BISA YUK TEMEN"""
2025-11-02 16:33:41,@Skrillex08-n9r,GO AE
2025-11-02 16:33:41,@Superrr_24,onic
2025-11-02 16:33:41,@R.AldyYapi,landak
2025-11-02 16:33:41,@AimanDanish-v8p,Sonic ayam
2025-11-02 16:33:42,@MuhammadRaihannx,"ONIC tanpa coach Yeb bisa ke grand final, RRQ bisa apa? bisa masuk GOA:cat_with_tears_of_joy:"
2025-11-02 16:33:44,@yudalawu1720,KINK EVOS IS BACK
2025-11-02 16:33:45,@FebriAkun-p4e,onic fix juara lah
2025-11-02 16:33:46,@Filem_viral,"RRQ KAPAN MAIN BANG?? GW MAU LIAT RRQ JUARA HARI INI BISMILLAH BISA YUK TEMEN"""
2025-11-02 16:33:46,@Devinaoktaviani-z6f,goo onic
2025-11-02 16:33:49,@yuuotasaka6948,ngapin sedih
2025-11-02 16:33:50,@Skrillex08-n9r,GO AE
2025-11-02 16:33:51,@Filem_viral,"RRQ KAPAN MAIN BANG?? GW MAU LIAT RRQ JUARA HARI INI BISMILLAH BISA YUK TEMEN"""
2025-11-02 16:33:52,@UiIa-f1i,semangat ae buktikan player lokal bukan player yg bisa diremehkan
2025-11-02 16:33:52,@MuhammadRaihannx,"ONIC tanpa coach Yeb bisa ke grand final, RRQ bisa apa? bisa masuk GOA:cat_with_tears_of_joy:"
2025-11-02 16:33:54,@Hk-vg5to,DM GUAA SINI GUAA ONIC 5JUTA
2025-11-02 16:33:55,@ElbayMlbb,bismillah AE
2025-11-02 16:33:57,@R.AldyYapi,landak kalah
2025-11-02 16:33:59,@Filem_viral,"RRQ KAPAN MAIN BANG?? GW MAU LIAT RRQ JUARA HARI INI BISMILLAH BISA YUK TEMEN"""
2025-11-02 16:34:01,@MuhammadRaihannx,"ONIC tanpa coach Yeb bisa ke grand final, RRQ bisa apa? bisa masuk GOA:cat_with_tears_of_joy:"
2025-11-02 16:34:02,@ElbayMlbb,biar ukir sejarah
2025-11-02 16:34:02,@Filem_viral,"RRQ KAPAN MAIN BANG?? GW MAU LIAT RRQ JUARA HARI INI BISMILLAH BISA YUK TEMEN"""
2025-11-02 16:34:02,@ArmandaZeku-n4g,KITA DUKUNG AE FULL INDO
2025-11-02 16:34:03,@SalehSaleh-f8u,:pleading_face:kembali XIN
2025-11-02 16:34:04,@ratih.dr00,"Siapapun yang menang, WELL DESERVEEEEE"
2025-11-02 16:34:04,@days_7213,GO AE
2025-11-02 16:34:05,@taktau1622,TANDAIN GW EVOS MENANG (MENANGIS)
2025-11-02 16:34:05,@Filem_viral,"RRQ KAPAN MAIN BANG?? GW MAU LIAT RRQ JUARA HARI INI BISMILLAH BISA YUK TEMEN"""
2025-11-02 16:34:06,@reddevils5185,derby el kerung
2025-11-02 16:34:07,@joekumbolo3348,AE
2025-11-02 16:34:07,@NurFajar-f5e,AE GO GO GO
2025-11-02 16:34:07,@danduputra6914,logo M BRP YA?
2025-11-02 16:34:10,@Filem_viral,"RRQ KAPAN MAIN BANG?? GW MAU LIAT RRQ JUARA HARI INI BISMILLAH BISA YUK TEMEN"""
2025-11-02 16:34:12,@AliHungkull,onic
2025-11-02 16:34:12,@mrbin282,letsgoooooo AE
2025-11-02 16:34:13,@leginem-y2s,#7
2025-11-02 16:34:13,@Filem_viral,"RRQ KAPAN MAIN BANG?? GW MAU LIAT RRQ JUARA HARI INI BISMILLAH BISA YUK TEMEN"""
2025-11-02 16:34:16,@nor.alya123,ae brni taruhan rumah
2025-11-02 16:34:16,@taktau1622,"TPLH"" EVOS IS BAKKK """
2025-11-02 16:34:16,@MuhammadRaihannx,"ONIC tanpa coach Yeb bisa ke grand final, RRQ bisa apa? bisa masuk GOA:cat_with_tears_of_joy:"
2025-11-02 16:34:17,@Skrillex08-n9r,GO pemain indonesia
2025-11-02 16:34:17,@alghifari4440,AE
2025-11-02 16:34:17,@ElbayMlbb,kasihan liat nino gua juga ikut nangis:loudly_crying_face:
2025-11-02 16:34:18,@azhar-m5n,bismillah ayo onic bisa Yo juara
2025-11-02 16:34:18,@RanitChakraborty-gb2qh,m7 won onic id
2025-11-02 16:34:18,@UtamiFitriyanti,pusing lihat'ya
2025-11-02 16:34:19,@MuntuGs,alterego go go go
2025-11-02 16:34:20,@risalramadhan6046,go AE
2025-11-02 16:34:21,@joekumbolo3348,"AE JUARA, jangan onic mulu lag"
2025-11-02 16:34:23,@Sanzi击,gooo ae
2025-11-02 16:34:24,@Filem_viral,"RRQ KAPAN MAIN BANG?? GW MAU LIAT RRQ JUARA HARI INI BISMILLAH BISA YUK TEMEN"""
2025-11-02 16:34:25,@syaifulamir8775,GO GO GO ALTER EGOOO
2025-11-02 16:34:25,@SalehSaleh-f8u,tolong kembali XIN:pleading_face:
2025-11-02 16:34:25,@RyanFriyansah,EVOS is bot
2025-11-02 16:34:26,@leginem-y2s,M7 #7
2025-11-02 16:34:26,@MuhammadRaihannx,"ONIC tanpa coach Yeb bisa ke grand final, RRQ bisa apa? bisa masuk GOA:cat_with_tears_of_joy:"
2025-11-02 16:34:29,@Filem_viral,"RRQ KAPAN MAIN BANG?? GW MAU LIAT RRQ JUARA HARI INI BISMILLAH BISA YUK TEMEN"""
2025-11-02 16:34:31,@NarratiFun,Alter Ego.. Guk Guk Guk
2025-11-02 16:34:32,@ArmandaZeku-n4g,GO AE FULL INDO
2025-11-02 16:34:32,@agusm12955,goo onic
2025-11-02 16:34:32,@Filem_viral,"RRQ KAPAN MAIN BANG?? GW MAU LIAT RRQ JUARA HARI INI BISMILLAH BISA YUK TEMEN"""
2025-11-02 16:34:33,@taktau1622,"TPLH"" EVOS IS BAKKK """
2025-11-02 16:34:34,@Goldie_Edits,karena saya EVOS maka Saya Dukung ONIC sjaa
2025-11-02 16:34:34,@hendrakusuma177,"harapan gw ae si,, bosen onic mulu"
2025-11-02 16:34:35,@FahmiSlametromadhon-oo9bc,info casternya
2025-11-02 16:34:36,@arthakusumayasa34,ada yare
2025-11-02 16:34:37,@DitzzPrtama,yaerrrrrrrrrrrr
2025-11-02 16:34:37,@taktau1622,"TPLH"" EVOS IS BAKKK """
2025-11-02 16:34:37,@MuhammadRaihannx,"ONIC tanpa coach Yeb bisa ke grand final, RRQ bisa apa? bisa masuk GOA:cat_with_tears_of_joy:"
2025-11-02 16:34:38,@LordVidar,YAREUUUUUU
2025-11-02 16:34:38,@agusm12955,onic
2025-11-02 16:34:39,@Skrillex08-n9r,jangan kasi onic ada pemain ph
2025-11-02 16:34:40,@fosasih2426,Landak
2025-11-02 16:34:41,@andyahmad99,m7 dan 7 pecundang
2025-11-02 16:34:42,@taktau1622,"TPLH"" EVOS IS BAKKK """
2025-11-02 16:34:46,@acclaylaaspirant,evos is bak
2025-11-02 16:34:48,@FebriAkun-p4e,kasih aja pialanya ke king onic
2025-11-02 16:34:48,@mdavi5326,jam brp mainya
2025-11-02 16:34:49,@R.AldyYapi,landak kalahh
2025-11-02 16:34:52,@ziarasyid5302,jam brapa oyy
2025-11-02 16:34:52,@DitzzPrtama,yareeerrrreee
2025-11-02 16:34:53,@Jay-q2h2g,7
2025-11-02 16:34:55,@Evosbotkocak,EVOS go to goa
2025-11-02 16:34:58,@Deofandri,its onic time
2025-11-02 16:34:58,@IrwandiB,ILHAM BUDE
2025-11-02 16:34:59,@romualdogabriel4099,menu7u 7uara :winking_face_with_tongue::backhand_index_pointing_up:
2025-11-02 16:35:01,@Skrillex08-n9r,GO AE
2025-11-02 16:35:01,@MuhammadRaihannx,"ONIC tanpa coach Yeb bisa ke grand final, RRQ bisa apa? bisa masuk GOA:cat_with_tears_of_joy:"
2025-11-02 16:35:03,@taktau1622,"TPLH"" EVOS IS BAKKK """
2025-11-02 16:35:03,@Jay-q2h2g,7
2025-11-02 16:35:04,@RAFVLISUAL,LAMAA
2025-11-02 16:35:04,@NurFaizin-f7f,GO AE
2025-11-02 16:35:05,@RidzkyHaryadhi,goo oniccc
2025-11-02 16:35:08,@R.AldyYapi,kasi aja piala nya king rrq
2025-11-02 16:35:11,@Ansyaahh,a
2025-11-02 16:35:11,@RAFVLISUAL,RRQ lolos?
2025-11-02 16:35:12,@taktau1622,"TPLH"" EVOS IS BAKKK """
2025-11-02 16:35:14,@Ansyaahh,a
2025-11-02 16:35:15,@ArmandaZeku-n4g,DUKUNG AJA YANG FULL INDO
2025-11-02 16:35:16,@Ansyaahh,a
2025-11-02 16:35:17,@taktau1622,"TPLH"" EVOS IS BAKKK """
2025-11-02 16:35:19,@xyaz96,bukan jam 17 30 ya
2025-11-02 16:35:27,@romualdogabriel4099,"bnyk yg fomo tlph, pas jaman echo kmn?"
2025-11-02 16:35:27,@diaryfoodhea,Mulai tanding jam brpa min?
2025-11-02 16:35:27,@taktau1622,"TPLH"" EVOS IS BAKKK """
2025-11-02 16:35:30,@yuuotasaka6948,yareuuuuuu
2025-11-02 16:35:30,@AlannYaa,udah kasih ajah piala nya ke king onic
2025-11-02 16:35:32,@R.AldyYapi,landak kalah
2025-11-02 16:35:32,@MuhammadRaihannx,"ONIC tanpa coach Yeb bisa ke grand final, RRQ bisa apa? bisa masuk GOA:cat_with_tears_of_joy:"
2025-11-02 16:35:35,@MuhammadSolaudin,M 7 BUKAN #7
2025-11-02 16:35:35,@fendi-gy2zk,rrq masuk m7 coy
2025-11-02 16:35:36,@getmerit8518,7
2025-11-02 16:35:39,@wanaja-c6r,lama woi
2025-11-02 16:35:40,@itouasahi2685,ALTER EGO GO GO GO
2025-11-02 16:35:40,@RYZANGTA,7
2025-11-02 16:35:44,@RYZANGTA,7
2025-11-02 16:35:45,@MuhammadRaihannx,"ONIC tanpa coach Yeb bisa ke grand final, RRQ bisa apa? bisa masuk GOA:cat_with_tears_of_joy:"
2025-11-02 16:35:45,@anwarrahman3439,AE. ALL IN untuk semestas
2025-11-02 16:35:50,@andialfiansyah4791,ONIC TIME
2025-11-02 16:35:51,@EsaNyasar,DUKUNG AE SUPAYA PASIF NYA NYALA
2025-11-02 16:35:51,@LilaWati-e7y,MPL ID MAANNAAAAA SUAAARANYAAAAAAAAAA
2025-11-02 16:35:52,@riansahh.11,menu 7
2025-11-02 16:35:53,@taktau1622,"TPLH"" EVOS IS BAKKK """
2025-11-02 16:35:54,@RYZANGTA,7
2025-11-02 16:35:55,@rahman2697,semoga onic menag lgi
2025-11-02 16:35:55,@kaelpratama03,ae pasti juaraaa
2025-11-02 16:35:56,@DiditSaputra-r6w,goooo ae
2025-11-02 16:35:56,@gakmau6769,ivos is bakk
2025-11-02 16:35:57,@m0ure3n,ae mah cupu (tenang gais cuma buat pasif)
2025-11-02 16:35:57,@SolihinnGanteng,7
2025-11-02 16:35:57,@ameermuqrie7903,Ini kalilah alter ego
2025-11-02 16:36:00,@harland6982,coach yeb tanpa onic bisa apa?
2025-11-02 16:36:00,@riansahh.11,MENU 7
2025-11-02 16:36:02,@rosmaidasimatupang5399,AE juara
2025-11-02 16:36:04,@Insuroo,7
2025-11-02 16:36:05,@dedez9220,anjir masih 0-0 boring amat final
2025-11-02 16:36:06,@NiK-ud7ki,alter ego GOK GOK GOK
2025-11-02 16:36:06,@MasDed-p4b,7
2025-11-02 16:36:08,@Ganzznecron,what time is it? is onic time
2025-11-02 16:36:08,@gakmau6769,ivos is bakk
2025-11-02 16:36:10,@getmerit8518,7
2025-11-02 16:36:11,@riansahh.11,MENU 7 MENU 7 MENU 7
2025-11-02 16:36:12,@ameermuqrie7903,Alter ego go go go
2025-11-02 16:36:13,@Taph6,4-3 A
2025-11-02 16:36:17,@RafkiTea-e2c,yo al in ae ato koh bisa kokh kita juara koh
2025-11-02 16:36:18,@MuhammadMalikAlJabar,onik juara
2025-11-02 16:36:19,@RoniFaanj,KINGDOM JAHAT MINGGIR DULU
2025-11-02 16:36:20,@rosmaidasimatupang5399,AE juara
2025-11-02 16:36:22,@Fauzannp,epos is bakk
2025-11-02 16:36:22,@YohanPranata-xm6vo,7
2025-11-02 16:36:23,@alpinalpinnianto,"welcome tu isbacnk EVOS,kami dari fans Liquid id selamat datang digoa:face-blue-smiling:"
2025-11-02 16:36:23,@taktau1622,"TPLH"" EVOS IS BAKKK """
2025-11-02 16:36:24,@hdiyuselcool6444,belum bangun ya playernya
2025-11-02 16:36:26,@Reyhan721,Tara didinu mpl
2025-11-02 16:36:26,@RoniFaanj,KINGDOM JAHAT MINGGIR DULU
2025-11-02 16:36:27,@harland6982,AE tanpa Onic bisa apa?
2025-11-02 16:36:27,@ArPakeY,langsung aja kasi ke ae pialanya
2025-11-02 16:36:28,@IvanzZz-jh7rp,ae tanpa player ph goo
2025-11-02 16:36:29,@ayyubhan1434,7
2025-11-02 16:36:29,@AhmadAfif-e4g,lama
2025-11-02 16:36:30,@samsulmaarip9529,bismillah Ae
2025-11-02 16:36:30,@irhasnursalam9626,tapi lebih GG klo 4-3 ae
2025-11-02 16:36:31,@R.AldyYapi,landak kalah
2025-11-02 16:36:33,@MuhammadRaihannx,timnya ga lolos playoff sekarang malah ngehina mpl ID wkwk:cat_with_tears_of_joy:
2025-11-02 16:36:34,@NiK-ud7ki,se7
2025-11-02 16:36:35,@HaikalHaikal-w8j,onic time
2025-11-02 16:36:36,@davidstepanus8795,ALL IN AE
2025-11-02 16:36:36,@cet-g6j,goooo onicccc
2025-11-02 16:36:36,@KevinJo-ox8ce,RRQ Januari Ready To M7 :speaking_head:
2025-11-02 16:36:38,@taktau1622,"TPLH"" EVOS IS BAKKK """
2025-11-02 16:36:38,@wahyuddinrachman4110,go go Alter Ego
2025-11-02 16:36:40,@RafkiTea-e2c,2
2025-11-02 16:36:40,@turonggoarifsaputro8354,onic sak no
2025-11-02 16:36:41,@Lastknightofc.,7
2025-11-02 16:36:42,@MuhammadRaihannx,timnya ga lolos playoff sekarang malah ngehina mpl ID wkwk:cat_with_tears_of_joy:
2025-11-02 16:36:43,@DickyPrasetia-o8h,aku dukung onic si tapi liat perjuangan Ae kek nya harus ae yang menang
2025-11-02 16:36:43,@AllanPratama-p4o,ONIC
2025-11-02 16:36:45,@herdiantoprabowo1213,indo pride
2025-11-02 16:36:48,@RafkiTea-e2c,2
2025-11-02 16:36:52,@DellaAprillia-l9p,bismilah onic menang
2025-11-02 16:36:52,@syahfrialsani2365,RRQ JUARA
2025-11-02 16:36:52,@NiK-ud7ki,kyrex
2025-11-02 16:36:52,@MuhammadRaihannx,timnya ga lolos playoff sekarang malah ngehina mpl ID wkwk:cat_with_tears_of_joy:
2025-11-02 16:36:56,@RafkiTea-e2c,2
2025-11-02 16:36:56,@giahasya7168,bismillah onic menang ya alloh
2025-11-02 16:36:59,@NaylaPutri-j8m,semoga onic menang ya allha
2025-11-02 16:36:59,@davidstepanus8795,GOGOGO AE
2025-11-02 16:37:00,@harland6982,Onic tanpa AE bisa apa?
2025-11-02 16:37:00,@SalehSaleh-f8u,:pleading_face:bude aw
2025-11-02 16:37:01,@ririssimamora6031,Geek Fam
2025-11-02 16:37:02,@alivbs1657,Ayo AE pasti bisa juara
2025-11-02 16:37:02,@R.AldyYapi,landak jadi badut M7
2025-11-02 16:37:02,@taktau1622,"TPLH"" EVOS IS BAKKK """
2025-11-02 16:37:02,@RoniFaanj,KINGDOM JAHAT MINGGIR DULU
2025-11-02 16:37:03,@DipoSiahaan-e6z,4-2 onic
2025-11-02 16:37:03,@RafkiTea-e2c,2
2025-11-02 16:37:04,@MuhammadRaihannx,timnya ga lolos playoff sekarang malah ngehina mpl ID wkwk:cat_with_tears_of_joy:
2025-11-02 16:37:04,@rifanrohmat8514,evos is back
2025-11-02 16:37:07,@R.AldyYapi,landak jadi badut M7
2025-11-02 16:37:07,@HendarTzy,7
2025-11-02 16:37:07,@Farhan-i6u,AE AE AE AE
2025-11-02 16:37:07,@AR_SADIANA,penontonya sepi. :rolling_on_the_floor_laughing::rolling_on_the_floor_laughing: no rrq no beras
2025-11-02 16:37:08,@taktau1622,"TPLH"" EVOS IS BAKKK """
2025-11-02 16:37:11,@RafkiTea-e2c,2
2025-11-02 16:37:11,@kakakpertama1,AE AI LOVE YOU
2025-11-02 16:37:13,@alfico.E750,yok bisa yok Onic Clean swap
2025-11-02 16:37:14,@taktau1622,"TPLH"" EVOS IS BAKKK """
2025-11-02 16:37:15,@giahasya7168,GOOO ONICC TIME
2025-11-02 16:37:16,@Farhan-i6u,Hidup ae
2025-11-02 16:37:17,@RafkiTea-e2c,2
2025-11-02 16:37:17,@RidhoSimanjuntak-r2b,onic mau menang mulu ga muak apa
2025-11-02 16:37:17,@R.AldyYapi,landak jadi badut M7
2025-11-02 16:37:18,@Tommywelly76,GA ADA RRQ MASIH RAME AJA PLAYOFF
2025-11-02 16:37:18,@MuhammadRaihannx,timnya ga lolos playoff sekarang malah ngehina mpl ID wkwk:cat_with_tears_of_joy:
2025-11-02 16:37:23,@RafkiTea-e2c,2
2025-11-02 16:37:23,@taktau1622,"TPLH"" EVOS IS BAKKK """
2025-11-02 16:37:23,@davidstepanus8795,3 kata lucu evos is back
2025-11-02 16:37:24,@leginem-y2s,4AE 0 ONI
2025-11-02 16:37:26,@MuhammadRaihannx,timnya ga lolos playoff sekarang malah ngehina mpl ID wkwk:cat_with_tears_of_joy:
2025-11-02 16:37:26,@kakakpertama1,Gak nyangka AE finalll
2025-11-02 16:37:29,@R.AldyYapi,landak jadi badut M7
2025-11-02 16:37:32,@RoniFaanj,KINGDOM JAHAT MINGGIR DULU
2025-11-02 16:37:35,@bakriwahid94,AE JUARA MPL S16
2025-11-02 16:37:35,@NurFaizin-f7f,:hand-pink-waving:
2025-11-02 16:37:36,@Apriadinorman,push rank ajalah lamax
2025-11-02 16:37:37,@rvdofficialytngawi6751,Penghuni Goa asli pulang kemarin :face_with_tears_of_joy::rolling_on_the_floor_laughing:
2025-11-02 16:37:38,@taktau1622,"TPLH"" EVOS IS BAKKK """
2025-11-02 16:37:38,@mr.bangna7942,lebih rame gada rrq
2025-11-02 16:37:40,@R.AldyYapi,landak jadi badut M7
2025-11-02 16:37:45,@harland6982,AE tanpa Onic bisa apa?
2025-11-02 16:37:45,@KamisaltoAyanaon,mainkan savero kami:face-red-droopy-eyes:
2025-11-02 16:37:46,@HAFIDH-h3b,onic onic sonic sonic
2025-11-02 16:37:47,@jnrahmanw,jangan di block gw ga toxic
2025-11-02 16:37:47,@yeminggch,"2 kata lucu ""playoff sepi"""
2025-11-02 16:37:48,@RoniFaanj,KINGDOM JAHAT MINGGIR DULU
2025-11-02 16:37:49,@sandriadityarohidin286,BISMILLAH 4 - 0 AE
2025-11-02 16:37:49,@mrajawirawijaya6281,AE jago
2025-11-02 16:37:50,@amruzaenulloh3695,ae 4-2
2025-11-02 16:37:50,@taktau1622,"TPLH"" EVOS IS BAKKK """
2025-11-02 16:37:51,@Nekomaru246,evos jam brp
2025-11-02 16:37:51,@R.AldyYapi,landak jadi badut M7
2025-11-02 16:37:53,@yuuotasaka6948,yareuuuu
2025-11-02 16:37:53,@NurgiPratama,kenapa sih jadwalmya pas sholat magrib mulu
2025-11-02 16:37:54,@abdrahmatrahmat3303,gc bang
2025-11-02 16:37:58,@SalehSaleh-f8u,ayo kairi:pleading_face:plis menang
2025-11-02 16:37:59,@hermancebol1574,onic
2025-11-02 16:38:00,@Evosbotkocak,10 kata lucu EVOS GOTO m7 bawa pulang piala
2025-11-02 16:38:00,@RafkiTea-e2c,ayo bisa bawa kembali nex m7
2025-11-02 16:38:02,@GodLin3,"RRQ sanji akan datang. Sang CEO klarifikasi senang. Gagal playoff, kembali ditendang.:face-blue-smiling:"
2025-11-02 16:38:03,@belomtidur13hari,7
2025-11-02 16:38:04,@Ketek243Racing,1 JT ae
2025-11-02 16:38:06,@radiradi7741,onic
2025-11-02 16:38:08,@ardyanteguh1516,kasian kasih ae aja
2025-11-02 16:38:09,@IrmaWati-j1i,ayoo onic bisa
2025-11-02 16:38:10,@KamisaltoAyanaon,savero>>>skypler
2025-11-02 16:38:10,@taktau1622,"TPLH"" EVOS IS BAKKK """
2025-11-02 16:38:11,@R.AldyYapi,landak jadi badut M7
2025-11-02 16:38:12,@RabiElsani01,onif 500 dm
2025-11-02 16:38:12,@AlifaturRiza,:folded_hands:onic juara
2025-11-02 16:38:13,@mine5479,GBU ONIC :smiling_face_with_halo::smiling_face_with_halo:
2025-11-02 16:38:13,@AganSuganda-vc6fg,ayo AE
2025-11-02 16:38:18,@GKtaulah-b1g,ouh
2025-11-02 16:38:18,@Signature_07,alter igo gogoggg
2025-11-02 16:38:20,@TEAM_SONIC_REPUBLIC,ONIC BANTAI BANTAI:face-fuchsia-tongue-out:
2025-11-02 16:38:21,@dcgaming4789,yuiijjhu
2025-11-02 16:38:21,@KayNge-i1g2b,gua onic tapi gua dukung ae
2025-11-02 16:38:23,@elkaelofficial,mana WA mu
2025-11-02 16:38:25,@gabutdoangkack4402,all in ae
2025-11-02 16:38:26,@khdwipayana,RRQ main kapan? 
2025-11-02 16:38:26,@AmarNcy,:loudly_crying_face::loudly_crying_face::loudly_crying_face: 7
2025-11-02 16:38:29,@Finnss11,gooo onicccc
2025-11-02 16:38:29,@R.AldyYapi,kasi aja kin RRQ
2025-11-02 16:38:29,@sangsuperior6431,AE full indo kerennnn
2025-11-02 16:38:30,@RoniFaanj,KINGDOM JAHAT MINGGIR DULU
2025-11-02 16:38:30,@AmarNcy,7
2025-11-02 16:38:30,@Ady-d8t,epos is bak
2025-11-02 16:38:30,@FharelRamadhan-vg5px,gooooo ONIC
2025-11-02 16:38:31,@Fathirisamawat,AE menang lah Onic Mulu anj
2025-11-02 16:38:32,@MuhammadRaihannx,Kalau onic jadi Badut di M7 terus tim lu yang ga lolos playoff apa? :cat_with_tears_of_joy:
2025-11-02 16:38:32,@DindaDiwan,tetap rrq
2025-11-02 16:38:33,@NurFaizin-f7f,AE GO GO GO
2025-11-02 16:38:33,@Reyhan721,onic apa ae nih ges?
2025-11-02 16:38:34,@khdwipayana,RRQ main kapan?
2025-11-02 16:38:37,@grimreaperm-l9w,#7
2025-11-02 16:38:38,@MuhammadRaihannx,Kalau onic jadi Badut di M7 terus tim lu yang ga lolos playoff apa? :cat_with_tears_of_joy:
2025-11-02 16:38:38,@SikoKo-c4x,sapa hayo yg menangg?
2025-11-02 16:38:39,@vellianovianna8912,SEMANGAT ONIC!!!!!
2025-11-02 16:38:42,@SH_Azmi,ar ar qiu main kapan??
2025-11-02 16:38:43,@SalehSaleh-f8u,:pleading_face:pliss kairi tolong menang
2025-11-02 16:38:44,@Penonton_Terbaik,lma
2025-11-02 16:38:45,@MuhammadRaihannx,Kalau onic jadi Badut di M7 terus tim lu yang ga lolos playoff apa? :cat_with_tears_of_joy:
2025-11-02 16:38:46,@ramawibowo6179,RRQ MAEN JM BRAPA
2025-11-02 16:38:46,@sariftalbar546,rrq-onicc
2025-11-02 16:38:46,@davidstepanus8795,MENANG AE NI
2025-11-02 16:38:46,@taktau1622,"TPLH"" EVOS IS BAKKK """
2025-11-02 16:38:47,@Lutf.29,ipos is bak
2025-11-02 16:38:48,@brokoliijo4516,GUA PERCAYA SAMA LU AE
2025-11-02 16:38:48,@yeniisma4752,pliss onic mng
2025-11-02 16:38:48,@R.AldyYapi,landak jadi badut M7
2025-11-02 16:38:49,@AdamGaming13,ITS ONIC TIME
2025-11-02 16:38:49,@m_andika_ramdani9587,BISMILAHH ONIC 4-3
2025-11-02 16:38:49,@rivai_kdr,rrq kapan?
2025-11-02 16:38:49,@RatihPurnama-nz9ro,main jam berapa
2025-11-02 16:38:50,@babangpro4134,pengen ae juara tapi di sisi lain mau lihat bangler juara
2025-11-02 16:38:50,@RanitChakraborty-gb2qh,liquid team :flexed_biceps: but onic id is prime start now :shushing_face:
2025-11-02 16:38:51,@aguschannel7444,sepi
2025-11-02 16:38:51,@g.echannel4821,RRQ #7
2025-11-02 16:38:52,@bagussugianto8986,AYOOO AE ANGKAT PIALA AE
2025-11-02 16:38:52,@Zulfa-q1d,ONIC GOOOOOOOOOOOOOO
2025-11-02 16:38:53,@arifsantoso2563,AE
2025-11-02 16:38:53,@Vinkaii,3-4
2025-11-02 16:38:53,@irfanditung3589,#7
2025-11-02 16:38:54,@BelukarKejar-k6p,oniccc otwww juaraaaaaa kidsssss
2025-11-02 16:38:56,@KayNge-i1g2b,kesempatan buat ae dpt piala bismillah
2025-11-02 16:38:57,@MuhammadRaihannx,Kalau onic jadi Badut di M7 terus tim lu yang ga lolos playoff apa? :cat_with_tears_of_joy:
2025-11-02 16:38:58,@ngetehasw431,v
2025-11-02 16:39:00,@Zulfa-q1d,ONIC TIMEEE
2025-11-02 16:39:00,@aHarnnnn,ae
2025-11-02 16:39:01,@muhammadpermadhani4313,onic
2025-11-02 16:39:02,@radiradi7741,kita lihat
2025-11-02 16:39:02,@ALJoys,king AE nih bOssss
2025-11-02 16:39:02,@arrozakenny9095,EVOS EVOS EVOS
2025-11-02 16:39:04,@davidstepanus8795,3 KATA LUCU EVOS IS BACK
2025-11-02 16:39:06,@agungpurnamaputracok1793,Rrq juara brapa gaes??
2025-11-02 16:39:09,@GodLin3,kasi AE meanang lah. bosen onic mulu
2025-11-02 16:39:09,@MuhammadRaihannx,Kalau onic jadi Badut di M7 terus tim lu yang ga lolos playoff apa? :cat_with_tears_of_joy:
2025-11-02 16:39:09,@slepamungkas,AE 4 jendol
2025-11-02 16:39:09,@ALJoys,onic main kakek aja
2025-11-02 16:39:10,@dinzgaming.2773,YANG DAPET JALUR UNDANGAN MANA NIH
2025-11-02 16:39:11,@Fathirisamawat,Onic Ngecheat
2025-11-02 16:39:12,@Finnss11,onic time
2025-11-02 16:39:14,@ALJoys,onic putraaa
2025-11-02 16:39:14,@4bdullah13,AE juara percaxa gw
2025-11-02 16:39:15,@TEAM_SONIC_REPUBLIC,ONIC BANTAI BANTAI:face-fuchsia-tongue-out::cat-orange-whistling:
2025-11-02 16:39:16,@MuhammadRaihannx,Kalau onic jadi Badut di M7 terus tim lu yang ga lolos playoff apa? :cat_with_tears_of_joy:
2025-11-02 16:39:18,@MARVEL31-JEL,yok bisa yok onic
2025-11-02 16:39:18,@ErpinZakaria,gua onic sejuta aja ke wa
2025-11-02 16:39:19,@ribetriantoni2155,Lamawaaawaaa
2025-11-02 16:39:19,@bagussugianto8986,RRQ JUARA LOMBA SENDOK
2025-11-02 16:39:23,@agamgarciachanel,lama anjir
2025-11-02 16:39:23,@Zulfa-q1d,ONIC TIMEEE
2025-11-02 16:39:24,@direigo,November N nya apa?
2025-11-02 16:39:25,@thequietfall-f2p,"ONIC KUAT BANGET, TAPI ALTER EGO HERO POOL NYA BANYAK, FINAL INI PASTI BAKAL SERU:face-fuchsia-wide-eyes:"
2025-11-02 16:39:27,@faisfirmansyah1909,apakah alter ego akan mengukir sejarah
2025-11-02 16:39:27,@4bdullah13,AE juara percaya dah
2025-11-02 16:39:28,@MuhammadRaihannx,Kalau onic jadi Badut di M7 terus tim lu yang ga lolos playoff apa? :cat_with_tears_of_joy:
2025-11-02 16:39:30,@rikodina2279,ALTEREGO GO GO
2025-11-02 16:39:31,@rivai_kdr,air air apa yang ga lolos playoff :face_with_hand_over_mouth:
2025-11-02 16:39:34,@KielGx,isikan alter ego angkat piala :trophy:
2025-11-02 16:39:35,@kliperzs,p
2025-11-02 16:39:35,@DimasTedjo-ss3ej,ae
2025-11-02 16:39:36,@arrozakenny9095,EVOS EVOS EVOS
2025-11-02 16:39:36,@davidstepanus8795,LUCU BANGET YANG BILANG EVOS IS BACK
2025-11-02 16:39:36,@afrizaa8792,kebanyakan iklan mmk
2025-11-02 16:39:36,@SilverQuem,RRQ JOKOWI
2025-11-02 16:39:36,@sandriadityarohidin286,ONIC DARKSISTEM :loudly_crying_face:
2025-11-02 16:39:37,@MuhammadRaihannx,Kalau onic jadi Badut di M7 terus tim lu yang ga lolos playoff apa? :cat_with_tears_of_joy:
2025-11-02 16:39:40,@TiaraAlzahra-hs5uh,ONICCCC ONICCCCC ONICCCCCCCC
2025-11-02 16:39:41,@dutamhd,0NIC 4 - 3 AE
2025-11-02 16:39:43,@R.AldyYapi,landak jadi badut M7
2025-11-02 16:39:43,@hidanidan3300,":red_heart:AE ... kalah menang udah biasa,yg penting usaha ... :person_gesturing_no:"
2025-11-02 16:39:45,@arkanamodified,onic 2 jt
2025-11-02 16:39:45,@Rosyid-p4q,gua yakin ae is back 4-2 les go
2025-11-02 16:39:48,@rivai_kdr,air air que
2025-11-02 16:39:48,@DimasTedjo-ss3ej,Alter ego go go go
2025-11-02 16:39:48,@MuhammadRaihannx,Kalau onic jadi Badut di M7 terus tim lu yang ga lolos playoff apa? :cat_with_tears_of_joy:
2025-11-02 16:39:49,@MERTASIXPlayzone,"Kalo feeling ku, AE ngga sih"
2025-11-02 16:39:49,@TiaraAlzahra-hs5uh,GOOOO ONICCCCC
2025-11-02 16:39:50,@wanaja-c6r,7
2025-11-02 16:39:51,@AntoWijaya-f7c,"pengen liat Albert vs Skylar di grandfinal, tapi nino keren dan loyal juga layak d grandfinal"
2025-11-02 16:39:52,@dinzgaming.2773,AE juaraaaa
2025-11-02 16:39:53,@nairaaay,ONIC FIXX JUARA
2025-11-02 16:39:53,@bagussugianto8986,AE GASAAAAKKK
2025-11-02 16:39:54,@firza3846,onic yes
2025-11-02 16:39:57,@MERTASIXPlayzone,"Kalo feeling ku, AE ngga sih"
2025-11-02 16:39:59,@endangwagiastutik3387,bismillah Pila punya alter ego hari ini amin
2025-11-02 16:39:59,@ErpinZakaria,gua onic sejuta aja ke wa
2025-11-02 16:40:00,@happytraveling3224,SIAPAPUN YG JUARA KITA DUKUNG INDONESIA DI M7
2025-11-02 16:40:00,@MuhammadRaihannx,Kalau onic jadi Badut di M7 terus tim lu yang ga lolos playoff apa? :cat_with_tears_of_joy:
2025-11-02 16:40:00,@TEAM_SONIC_REPUBLIC,KING ONIC ANGKAT PIALA:face-fuchsia-tongue-out::cat-orange-whistling::face-blue-wide-eyes:
2025-11-02 16:40:00,@afrizaa8792,#MPLNGARET
2025-11-02 16:40:01,@thequietfall-f2p,4-2 AE
2025-11-02 16:40:01,@TeofilusChristiosugi,semoga onic menang
2025-11-02 16:40:03,@DimasTedjo-ss3ej,AE AE AE
2025-11-02 16:40:06,@TEAM_SONIC_REPUBLIC,KING ONIC ANGKAT PIALA:face-fuchsia-tongue-out::cat-orange-whistling::face-blue-wide-eyes:
2025-11-02 16:40:06,@RifkiMaulana-o1z,gue pegang onic 4 2 KLO gak 4 3
2025-11-02 16:40:06,@TiaraAlzahra-hs5uh,ONICCCCCCCCC GOOOO GOOOOOO
2025-11-02 16:40:06,@AntoWijaya-f7c,"pengen liat Albert vs Skylar di grandfinal, tapi nino keren dan loyal juga layak d grandfinal"
2025-11-02 16:40:07,@puput-n8z,ALTER EGOO GO GO GOOOOO
2025-11-02 16:40:07,@nairaaay,AE BOT
2025-11-02 16:40:09,@Aska2019,kasih aja piala nya ke onic
2025-11-02 16:40:10,@MuhammadRaihannx,Kalau onic jadi Badut di M7 terus tim lu yang ga lolos playoff apa? :cat_with_tears_of_joy:
2025-11-02 16:40:10,@BelukarKejar-k6p,onicc juaraaa tandainn guaaaaaaaa
2025-11-02 16:40:10,@ranggaardi17,bismillah alter ego
2025-11-02 16:40:11,@alpinalpinnianto,yang nonton kebanyakan tim EVOS yang suka menghina
2025-11-02 16:40:12,@TEAM_SONIC_REPUBLIC,KING ONIC ANGKAT PIALA:face-fuchsia-tongue-out::cat-orange-whistling::face-blue-wide-eyes:
2025-11-02 16:40:13,@Finnss11,ONIC TIME
2025-11-02 16:40:13,@skyy_riz,lama bgt minn
2025-11-02 16:40:14,@wanaja-c6r,7
2025-11-02 16:40:14,@RizzZYoutoube,ONIC
2025-11-02 16:40:16,@JuliaTaslim-c4v,gg srg
2025-11-02 16:40:16,@nalvinvin,onic doms
2025-11-02 16:40:16,@TEAM_SONIC_REPUBLIC,KING ONIC ANGKAT PIALA:face-fuchsia-tongue-out::cat-orange-whistling::face-blue-wide-eyes:
2025-11-02 16:40:16,@firgiyansyah-y7e,semoga ae angkat piala
2025-11-02 16:40:18,@MuhammadRaihannx,Kalau onic jadi Badut di M7 terus tim lu yang ga lolos playoff apa? :cat_with_tears_of_joy:
2025-11-02 16:40:19,@nightbot,MPL ID dengan tegas menentang segala bentuk perjudian & mendukung kompetisi yang adil dan berintegritas. Mari kita bangun komunitas yang menghormati nilai-nilai sportivitas dalam dunia esports!
2025-11-02 16:40:20,@puput-n8z,GOOO AEEEEE
2025-11-02 16:40:20,@MasbulahBulah,:washhands:
2025-11-02 16:40:21,@agungpurnamaputracok1793,Skylar juara bersama onic
2025-11-02 16:40:22,@gameanimasi,tebak skor 4-3 menang AE
2025-11-02 16:40:22,@danihaidar2255,Congratulatuion Onic back to back champion mpl id s16 !
2025-11-02 16:40:24,@RafkaPutra-gc9om,onic time
2025-11-02 16:40:26,@MuhammadRaihannx,Kalau onic jadi Badut di M7 terus tim lu yang ga lolos playoff apa? :cat_with_tears_of_joy:
2025-11-02 16:40:26,@Hopkins420,Hoi
2025-11-02 16:40:26,@danihaidar2255,Congratulatuion Onic back to back champion mpl id s16 !
2025-11-02 16:40:30,@Yongki-rrq7,77
2025-11-02 16:40:31,@Dynoo13,onik juara
2025-11-02 16:40:31,@kennethbee-y69,Secret?
2025-11-02 16:40:32,@Aska2019,ONIC :clown_face::clown_face:
2025-11-02 16:40:32,@z.i.nofficialchanel2236,Gg onic PH
2025-11-02 16:40:34,@danihaidar2255,Congratulatuion Onic back to back champion mpl id s16 !
2025-11-02 16:40:35,@firzaafi6705,keluarga di hati
2025-11-02 16:40:35,@TEAM_SONIC_REPUBLIC,KING ONIC ANGKAT PIALA:face-fuchsia-tongue-out::cat-orange-whistling::face-blue-wide-eyes:
2025-11-02 16:40:36,@Dynoo13,4 1
2025-11-02 16:40:36,@TeofilusChristiosugi,kairi harus kumar kumar
2025-11-02 16:40:37,@danihaidar2255, Congratulatuion Onic back to back champion mpl id s16 !
2025-11-02 16:40:40,@GalandriGinza,RRQ VS EVOS
2025-11-02 16:40:40,@MuhammadRaihannx,Kalau onic jadi Badut di M7 terus tim lu yang ga lolos playoff apa? :cat_with_tears_of_joy:
2025-11-02 16:40:40,@ridwanjuny1118,BISMILLAH AE :relieved_face:
2025-11-02 16:40:40,@danihaidar2255,Congratulatuion Onic back to back champion mpl id s16 !
2025-11-02 16:40:41,@santri_culun3987,Onic
2025-11-02 16:40:41,@ald1_anxin,bisa aja nungguin orang2 pada pulng kerja biar yg nonton rame hha
2025-11-02 16:40:41,@KevinJo-ox8ce,RRQ Angkat trophy:trophy-yellow-smiling:
2025-11-02 16:40:41,@TEAM_SONIC_REPUBLIC,KING ONIC ANGKAT PIALA:face-fuchsia-tongue-out::cat-orange-whistling::face-blue-wide-eyes:
2025-11-02 16:40:43,@Hopkins420,Ae juara
2025-11-02 16:40:44,@autolose6798,RRQ MAEN JAN
2025-11-02 16:40:44,@pemain8778,Yg ngehina Onic pasti kongdom iri
2025-11-02 16:40:48,@z.i.nofficialchanel2236,Gg RRQ main jam berpa ? 
2025-11-02 16:40:49,@puput-n8z,AEEE AEEE
2025-11-02 16:40:49,@saifulnazar,go ae go !!!
2025-11-02 16:40:49,@danihaidar2255,Congratulatuion Onic back to back champion mpl id s16 !
2025-11-02 16:40:50,@AnjayAlok-l8f,43
2025-11-02 16:40:50,@TEAM_SONIC_REPUBLIC,KING ONIC ANGKAT PIALA:face-fuchsia-tongue-out::cat-orange-whistling::face-blue-wide-eyes:
2025-11-02 16:40:50,@Tahru-fb8xm,7
2025-11-02 16:40:51,@MuhammadRaihannx,Kalau onic jadi Badut di M7 terus tim lu yang ga lolos playoff apa? :cat_with_tears_of_joy:
2025-11-02 16:40:55,@autolose6798,RRQ MAEN JAM BRP?
2025-11-02 16:40:55,@BlitzNeosoho,:face-purple-crying:
2025-11-02 16:40:55,@TEAM_SONIC_REPUBLIC,KING ONIC ANGKAT PIALA:face-fuchsia-tongue-out::cat-orange-whistling::face-blue-wide-eyes:
2025-11-02 16:40:56,@galangadi1009,ONICC
2025-11-02 16:40:57,@anggisaputra4613,Ae...gogogogo
2025-11-02 16:40:58,@RezkabimaTriana,lamaa
2025-11-02 16:40:59,@archannel3397,sini ae 1jt
2025-11-02 16:40:59,@anjaymabar-v1v,anjay rrq masuk final
2025-11-02 16:41:01,@AnjayAlok-l8f,4-3 onic
2025-11-02 16:41:02,@puput-n8z,BANTENG HITAM ALTER EGOO GOO GO GO
2025-11-02 16:41:03,@kagura1154,7
2025-11-02 16:41:03,@MuhammadRaihannx,Kalau onic jadi Badut di M7 terus tim lu yang ga lolos playoff apa? :cat_with_tears_of_joy:
2025-11-02 16:41:04,@ブデイ,Badut yang asli yang ga lolos playoff ya gays :clown_face:
2025-11-02 16:41:04,@TEAM_SONIC_REPUBLIC,KING ONIC ANGKAT PIALA:face-fuchsia-tongue-out::cat-orange-whistling::face-blue-wide-eyes:
2025-11-02 16:41:05,@AL_Keniten,:face-orange-biting-nails:
2025-11-02 16:41:05,@Johansb-r4z,Alter ego Akan megukir sejarah juara mpl indo
2025-11-02 16:41:07,@Tahru-fb8xm,7
2025-11-02 16:41:08,@GalandriGinza,4-0 Onic
2025-11-02 16:41:08,@anjaymabar-v1v,pasti rrq menang nisc
2025-11-02 16:41:09,@Rivaldi-q1v,AE semoga
2025-11-02 16:41:09,@MuhammadFabyansantoso-k6v6k,ayo AE angkat pialanya
2025-11-02 16:41:09,@HardiansyahHardi-t7w,"gaseruh , harus nya evos yg masuk"
2025-11-02 16:41:10,@anggilestari9014,onic onic oniccc
2025-11-02 16:41:10,@BlitzNeosoho,:person-turqouise-waving:
2025-11-02 16:41:11,@taufikmhd8956,Onic bisa yooo
2025-11-02 16:41:11,@naraadiwardana8204,berharap onic juara karna pengen liat Skylar angkat piala di tim baru nya semangat onic
2025-11-02 16:41:11,@arrozakenny9095,NINO -) PLAYER ONIC:text-green-game-over:
2025-11-02 16:41:12,@Anieljasun,Sonic lah 5k nih yg mau sini SM gue trhan
2025-11-02 16:41:14,@ayummmmmm,RRQ ABIS SUBUH YGY
2025-11-02 16:41:15,@Tahru-fb8xm,7
2025-11-02 16:41:15,@Natsukawa_Ryuta,pengen liat nino angkat piala:trophy-yellow-smiling:
2025-11-02 16:41:16,@habibbenzed6406,"laga tani, onic menang lagi, paling mepet satu skor lagi, liat aja"
2025-11-02 16:41:16,@WidiaPutra-y7q,onic 4-1 alter ego
2025-11-02 16:41:16,@Zulfahhtecc,4-3 AE
2025-11-02 16:41:18,@Adrianbws,ae angkat piala
2025-11-02 16:41:19,@christiansetiawan3426,RRQ tim drama mah drama aja
2025-11-02 16:41:19,@CampingA,kalo ae yang menang seru sih
2025-11-02 16:41:20,@SidiqBeong,AE
2025-11-02 16:41:20,@MuhammadRaihannx,Kalau onic jadi Badut di M7 terus tim lu yang ga lolos playoff apa? :cat_with_tears_of_joy:
2025-11-02 16:41:21,@KotaBkl-tx1hx,gw pegang yg budeee:rolling_on_the_floor_laughing::rolling_on_the_floor_laughing::rolling_on_the_floor_laughing:
2025-11-02 16:41:21,@autolose6798,RRQ MAEN JAM BRP?
2025-11-02 16:41:21,@HasimSim-t6i,predik sp yg menang
2025-11-02 16:41:22,@AntoWijaya-f7c,"pengen liat Albert vs Skylar di grandfinal, tapi nino keren dan loyal juga layak d grandfinal"
2025-11-02 16:41:23,@dianalfadiaz5284,tinggal nunggu pasif AE doang wkwkwk
2025-11-02 16:41:25,@BelukarKejar-k6p,ONIC juaraaaa tandain gue
2025-11-02 16:41:25,@Tahru-fb8xm,7
2025-11-02 16:41:26,@Andy47-yc,"ONIC INTERNASIONAL, RRQ TARKAM"
2025-11-02 16:41:26,@IrmaWati-j1i,onicc ayooo bisaaaa
2025-11-02 16:41:27,@firgiyansyah-y7e,ALTER EGO BISA YUK BISA
2025-11-02 16:41:28,@taufikmhd8956,Siapapun yang menang kalian hebat
2025-11-02 16:41:28,@AbizarRabian21,sonic
2025-11-02 16:41:29,@MuhammadRaihannx,Kalau onic jadi Badut di M7 terus tim lu yang ga lolos playoff apa? :cat_with_tears_of_joy:
2025-11-02 16:41:30,@BangEmon-d5l,ya allah menangkanlah onic :palms_up_together:
2025-11-02 16:41:30,@christiansetiawan3426,4-2 Onic
2025-11-02 16:41:31,@GalandriGinza,Onic 4 - 0 Alter Ego
2025-11-02 16:41:32,@SidiqBeong,AE
2025-11-02 16:41:32,@lemon123jeruk,AE 4-0 Onic
2025-11-02 16:41:33,@Tahru-fb8xm,7
2025-11-02 16:41:33,@edisetiawan4896,udah ketauan juaranya
2025-11-02 16:41:34,@rezarachman7917,solo killl
2025-11-02 16:41:35,@piddclouds,RRQ MASUK Via UNDERGROUND BRACKET
2025-11-02 16:41:35,@Bralalala-z1n,onic all in
2025-11-02 16:41:36,@R.AldyYapi,landak jadi badut M7
2025-11-02 16:41:36,@salmanfauzan_123,mulai jam berapa cui
2025-11-02 16:41:38,@kagura1154,7 
2025-11-02 16:41:38,@sarifhdy1691,rrq
2025-11-02 16:41:39,@Gusramaganteng23,go goo onic
2025-11-02 16:41:39,@sarifhdy1691,rrrq
2025-11-02 16:41:41,@MuhammadRaihannx,Kalau onic jadi Badut di M7 terus tim lu yang ga lolos playoff apa? :cat_with_tears_of_joy:
2025-11-02 16:41:43,@autolose6798,7
2025-11-02 16:41:43,@happytraveling3224,MIMIN KERJA KERAS:rolling_on_the_floor_laughing::rolling_on_the_floor_laughing:
2025-11-02 16:41:44,@grimreaperm-l9w,:winking_face_with_tongue::backhand_index_pointing_up:
2025-11-02 16:41:45,@gilarruslahwicaksono4327,RRQ MAIN JAM BERAPA?
2025-11-02 16:41:46,@MuhammadRaihannx,Kalau onic jadi Badut di M7 terus tim lu yang ga lolos playoff apa? :cat_with_tears_of_joy:
2025-11-02 16:41:47,@autolose6798,m#7
2025-11-02 16:41:49,@Tahru-fb8xm,7
2025-11-02 16:41:49,@KangParkir18,Goo ONIC :hundred_points: Bismillah onic juara :folded_hands:
2025-11-02 16:41:50,@dxx5110,rrq beli uduk dulu
2025-11-02 16:41:52,@salmanfauzan_123,MULAI JAM BERAPAAA
2025-11-02 16:41:53,@ikhsanfirdaus-k5j,AE menciptakan sejarah
2025-11-02 16:41:53,@ဂြိုလ်သားနတ်ကြီးufo,Ae က ဖလားကြီးသ်မ်းမယ်
2025-11-02 16:41:53,@Gusramaganteng23,gooooo... onic
2025-11-02 16:41:53,@santri_culun3987,Skin apa itu cookk
2025-11-02 16:41:54,@pakidi1091,AE
2025-11-02 16:41:55,@firgiyansyah-y7e,AE 4 - 0 ONIC
2025-11-02 16:41:56,@HS-op7qn,𝙠𝙖𝙨𝙞 𝙖𝙟𝙖 𝙥𝙞𝙖𝙡𝙖 𝙨𝙢𝙖𝙖 𝙤𝙣𝙞𝙘 𝙪𝙙𝙖𝙝
2025-11-02 16:41:56,@MuhammadRaihannx,Kalau onic jadi Badut di M7 terus tim lu yang ga lolos playoff apa? :cat_with_tears_of_joy:
2025-11-02 16:41:56,@KukuhWibowo-f4l,jam 17.30 mulainya
2025-11-02 16:41:59,@Medusa781,7
2025-11-02 16:41:59,@Evaichi,t1 menang
2025-11-02 16:41:59,@MERTASIXPlayzone,#AE
2025-11-02 16:41:59,@arrozakenny9095,EVOS EVOS EVOS
2025-11-02 16:42:00,@kennethbee-y69,Mana yang komen 20 jt tdi
2025-11-02 16:42:01,@Andy47-yc,"ONIC & AE INTERNASIONAL, RRQ TARKAM"
2025-11-02 16:42:02,@autolose6798,lolos m#7
2025-11-02 16:42:03,@MuhammadRaihannx,Kalau onic jadi Badut di M7 terus tim lu yang ga lolos playoff apa? :cat_with_tears_of_joy:
2025-11-02 16:42:03,@umarpoker8417,onic
2025-11-02 16:42:04,@muhammadfathan2565,knpa harus jam 17.30:loudly_crying_face::loudly_crying_face:
2025-11-02 16:42:04,@arifpaskalpokonda8760,Yang paling songong yang kalah 
2025-11-02 16:42:06,@hengkybaskara5215,"turnamen ngaret , semiskin ini kh game ini :rolling_on_the_floor_laughing:"
2025-11-02 16:42:07,@FannyAdityafauzan,13 menit lebih lagi mulai nya?
2025-11-02 16:42:07,@Andy47-yc,"ONIC & AE INTERNASIONAL, RRQ TARKAM"
2025-11-02 16:42:08,@sarifhdy1691,simpan aj trophi nya ke kink rrq
2025-11-02 16:42:09,@veodra,lah mundur
2025-11-02 16:42:11,@Evaichi,go Faker
2025-11-02 16:42:11,@rahmatromadhanmisri7152,ONIC LAGI INI JUARA
2025-11-02 16:42:12,@muhammadhafizh400,njir skin layla
2025-11-02 16:42:13,@ccalmzxyofficial,bismillah onic juara mpl id s16
2025-11-02 16:42:14,@AwallUdin-k3d,rrq poke
2025-11-02 16:42:14,@Andy47-yc,"ONIC & AE INTERNASIONAL, RRQ TARKAM"
2025-11-02 16:42:15,@purnomo3144,onic id badut mseries
2025-11-02 16:42:15,@ahmatrendi3808,lestgo onic
2025-11-02 16:42:16,@pakidi1091,AE
2025-11-02 16:42:16,@ALAIN-e7y,AE 4-3
2025-11-02 16:42:17,@salmanfauzan_123,MULAI JAM BERAPA WOIII
2025-11-02 16:42:17,@MuhammadRaihannx,Kalau onic jadi Badut di M7 terus tim lu yang ga lolos playoff apa? :cat_with_tears_of_joy:
2025-11-02 16:42:17,@Faiz-k9n,:text-green-game-over:
2025-11-02 16:42:19,@alpinario3843,BANGUN PEMUDI PEMUDA
2025-11-02 16:42:22,@ccalmzxyofficial,it's onic time
2025-11-02 16:42:22,@liamgalagherrrrrr,ITS ONIC TIMEEEEE
2025-11-02 16:42:22,@AbdullahAljufri-t2c,alter ego go go gooooooo onic
2025-11-02 16:42:23,@Faiz-k9n,:face-orange-raised-eyebrow:
2025-11-02 16:42:24,@autolose6798,RRQ MAEN JAM BRP?
2025-11-02 16:42:24,@Hendri-ju8hm,AE lah masak onic yg juara onic trllu toxi
2025-11-02 16:42:24,@MuhammadRaihannx,Kalau onic jadi Badut di M7 terus tim lu yang ga lolos playoff apa? :cat_with_tears_of_joy:
2025-11-02 16:42:26,@yiennhyee,ONIC
2025-11-02 16:42:28,@arifrizkiaulia7829,GO AE JANGAN KASIH SKYLAR PIALA
2025-11-02 16:42:28,@Medusa781,langsung aja pialanya buat RRQ
2025-11-02 16:42:30,@umarpoker8417,onic pasti bisa
2025-11-02 16:42:31,@Zen-story-v7w,"Dua""nya sudah menang:face-blue-smiling::hand-pink-waving:"
2025-11-02 16:42:31,@ariqqszyy,7 MANA?
2025-11-02 16:42:31,@R.AldyYapi,landak jadi badut M7
2025-11-02 16:42:32,@habibbenzed6406,90% onoc
2025-11-02 16:42:33,@purnomo3144,onic id badut mseries
2025-11-02 16:42:35,@Faiz-k9n,:face-orange-raised-eyebrow:
2025-11-02 16:42:36,@MuhammadRaihannx,Kalau onic jadi Badut di M7 terus tim lu yang ga lolos playoff apa? :cat_with_tears_of_joy:
2025-11-02 16:42:36,@sarifhdy1691,RRQ juara
2025-11-02 16:42:37,@chokyikzan,rrq main jam kapan
2025-11-02 16:42:37,@FarazGllen,ae meme q
2025-11-02 16:42:38,@SitiAisah-no2gw,"onic gak akan juara pegang kata"" gw"
2025-11-02 16:42:38,@purnomo3144,onic id badut mseries
2025-11-02 16:42:38,@dickyvengeance3140,bismillah AE juara
2025-11-02 16:42:38,@ccalmzxyofficial,#kingonic
2025-11-02 16:42:41,@DaniArda-o1e,Gooooo ONIC
2025-11-02 16:42:42,@yogiputrapane-dh6jd,AE AE AE AE
2025-11-02 16:42:44,@purnomo3144,onic id badut mseries
2025-11-02 16:42:47,@pakidi1091,4-3 for AE
2025-11-02 16:42:47,@KevinJo-ox8ce,BISMILLAH RRQ JUARA M7:trophy-yellow-smiling:
2025-11-02 16:42:48,@liamgalagherrrrrr,ARFY DI KANDANGIN SKYLARRR
2025-11-02 16:42:48,@paiskipiklan,komennya bocil semua :face_with_tears_of_joy::face_with_tears_of_joy::face_with_tears_of_joy:
2025-11-02 16:42:49,@Zaxzelr,lest goo
2025-11-02 16:42:50,@DaniYeager-n7j,hina ae biar fasifnya nyala
2025-11-02 16:42:50,@purnomo3144,onic id badut mseries
2025-11-02 16:42:50,@MuhammadRaihannx,Kalau onic jadi Badut di M7 terus tim lu yang ga lolos playoff apa? :cat_with_tears_of_joy:
2025-11-02 16:42:51,@setiabudi4202,kapan pak ap diganti?
2025-11-02 16:42:52,@itsintann,xixixiixi
2025-11-02 16:42:54,@grimreaperm-l9w,:winking_face_with_tongue::backhand_index_pointing_up:
2025-11-02 16:42:54,@Dlacydlacio,tutup komen provok dengan 7
2025-11-02 16:42:54,@SalmanAlfarisi-o5c,gua fans tapi gua pengen liat AE juara kasian ko delwyn meskipun agak emosi karna EVOS pulang
2025-11-02 16:42:55,@rikodwi3651,kasih ae ga sih kasian blm dpt² nih mpl
2025-11-02 16:42:56,@MuhammadRaihannx,Kalau onic jadi Badut di M7 terus tim lu yang ga lolos playoff apa? :cat_with_tears_of_joy:
2025-11-02 16:42:57,@dickyvengeance3140,go AE
2025-11-02 16:42:58,@babyr5581,AE AE AE
2025-11-02 16:42:59,@R.AldyYapi,landak jadi badut M7
2025-11-02 16:43:00,@Dlacydlacio,tutup komen provok dengan 7
2025-11-02 16:43:00,@pangpangdc,"SIAPAPUN JUARA MPL NYA, BAWA PULANG M7 NYA"
2025-11-02 16:43:01,@GUEANAKJAKARTA-q4p,Final nya lokal vs badut
2025-11-02 16:43:02,@FinnTj-x8r,bismillahirrahmanirrahim onic juara
2025-11-02 16:43:03,@saifulamri9419,kasi aja langsung pialanyake onic
2025-11-02 16:43:03,@ariqqszyy,RRQ BADUT INTERNATIONAL
2025-11-02 16:43:03,@mardimalino1842,ae ae ae
2025-11-02 16:43:04,@CloverYaa,KOMUNITAS ML UDAH RUSAK WKWK
2025-11-02 16:43:04,@pemain8778,Kongdom iri sampe ngatain Onic
2025-11-02 16:43:04,@purnomo3144,onic id badut mseries
2025-11-02 16:43:06,@Nithasophisticated,rrq main jam 3 pagi
2025-11-02 16:43:07,@itsintann,situ bisa ke m series?
2025-11-02 16:43:07,@Izull-s1o,ae
2025-11-02 16:43:08,@DaniArda-o1e,lawak banyak yang bilang RRQ juara lol
2025-11-02 16:43:09,@dipabintangpamungkas4763,woiii gc woi keburu magrib
2025-11-02 16:43:09,@iWAR.dd.02,3vos
2025-11-02 16:43:09,@MuhammadRaihannx,Kalau onic jadi Badut di M7 terus tim lu yang ga lolos playoff apa? :cat_with_tears_of_joy:
2025-11-02 16:43:10,@MERTASIXPlayzone,"Dukung AE dulu, Karena RRQ ga lolos:hand-orange-covering-eyes:"
2025-11-02 16:43:11,@kinclung_,lets go Ae :shushing_face:
2025-11-02 16:43:12,@FannyAdityafauzan,respect ajaa kalo ada yg onic kalah lawan ae :thumbs_up:
2025-11-02 16:43:11,@fayzanfatihafnan632,gassss AE
2025-11-02 16:43:12,@ALAIN-e7y,alter ego gok gok gok
2025-11-02 16:43:14,@Dlacydlacio,tutup komen provok dengan 7
2025-11-02 16:43:15,@FaisalKtb-lu7zd,onic pasti angkat piala yakin gua:beaming_face_with_smiling_eyes::beaming_face_with_smiling_eyes::beaming_face_with_smiling_eyes::beaming_face_with_smiling_eyes::smiling_face_with_sunglasses:
2025-11-02 16:43:15,@ErpinZakaria,gua onic sejuta ajaa
2025-11-02 16:43:15,@sarifhdy1691,lest go rrq
2025-11-02 16:43:16,@citozzz1364,btr main jam berapa?
2025-11-02 16:43:16,@azzamZuhairassaefi,kingdom jadi karbit ae
2025-11-02 16:43:17,@ScorchIqbal-v5j,komen doang gaada kerjaan 
2025-11-02 16:43:18,@MuhammadRaihannx,Kalau onic jadi Badut di M7 terus tim lu yang ga lolos playoff apa? :cat_with_tears_of_joy:
2025-11-02 16:43:19,@Allay4Real,sepi nih grand final
2025-11-02 16:43:19,@CloverYaa,MELERS MELERS
2025-11-02 16:43:21,@BayoHarahapTunggal,#7 badut mpl
2025-11-02 16:43:22,@purnomo3144,onic id badut mseries
2025-11-02 16:43:24,@Agoygarfield,onic juara
2025-11-02 16:43:25,@maisyaannaura3271,onicccc
2025-11-02 16:43:25,@iWAR.dd.02,3VOS
2025-11-02 16:43:25,@An_FahmyZ.27,UDAH KASIH AJA PIALANYA KE RRQ
2025-11-02 16:43:25,@demsgaming19,7
2025-11-02 16:43:26,@viorellamorentha3873,"Siapapun yg menang malam ini, IKHLAS LAHIR BATIN"
2025-11-02 16:43:26,@setiabudi4202,kasih saja pialanya ke rrq..
2025-11-02 16:43:26,@Dlacydlacio,tutup komen provok dengan 7
2025-11-02 16:43:27,@tamafleco6921,MAGRIB MULU MAEN YA BG ???
2025-11-02 16:43:27,@MuhammadRaihannx,Kalau onic jadi Badut di M7 terus tim lu yang ga lolos playoff apa? :cat_with_tears_of_joy:
2025-11-02 16:43:29,@KevinJo-ox8ce,DUKUNG RRQ FINAL KETIK 7 :speaking_head:
2025-11-02 16:43:31,@IND_GAMING979,Ku
2025-11-02 16:43:31,@dickyvengeance3140,bismillah king ae juara
2025-11-02 16:43:33,@RikoAgung-jy1bq,tebak skor onic vs AE yang benar dapat 100rb
2025-11-02 16:43:33,@EdmundN7,"ini sih pasti 7 game, yg menang mah gatau dah sama sama kuat:cat_with_tears_of_joy:"
2025-11-02 16:43:34,@purnomo3144,onic id badut mseries
2025-11-02 16:43:34,@tamafleco6921,MAGRIB MULU MAEN YA BG ???
2025-11-02 16:43:34,@FadillFadill-k5x,let's go oniccccc
2025-11-02 16:43:34,@AdeFebrian-p6p,p
2025-11-02 16:43:35,@viorellamorentha3873,Good onic goo AE
2025-11-02 16:43:35,@RayyanZiqreeAhmadFirdaus,jangan bacot gua sebagai alterchamps lihat hasilnya dulu
2025-11-02 16:43:36,@MuhammadRaihannx,Kalau onic jadi Badut di M7 terus tim lu yang ga lolos playoff apa? :cat_with_tears_of_joy:
2025-11-02 16:43:36,@krisnadwiartha7487,7
2025-11-02 16:43:36,@Andreas-n7l,onic
2025-11-02 16:43:37,@anwksk,mulai jam brpa?
2025-11-02 16:43:37,@PremPrem-e2p,7
2025-11-02 16:43:38,@yomberame,RRQ main sama Natalia???
2025-11-02 16:43:38,@demsgaming19,7
2025-11-02 16:43:39,@IND_GAMING979,M1
2025-11-02 16:43:39,@Muhammadmuslihun,king ae
2025-11-02 16:43:40,@MuhammadFikri-o5p,ayok AE menang!!!
2025-11-02 16:43:40,@FinardhyJose,brisik ndom kalo mau nonton ya nonton aja gausah brisik
2025-11-02 16:43:41,@PremPrem-e2p,7
2025-11-02 16:43:41,@MuhammadRaihannx,Kalau onic jadi Badut di M7 terus tim lu yang ga lolos playoff apa? :cat_with_tears_of_joy:
2025-11-02 16:43:42,@ALAIN-e7y,alter ego gok gok gok
2025-11-02 16:43:42,@viorellamorentha3873,GOO ONIC GOO AE
2025-11-02 16:43:43,@PremPrem-e2p,7
2025-11-02 16:43:44,@An_FahmyZ.27,UDAH KASIH AJA PIALANYA KE RRQ
2025-11-02 16:43:45,@rasyabsgoblok409,lama
2025-11-02 16:43:45,@purnomo3144,onic id badut mseries
2025-11-02 16:43:46,@PremPrem-e2p,7
2025-11-02 16:43:46,@apih-y9h,mpl haram
2025-11-02 16:43:46,@RzlFni,7
2025-11-02 16:43:47,@RizkyAdityaRamadhan-h9c,go! go! go! ONIC
2025-11-02 16:43:49,@PremPrem-e2p,7
2025-11-02 16:43:49,@MuhammadRaihannx,Kalau onic jadi Badut di M7 terus tim lu yang ga lolos playoff apa? :cat_with_tears_of_joy:
2025-11-02 16:43:49,@larascipta2384,7
2025-11-02 16:43:50,@An_FahmyZ.27,UDAH KASIH AJA PIALANYA KE RRQ
2025-11-02 16:43:50,@AdeFebrian-p6p,p
2025-11-02 16:43:51,@wawawiwi462,rrq poke
2025-11-02 16:43:51,@Dlacydlacio,tutup komen provok dengan 7
2025-11-02 16:43:52,@PremPrem-e2p,7
2025-11-02 16:43:52,@rakhamuazam2061,mulai jam berapa ini?
2025-11-02 16:43:53,@R.AldyYapi,landak jadi badut M7
2025-11-02 16:43:53,@larascipta2384,7
2025-11-02 16:43:53,@rasyabsgoblok409,rrq kapan main bg
2025-11-02 16:43:54,@adriankarasuno,KINGDOM BAIK KETIK 1
2025-11-02 16:43:54,@elementalhero9842,RRQ menghilang dari lane
2025-11-02 16:43:55,@PremPrem-e2p,7
2025-11-02 16:43:55,@vasiliantoni,RRQ vs EVOS kapan?
2025-11-02 16:43:55,@demsgaming19,7
2025-11-02 16:43:56,@Andreas-n7l,onic
2025-11-02 16:43:56,@kriwilmomo6569,7
2025-11-02 16:43:57,@afgeming7144,7
2025-11-02 16:43:57,@larascipta2384,7
2025-11-02 16:43:57,@kalianwibu1,dukung m7 untuk ke2 tim
2025-11-02 16:43:57,@PremPrem-e2p,7
2025-11-02 16:43:58,@AdeFebrian-p6p,p
2025-11-02 16:43:59,@MuhammadRaihannx,7
2025-11-02 16:44:00,@SiimutPaljong,epos main kapan min
2025-11-02 16:44:01,@larascipta2384,7
2025-11-02 16:44:01,@PremPrem-e2p,7
2025-11-02 16:44:01,@MuhammadRaihannx,7
2025-11-02 16:44:01,@fayalodewijk,ONIC YOPPIEE
2025-11-02 16:44:02,@sandinitobasuki1794,bismilah RRQ juara MPLS16 & angkat piala M7
2025-11-02 16:44:02,@purnomo3144,onic id badut mseries
2025-11-02 16:44:02,@andikaafriansyah9353,"2 TIM JAGO MASUK FINAL, YANG HASTAG 7 GAUSAH DIAJAK (KARNA RAJA LOKAL)"
2025-11-02 16:44:02,@Dlacydlacio,tutup komen provok dengan 7
2025-11-02 16:44:02,@smokefromlordkorankap44,"Pada hari itu orang-orang yang zalim berkata, 'Ya Tuhan kami, hilangkanlah siksaan ini dari kami, karena kami telah beriman"
2025-11-02 16:44:04,@elementalhero9842,RRQ menghilang dari lane
2025-11-02 16:44:04,@NovaMc_123,onic
2025-11-02 16:44:04,@zaldimaz7644,7
2025-11-02 16:44:04,@larascipta2384,7
2025-11-02 16:44:04,@PremPrem-e2p,7
2025-11-02 16:44:06,@MuhammadRaihannx,7
2025-11-02 16:44:06,@hanssritonga,RRQ M7
2025-11-02 16:44:07,@MuhammadLuthfi-g5u,onic mantap
2025-11-02 16:44:08,@Dlacydlacio,7
2025-11-02 16:44:08,@DRAGONX-q9q,bismillah ae menang
2025-11-02 16:44:08,@muhammadzamzam-go8qj,RRQ SUDAH DI M7:face_with_hand_over_mouth::cat_with_tears_of_joy:
2025-11-02 16:44:08,@larascipta2384,7
2025-11-02 16:44:08,@PremPrem-e2p,7
2025-11-02 16:44:09,@RanggaSaputra-n1y9h,7
2025-11-02 16:44:09,@ahyandoyok4063,181129333 mabar
2025-11-02 16:44:09,@FadillFadill-k5x,LET'S GO ONICCC TEAMM
2025-11-02 16:44:10,@sarifhdy1691,rrq juara boss
2025-11-02 16:44:10,@iyanfdz79,tetep kawal #7
2025-11-02 16:44:11,@AdebagusIbrahim-qf8nd,rrq main jam berapa?
2025-11-02 16:44:11,@kalianwibu1,dukung m7 untuk ke2 tim
2025-11-02 16:44:11,@PremPrem-e2p,7
2025-11-02 16:44:11,@Arif_Negerisembilan-z11,7
2025-11-02 16:44:11,@andrikurniawan6596,7
2025-11-02 16:44:11,@ALAIN-e7y,SE7ARAH
2025-11-02 16:44:12,@larascipta2384,7
2025-11-02 16:44:13,@Dlacydlacio,7
2025-11-02 16:44:13,@TeofilusChristiosugi,onic mesti menang
2025-11-02 16:44:14,@Arif_Negerisembilan-z11,6
2025-11-02 16:44:14,@KevinJo-ox8ce,KETIK 7 DUKUNG FINAL RRQ :speaking_head:
2025-11-02 16:44:14,@renrensuou,7
2025-11-02 16:44:14,@BlackSir-z7p,ribut alay
2025-11-02 16:44:14,@fein-d6w,GAK LOLOS PLAYOFF AJA PETANTANG-PETENTENG
2025-11-02 16:44:15,@renrensuou,7
2025-11-02 16:44:15,@dickyvengeance3140,bismillah AE juara
2025-11-02 16:44:15,@PremPrem-e2p,7
2025-11-02 16:44:15,@Gall-122K,7
2025-11-02 16:44:15,@larascipta2384,7
2025-11-02 16:44:16,@ntrifaa3552,GOOOOOOO ONICC
2025-11-02 16:44:16,@AdeFebrian-p6p,p
2025-11-02 16:44:16,@imunEmpire,mulai mulai
2025-11-02 16:44:16,@Arif_Negerisembilan-z11,5
2025-11-02 16:44:17,@Oji-o9x,alter ego GOK GOK GOK GOK
2025-11-02 16:44:17,@MuhammadRaihannx,7
2025-11-02 16:44:17,@elementalhero9842,RRQ menghilang dari lane
2025-11-02 16:44:17,@Dlacydlacio,tutup komen provok dengan 7
2025-11-02 16:44:17,@sockdgm8326,ALTER CHAMP
2025-11-02 16:44:17,@hanssritonga,RRQ PUNYA LEMON ADA KAGURA
2025-11-02 16:44:18,@Andreas-n7l,mbah kong
2025-11-02 16:44:18,@Arif_Negerisembilan-z11,4
2025-11-02 16:44:18,@ahmadfuadhanafi1876,7
2025-11-02 16:44:19,@IND_GAMING979,7
2025-11-02 16:44:19,@PremPrem-e2p,7
2025-11-02 16:44:19,@MidMc_67,7
2025-11-02 16:44:20,@larascipta2384,7
2025-11-02 16:44:20,@Arif_Negerisembilan-z11,3
2025-11-02 16:44:20,@R.AldyYapi,landak ID jadi badut M7
2025-11-02 16:44:21,@Gall-122K,7
2025-11-02 16:44:22,@Arif_Negerisembilan-z11,2
2025-11-02 16:44:22,@masones8239,3
2025-11-02 16:44:22,@PremPrem-e2p,7
2025-11-02 16:44:22,@Sundaentot,7
2025-11-02 16:44:23,@ahmadfuadhanafi1876,7
2025-11-02 16:44:23,@larascipta2384,7
2025-11-02 16:44:24,@yusufhasanfadillah6990,7
2025-11-02 16:44:24,@kalianwibu1,dukung m7 untuk ke2 tim
2025-11-02 16:44:24,@imam182,7
2025-11-02 16:44:24,@Arif_Negerisembilan-z11,1
2025-11-02 16:44:24,@MuhammadRaihannx,7
2025-11-02 16:44:26,@bayuajisaputra4800,jam brp
2025-11-02 16:44:27,@AdeFebrian-p6p,pp
2025-11-02 16:44:28,@larascipta2384,7
2025-11-02 16:44:28,@rezapratama5945,7
2025-11-02 16:44:29,@ALAIN-e7y,2
2025-11-02 16:44:30,@Rizal592,#PASIFAENYALA
2025-11-02 16:44:30,@MuhammadRaihannx,7
2025-11-02 16:44:30,@damzyyboy,ONIC TIME:goodvibes:
2025-11-02 16:44:30,@MidMc_67,7
2025-11-02 16:44:30,@gyzzfine,7
2025-11-02 16:44:31,@Okysamm,onic
2025-11-02 16:44:31,@rafarafa2077,7
2025-11-02 16:44:31,@PremPrem-e2p,7
2025-11-02 16:44:32,@MuhammadRandisya,:squinting_face_with_tongue::backhand_index_pointing_up:
2025-11-02 16:44:32,@purnomo3144,onic id badut mseries
2025-11-02 16:44:33,@larascipta2384,7
2025-11-02 16:44:33,@TeofilusChristiosugi,kairi mode kumar kumar
2025-11-02 16:44:34,@nadifriski,5
2025-11-02 16:44:34,@elementalhero9842,RRQ menghilang dari lane
2025-11-02 16:44:34,@PremPrem-e2p,7
2025-11-02 16:44:36,@MuhammadRaihannx,7
2025-11-02 16:44:36,@davidstepanus8795,RRQ DALAM GOA GAK USAH NONGGOL DISIMI
2025-11-02 16:44:36,@bayuajisaputra4800,JAM BRP
2025-11-02 16:44:37,@ahmadfuadhanafi1876,7
2025-11-02 16:44:37,@ratnaratna2466,badut
2025-11-02 16:44:38,@PremPrem-e2p,7
2025-11-02 16:44:38,@ALAIN-e7y,SE7ARAH
2025-11-02 16:44:38,@agengrahayunh2015,ini banyak aman ya oknum oknum wkwk
2025-11-02 16:44:40,@Sukimah1234-e1o,jam berapa rrq nungguin nih
2025-11-02 16:44:40,@aahmadd24,7
2025-11-02 16:44:40,@larascipta2384,7
2025-11-02 16:44:41,@YopanWijaya-y8v,:face-red-droopy-eyes:
2025-11-02 16:44:41,@wan.setiawan,Nenek nya badut
2025-11-02 16:44:42,@arismunandar2522,"beritahu semua,KING AE datang :party_popper::party_popper::party_popper:"
2025-11-02 16:44:42,@Sundaentot,7
2025-11-02 16:44:42,@MuhammadRaihannx,7
2025-11-02 16:44:43,@imunEmpire,mulai mulai
2025-11-02 16:44:44,@Yadieeee,#EVOSISBAKGOA
2025-11-02 16:44:44,@FadillFadill-k5x,7
2025-11-02 16:44:44,@R.AldyYapi,landak ID jadi badut M7
2025-11-02 16:44:44,@larascipta2384,7
2025-11-02 16:44:44,@aahmadd24,7
2025-11-02 16:44:44,@AziosaputraAzio-mb2lv,ONIC
2025-11-02 16:44:44,@Anataverinn,siape kita?? TODAK
2025-11-02 16:44:45,@Andreas-n7l,mbh kong
2025-11-02 16:44:45,@kalianwibu1,dukung m7 untuk ke2 tim
2025-11-02 16:44:46,@Rizal592,pasif ae nyala guis
2025-11-02 16:44:46,@ryza_24,GK ad hubungan ny Ama ererki
2025-11-02 16:44:46,@rezapratama5945,bingung mau dukung onic apa alter ego
2025-11-02 16:44:46,@purnomo3144,onic id badut mseries
2025-11-02 16:44:47,@alfiyaniarriska4767,yok bisa yok onic
2025-11-02 16:44:47,@PremPrem-e2p,7
2025-11-02 16:44:48,@Shouma7,onic
2025-11-02 16:44:48,@larascipta2384,7
2025-11-02 16:44:48,@MuhammadLuthfi-g5u,5 mnt lgi guys
2025-11-02 16:44:48,@hanssritonga,RRQ UDAH DI M7 BOS NUNGGU DI FINAL
2025-11-02 16:44:49,@Bima-u7o,7
2025-11-02 16:44:50,@aguspriantoro228,lil lil lil bahlil
2025-11-02 16:44:50,@RahmatSetiaw-m6q,rrq diam aj udh di goa banyak bct
2025-11-02 16:44:50,@NebulaXII-e1h,7
2025-11-02 16:44:50,@rzkialfrzk,jam 7
2025-11-02 16:44:51,@sudirman7639,7
2025-11-02 16:44:51,@FadillFadill-k5x,7
2025-11-02 16:44:51,@larascipta2384,7
2025-11-02 16:44:51,@Neng12-d8c,KASIH AJA PIALANYA KE KING AE
2025-11-02 16:44:52,@nadifriski,55555555
2025-11-02 16:44:52,@Sukimah1234-e1o,jam berapa rrq nungguin nih
2025-11-02 16:44:52,@Amaygen1,bismillah onic bisa menang skylar bisa dapet piala mpl lagi ya Allah aminn
2025-11-02 16:44:53,@elricoreinaldi6451,7
2025-11-02 16:44:53,@dickyvengeance3140,waktunya AE juara
2025-11-02 16:44:53,@Dlacydlacio,tutup komen provok dengan 7
2025-11-02 16:44:53,@snsann.1297,AE M7 RRQ #7
2025-11-02 16:44:54,@NebulaXII-e1h,7
2025-11-02 16:44:54,@KevinJo-ox8ce,MANTAPPP
2025-11-02 16:44:54,@purnomo3144,onic id badut mseries
2025-11-02 16:44:56,@larascipta2384,7
2025-11-02 16:44:56,@Wildandimari,7
2025-11-02 16:44:56,@masones8239,7+3=GO A
2025-11-02 16:44:56,@NebulaXII-e1h,7
2025-11-02 16:44:56,@Wildandimari,7
2025-11-02 16:44:56,@Wildandimari,7
2025-11-02 16:44:56,@elementalhero9842,7
2025-11-02 16:44:56,@elementalhero9842,7
2025-11-02 16:44:56,@Wildandimari,7
2025-11-02 16:44:56,@elementalhero9842,7
2025-11-02 16:44:56,@elementalhero9842,7
2025-11-02 16:44:56,@elementalhero9842,7
2025-11-02 16:44:57,@elementalhero9842,7
2025-11-02 16:44:57,@Wildandimari,7
2025-11-02 16:44:57,@davidstepanus8795,RRQ DALAM GOA GAK USAH NONGGOL DISINI
2025-11-02 16:44:57,@Wildandimari,7
2025-11-02 16:44:58,@daffawahyudi2484,7
2025-11-02 16:44:58,@kanna1950,ae bren
2025-11-02 16:44:58,@hanssritonga,RRQ PUNYA LEMON JAGO KAGURA~
2025-11-02 16:44:59,@sudirman7639,7
2025-11-02 16:44:59,@NebulaXII-e1h,7
2025-11-02 16:45:00,@makantuan1764,SUGOIIII
2025-11-02 16:45:00,@direigo,lamanyo
2025-11-02 16:45:00,@FathirKemerio,prediksi
2025-11-02 16:45:00,@muhaliikhsan7697,7
2025-11-02 16:45:00,@samAP26,"percuma lolos playoff tapi gak nyampe grand final,wkwkwkwkwkw"
2025-11-02 16:45:00,@larascipta2384,7
2025-11-02 16:45:01,@rzmaulana304,bismillah ae
2025-11-02 16:45:01,@nadifriski,55555555
2025-11-02 16:45:01,@BungaTang-o1f,ayam 7
2025-11-02 16:45:02,@rivalival3346,7
2025-11-02 16:45:03,@NebulaXII-e1h,7
2025-11-02 16:45:03,@imam182,7
2025-11-02 16:45:03,@sarifhdy1691,rrq juara m7
2025-11-02 16:45:03,@YopanWijaya-y8v,:face-purple-crying:
2025-11-02 16:45:03,@najoamida6498,Draffick nya jam 19:00
2025-11-02 16:45:04,@muhaliikhsan7697,7
2025-11-02 16:45:04,@larascipta2384,7
2025-11-02 16:45:04,@Priii_Wae,7
2025-11-02 16:45:04,@herman_project8769,bising x isi chat nya bocah2 laknat
2025-11-02 16:45:04,@imam182,7
2025-11-02 16:45:05,@gundhil-u5k,lulu lalala
2025-11-02 16:45:05,@NebulaXII-e1h,7
2025-11-02 16:45:05,@FUFUFAFA-i4p,Ae 10juta +1.5
2025-11-02 16:45:05,@BungaTang-o1f,ayam 7
2025-11-02 16:45:05,@ALAIN-e7y,SE7ARAH/SE7
2025-11-02 16:45:06,@imam182,7
2025-11-02 16:45:06,@Sukimah1234-e1o,jam berapa rrq nungguin nih
2025-11-02 16:45:06,@Mardi12-s1v,ingat AE bakal juara
2025-11-02 16:45:06,@Pipik-mu5wb,tolong remehin AE gua dongg
2025-11-02 16:45:07,@elementalhero9842,RRQ menghilang dari lane
2025-11-02 16:45:07,@zayyanabyan4308,7
2025-11-02 16:45:08,@NebulaXII-e1h,7
2025-11-02 16:45:08,@nadifriski,5555
2025-11-02 16:45:09,@Fayyadh-h3y5g,minimal top 3
2025-11-02 16:45:09,@RizkyAdityaRamadhan-h9c,rrq diem aja awokaowk
2025-11-02 16:45:10,@yayansura4735,bol
2025-11-02 16:45:11,@Rewhisper,:winking_face_with_tongue::backhand_index_pointing_up:
2025-11-02 16:45:12,@R.AldyYapi,landak ID jadi badut M7
2025-11-02 16:45:12,@BungaTang-o1f,ayam 7
2025-11-02 16:45:12,@muhammadrizkyfajar2998,oniic sih yg menang
2025-11-02 16:45:12,@rivalival3346,7
2025-11-02 16:45:14,@kalianwibu1,dukung m7 untuk ke2 tim
2025-11-02 16:45:14,@hannanwr,7
2025-11-02 16:45:14,@hannanwr,7
2025-11-02 16:45:15,@Ceff03_,Ae
2025-11-02 16:45:15,@hannanwr,7
2025-11-02 16:45:15,@FebriAkun-p4e,gas kan
2025-11-02 16:45:15,@hannanwr,7
2025-11-02 16:45:15,@hannanwr,7
2025-11-02 16:45:15,@hannanwr,7
2025-11-02 16:45:15,@davidstepanus8795,RRQ KAPAN TANDING
2025-11-02 16:45:16,@daffawahyudi2484,7
2025-11-02 16:45:17,@Dlacydlacio,7
2025-11-02 16:45:17,@HaniHartiati,"sejuta Love buat onic , semangat juga buat ae jg kalian pasti sama sama hebat"
2025-11-02 16:45:17,@ov3739,KING EVOS main jam berapa guys ?
2025-11-02 16:45:19,@imam182,7
2025-11-02 16:45:19,@hannanwr,7
2025-11-02 16:45:19,@Rewhisper,:winking_face_with_tongue::backhand_index_pointing_up:
2025-11-02 16:45:20,@najoamida6498,BTR main jam berapa
2025-11-02 16:45:20,@rezapratama5945,ALTERRR EGOOOO KETIKKK 1
2025-11-02 16:45:21,@BungaTang-o1f,ayam7
2025-11-02 16:45:21,@zidanfirdaus-q8x,7
2025-11-02 16:45:22,@muhammadhariansyah5505,7
2025-11-02 16:45:22,@imam182,7
2025-11-02 16:45:22,@raihanhans4919,m7 7 nya apa?
2025-11-02 16:45:23,@pahrurozi5722,Ae champions aaaaamiiiiiinnn
2025-11-02 16:45:23,@gundhil-u5k,7
2025-11-02 16:45:23,@Ahmadrifaikledan,kukira m7 ternyata #7
2025-11-02 16:45:24,@LydiaBly-k3l,7
2025-11-02 16:45:25,@dickyvengeance3140,bismillah AE juara aminn ya Allah
2025-11-02 16:45:25,@satzmlbb,RRQ MAIN JAM BERAPA
2025-11-02 16:45:26,@Rewhisper,:winking_face_with_tongue::backhand_index_pointing_up:
2025-11-02 16:45:27,@ALAIN-e7y,SE7ARAH
2025-11-02 16:45:27,@An_FahmyZ.27,YANG DI GOA DIEM AJA
2025-11-02 16:45:28,@ILMI67,WOILAH GW KIRA SETENGAH 5
2025-11-02 16:45:28,@masones8239,7+3=GO a
2025-11-02 16:45:28,@purnomo3144,onic id badut mseries
2025-11-02 16:45:28,@purnomo3144,onic id badut mseries
2025-11-02 16:45:28,@manatapadvent2582,woi panggilin ya klo rrq main
2025-11-02 16:45:29,@Fayyadh-h3y5g,minimap top 3 sama lolos playoff
2025-11-02 16:45:30,@zidanfirdaus-q8x,7
2025-11-02 16:45:30,@LydiaBly-k3l,7
2025-11-02 16:45:31,@TedyMartin-rr6oe,rrq udh di final m7 bg wkwk
2025-11-02 16:45:31,@TeofilusChristiosugi,mau mulai coy
2025-11-02 16:45:32,@imunEmpire,mulai mulai
2025-11-02 16:45:32,@arrozakenny9095,kalau alter igo menang akan di tonton kan19 juta orang:face-turquoise-covering-eyes:
2025-11-02 16:45:35,@Dlacydlacio,tutup komen provok dengan 7
2025-11-02 16:45:35,@unserlink,m7
2025-11-02 16:45:36,@davidstepanus8795,NUNGGU RRQ MAIN JAM BERAPA YA
2025-11-02 16:45:36,@SiLokiiii,7787
2025-11-02 16:45:37,@R.AldyYapi,landak ID jadi badut M7
2025-11-02 16:45:37,@cold-yw2in,Yg rasis Itu Kingdom
2025-11-02 16:45:38,@ridhoapriandi1617,lama kali ya
2025-11-02 16:45:38,@najoamida6498,BTR kapan main
2025-11-02 16:45:38,@FebriAkun-p4e,ae bisa apa lawan onic
2025-11-02 16:45:38,@alirantau5963,langsung kasih ke ae ajah
2025-11-02 16:45:39,@ALAIN-e7y,SE7ARAH/SE7
2025-11-02 16:45:40,@tamafleco6921,TOP 3 MASUK M7 KARNA INDO TUAN RUMAH
2025-11-02 16:45:40,@kalianwibu1,dukung m7 untuk ke2 tim
2025-11-02 16:45:41,@unserlink,m7
2025-11-02 16:45:41,@ridhoapriandi1617,lama kalu
2025-11-02 16:45:43,@tamafleco6921,TOP 3 MASUK M7 KARNA INDO TUAN RUMAH
2025-11-02 16:45:43,@Cantika_septilia_putri,mana rrq
2025-11-02 16:45:44,@MuhammadRaihannx,"Buat yang nanya RRQ main jam berapa, RRQ lagi persiapan ke M7 lewat jalur SNBP :winking_face_with_tongue: 7"
2025-11-02 16:45:45,@Bynjak,gua Dukung dua dua nya :thumbs_up:
2025-11-02 16:45:46,@ridhoapriandi1617,lama kalu
2025-11-02 16:45:46,@rahmathidayatullah9902,4-0 onic juara 
2025-11-02 16:45:46,@zidanfirdaus-q8x,7
2025-11-02 16:45:47,@paraboyyy4728,EVOS VS ONIC ya?
2025-11-02 16:45:48,@Dipastream,ORANG ORANG CAPER
2025-11-02 16:45:48,@rizallicious,ban angka 7 wkwk
2025-11-02 16:45:49,@MuhammadRaihannx,"Buat yang nanya RRQ main jam berapa, RRQ lagi persiapan ke M7 lewat jalur SNBP :winking_face_with_tongue: 7"
2025-11-02 16:45:49,@tamafleco6921,TOP 3 MASUK M7 KARNA INDO TUAN RUMAH
2025-11-02 16:45:50,@LydiaBly-k3l,RRQ main jam berapa
2025-11-02 16:45:51,@purnomo3144,onic id badut mseries
2025-11-02 16:45:51,@zidanfirdaus-q8x,7
2025-11-02 16:45:52,@fifa_beta_bae.,7:cat_with_tears_of_joy::cat_with_tears_of_joy:
2025-11-02 16:45:52,@bayuebong,skylar mau angkat piala m7 nih
2025-11-02 16:45:53,@ridhoapriandi1617,lama kali
2025-11-02 16:45:53,@qilarplaneo7715,7
2025-11-02 16:45:53,@oktaaselole.9381,19juta lapangan
2025-11-02 16:45:55,@MuhammadRaihannx,"Buat yang nanya RRQ main jam berapa, RRQ lagi persiapan ke M7 lewat jalur SNBP :winking_face_with_tongue: 7"
2025-11-02 16:45:55,@zidanfirdaus-q8x,7
2025-11-02 16:45:59,@bayuebong,skylar mau angkat piala m7 nih
2025-11-02 16:46:00,@qilarplaneo7715,7
2025-11-02 16:46:00,@zidanfirdaus-q8x,7
2025-11-02 16:46:00,@sarifhdy1691,rrq rrq rrq rrq rrq
2025-11-02 16:46:01,@whoami-gi8ht,JANGAN TANYA2 RRQ - IMANI SAJA !
2025-11-02 16:46:02,@imunEmpire,mulai mulai
2025-11-02 16:46:02,@FauZan-z7y8l,knp pd ngetik 7 sih
2025-11-02 16:46:02,@R.AldyYapi,landak ID jadi badut M7
2025-11-02 16:46:03,@MuhammadRaihannx,"Buat yang nanya RRQ main jam berapa, RRQ lagi persiapan ke M7 lewat jalur SNBP :winking_face_with_tongue: 7"
2025-11-02 16:46:03,@RestuAM,4-3 Onic
2025-11-02 16:46:03,@masones8239,di tunggu evos & rrq di m7 via undangan
2025-11-02 16:46:04,@GuIn-23,match bakal panas ini
2025-11-02 16:46:04,@azrulpanji9228,Cemilan TLPH :cat_with_tears_of_joy:
2025-11-02 16:46:04,@bayuebong,skylar mau angkat piala m7 nih
2025-11-02 16:46:05,@arrozakenny9095,kalau alter igo menang akan di tonton kan19 juta orang:face-turquoise-covering-eyes:
2025-11-02 16:46:05,@meclipthings,gio
2025-11-02 16:46:05,@anihandarwati9477,tes
2025-11-02 16:46:05,@jeromeaiii,ALTER EGO MENANG GW BAKAL NGUNGKAPIN PERASSAN GW KE DIA LANGSUNG DEPAN ORANG TUANYA
2025-11-02 16:46:05,@dityaarhmdni,@Purnomo1344 aja namanya otaknya anak kecil
2025-11-02 16:46:06,@MuhammadFaqihRabbani,7
2025-11-02 16:46:06,@nantaa670,brisik klian semua
2025-11-02 16:46:06,@ALAIN-e7y,RINE MAIN ENGGAK YAH
2025-11-02 16:46:07,@zidanfirdaus-q8x,7
2025-11-02 16:46:08,@dickyvengeance3140,bismillah AE juara :folded_hands:
2025-11-02 16:46:08,@bayuebong,skylar mau angkat piala m7 nih
2025-11-02 16:46:09,@qilarplaneo7715,7
2025-11-02 16:46:09,@purnomo3144,onic id badut mseries
2025-11-02 16:46:10,@pemain8778,udah tua jadi kongdom hina
2025-11-02 16:46:10,@SiLokiiii,Hana ppq
2025-11-02 16:46:10,@MarianiDaffa,7
2025-11-02 16:46:12,@MuhammadRaihannx,"Buat yang nanya RRQ main jam berapa, RRQ lagi persiapan ke M7 lewat jalur SNBP :winking_face_with_tongue: 7"
2025-11-02 16:46:12,@oceanicrepzzz,7
2025-11-02 16:46:14,@MarianiDaffa,7
2025-11-02 16:46:14,@lingkaralamsihombing8470,RRQ ntar jam 3 subuh..
2025-11-02 16:46:14,@rzmaulana304,bismillah ae juara mpl
2025-11-02 16:46:15,@bayuebong,skylar mau angkat piala m7 nih
2025-11-02 16:46:15,@oceanicrepzzz,7
2025-11-02 16:46:16,@valen.tino14,ae
2025-11-02 16:46:19,@Gall-122K,7
2025-11-02 16:46:19,@MarianiDaffa,7
2025-11-02 16:46:21,@zidanfirdaus-q8x,7
2025-11-02 16:46:21,@tamafleco6921,TOP 3 MASUK M7 KARNA INDO TUAN RUMAH
2025-11-02 16:46:22,@purnomo3144,onic id badut mseries
2025-11-02 16:46:22,@duckyy9734,bh
2025-11-02 16:46:24,@siarifnugraha,terlalu banyak cingcong gapenting
2025-11-02 16:46:24,@MarianiDaffa,7
2025-11-02 16:46:24,@cpsnvdxo,AE JUARA
2025-11-02 16:46:25,@bayuebong,skylar mau angkat piala m7 nih
2025-11-02 16:46:25,@Gall-122K,7
2025-11-02 16:46:26,@zidanfirdaus-q8x,7
2025-11-02 16:46:26,@Gusramaganteng23,pesan buat kingdom playoff tetep rame tuh
2025-11-02 16:46:27,@SiLokiiii,7
2025-11-02 16:46:28,@acongrandi,gw mah dukung sipa yg menang yg penting ad yg bisa bawa m7 ke indo
2025-11-02 16:46:28,@saipulcazorlaa,7
2025-11-02 16:46:29,@ALAIN-e7y,lagunya mantap
2025-11-02 16:46:29,@bayuebong,skylar mau angkat piala m7 nih
2025-11-02 16:46:29,@MarianiDaffa,7
2025-11-02 16:46:29,@rexyVey,7
2025-11-02 16:46:30,@zidanfirdaus-q8x,7
2025-11-02 16:46:30,@nantaa670,onic 4-2 ae
2025-11-02 16:46:30,@imunEmpire,mulai mulai
2025-11-02 16:46:30,@Gall-122K,7
2025-11-02 16:46:31,@Ayikmboiys007,GAS AEEEE MPL PERTAMA
2025-11-02 16:46:31,@jawkidss_real,7
2025-11-02 16:46:31,@dickyvengeance3140,bismillah AE juara
2025-11-02 16:46:31,@HaniHartiati,nanti mulainya jam 17 30
2025-11-02 16:46:32,@saipulcazorlaa,7
2025-11-02 16:46:32,@RestuAM,7
2025-11-02 16:46:32,@Rrakkeanggggzzz,berisik 7 mulu
2025-11-02 16:46:33,@tamafleco6921,TOP 3 MASUK M7 KARNA INDO TUAN RUMAH
2025-11-02 16:46:33,@Anomalyofficialyr1,udah pasti onic yang juara
2025-11-02 16:46:34,@Futuhat1001,seru ya ngetik 7
2025-11-02 16:46:35,@kalianwibu1,dukung m7 untuk ke2 tim
2025-11-02 16:46:35,@charonalz2947,p
2025-11-02 16:46:35,@jawkidss_real,7
2025-11-02 16:46:36,@rexyVey,7
2025-11-02 16:46:36,@zidanfirdaus-q8x,7
2025-11-02 16:46:37,@Gall-122K,7
2025-11-02 16:46:38,@jawkidss_real,7
2025-11-02 16:46:38,@szesze-e2y4w,yok bisa yok ALTEREGOOO GOOOOO
2025-11-02 16:46:39,@muhammadilhamsyah5073,"uat yang nanya RRQ main jam berapa, RRQ lagi persiapan ke M7 lewat jalur SNBP :winking_face_with_tongue: 7"
2025-11-02 16:46:39,@akmalalatsary2906,bismillah ae menang
2025-11-02 16:46:39,@MuhammadRaihannx,"Buat yang nanya RRQ main jam berapa, RRQ lagi persiapan ke M7 lewat jalur SNBP :winking_face_with_tongue: 7"
2025-11-02 16:46:39,@SiLokiiii,77
2025-11-02 16:46:39,@AlexJimmy-cw1vs,7
2025-11-02 16:46:40,@jawkidss_real,7
2025-11-02 16:46:41,@whoami-gi8ht,JANGAN TANYA2 RRQ - IMANI SAJA !
2025-11-02 16:46:41,@Futuhat1001,7
2025-11-02 16:46:42,@saipulcazorlaa,7 SUARA NYA PADA KENCENG
2025-11-02 16:46:42,@Easy.growthself,7
2025-11-02 16:46:42,@rexyVey,7
2025-11-02 16:46:43,@firdausalamsyah3897,pepeqi jam brp bro
2025-11-02 16:46:43,@dickyvengeance3140,bismillah AE juara
2025-11-02 16:46:43,@AidilRamadan-q9j,onic juara
2025-11-02 16:46:43,@jawkidss_real,7
2025-11-02 16:46:44,@R.AldyYapi,landak ID jadi badut M7
2025-11-02 16:46:44,@masjeyygabut,7
2025-11-02 16:46:44,@zidanfirdaus-q8x,7
2025-11-02 16:46:44,@masjeyygabut,7
2025-11-02 16:46:45,@tamafleco6921,TOP 3 MASUK M7 KARNA INDO TUAN RUMAH
2025-11-02 16:46:45,@masjeyygabut,7
2025-11-02 16:46:45,@Ace_30x,"Sama"" dia goa jangan saling hujat :face_with_tears_of_joy::face_with_tears_of_joy:"
2025-11-02 16:46:45,@masjeyygabut,7
2025-11-02 16:46:45,@masjeyygabut,7
2025-11-02 16:46:45,@masjeyygabut,7
2025-11-02 16:46:45,@Easy.growthself,7
2025-11-02 16:46:45,@shinoeh,77Q
2025-11-02 16:46:45,@m.ferryisal9307,*RRQ KAPAN MAIN*
2025-11-02 16:46:46,@jawkidss_real,7
2025-11-02 16:46:48,@Loonce05,7
2025-11-02 16:46:48,@prasetiobudiono9424,7
2025-11-02 16:46:49,@siarifnugraha,mpl ph selalu gercep:woozy_face::woozy_face::yawning_face:
2025-11-02 16:46:49,@jawkidss_real,7
2025-11-02 16:46:49,@imunEmpire,mulai mulai
2025-11-02 16:46:50,@saipulcazorlaa,7
2025-11-02 16:46:50,@Zahwa22-ms5jq,7
2025-11-02 16:46:51,@zidanfirdaus-q8x,7
2025-11-02 16:46:51,@Easy.growthself,7
2025-11-02 16:46:51,@HOBS99,7
2025-11-02 16:46:52,@jawkidss_real,7
2025-11-02 16:46:52,@Futuhat1001,SERU BGT NGETIK 7
2025-11-02 16:46:53,@masjeyygabut,7
2025-11-02 16:46:53,@MuhammadRaihannx,"Buat yang nanya RRQ main jam berapa, RRQ lagi persiapan ke M7 lewat jalur SNBP :winking_face_with_tongue: 7"
2025-11-02 16:46:54,@Easy.growthself,7
2025-11-02 16:46:54,@AkunHiburan-r5h,Alter ego go go go 
2025-11-02 16:46:55,@muhammadilhamsyah5073,"Buat yang nanya RRQ main jam berapa, RRQ lagi persiapan ke M7 lewat jalur SNBP :winking_face_with_tongue: 7"
2025-11-02 16:46:55,@rexyVey,7
2025-11-02 16:46:55,@jawkidss_real,7
2025-11-02 16:46:55,@annx-zk,"AYOO DASTAANNN, KAMU PASTI NONTON, KAN!???"
2025-11-02 16:46:55,@nabilanauraofficial7154,7
2025-11-02 16:46:56,@zidanfirdaus-q8x,7
2025-11-02 16:46:56,@masjeyygabut,7
2025-11-02 16:46:57,@Easy.growthself,7
2025-11-02 16:46:57,@ALAIN-e7y,"SE7ARAH/SE7, jam 7"
2025-11-02 16:46:58,@R.AldyYapi,landak ID jadi badut M7
2025-11-02 16:46:58,@grs_ggpla9710,ggwp
2025-11-02 16:46:58,@jawkidss_real,7
2025-11-02 16:46:58,@KeniboyPlayTime,semoga ae
2025-11-02 16:46:58,@saipulcazorlaa,7
2025-11-02 16:46:58,@charonalz2947,7
2025-11-02 16:46:59,@EKARACHMAT-ne5fp,ngebacotnya lamaaaa:rolling_on_the_floor_laughing:
2025-11-02 16:46:59,@RezaFahreza-n8u,goooo onicc
2025-11-02 16:47:00,@Vinkaii,3-4
2025-11-02 16:47:00,@Yduc1318,7
2025-11-02 16:47:00,@Easy.growthself,7
2025-11-02 16:47:01,@TeofilusChristiosugi,kairi mode kumar kumar donggggg
2025-11-02 16:47:01,@Abupay16,what time is it?
2025-11-02 16:47:01,@MuhammadAfifMushaddiq,jam berapa mulai?
2025-11-02 16:47:02,@charonalz2947,7
2025-11-02 16:47:02,@NATAPRAWIRYAHERMAN,BERISIK PURNOMO
2025-11-02 16:47:02,@KeniboyPlayTime,atau onic
2025-11-02 16:47:03,@Easy.growthself,7
2025-11-02 16:47:03,@MasihajaMbe,hidup rrq poke
2025-11-02 16:47:04,@prasetiobudiono9424,7
2025-11-02 16:47:04,@raihannizaraffandi2419,oniccc timeee
2025-11-02 16:47:04,@jawkidss_real,7
2025-11-02 16:47:05,@masjeyygabut,7
2025-11-02 16:47:05,@dickyvengeance3140,bismillah AE juara
2025-11-02 16:47:05,@masjeyygabut,7
2025-11-02 16:47:05,@R.AldyYapi,landak ID jadi badut M7
2025-11-02 16:47:06,@saipulcazorlaa,7
2025-11-02 16:47:06,@AsepsaepurahmatRahmat,7
2025-11-02 16:47:06,@Easy.growthself,7
2025-11-02 16:47:06,@koko_basilsmc6775,7
2025-11-02 16:47:06,@adityadinata5559,7
2025-11-02 16:47:06,@pemain8778,purnomo malu udh tua
2025-11-02 16:47:07,@OnesDmdc,"GUA PEGANG ONIC 5,7JT"
2025-11-02 16:47:07,@ligthborn,:finger-red-number-one:
2025-11-02 16:47:07,@habibi6773,7
2025-11-02 16:47:07,@raizennnx,GAK SABAR
2025-11-02 16:47:07,@achmadsidik6216,7
2025-11-02 16:47:07,@tamafleco6921,TOP 3 MASUK M7 KARNA INDO TUAN RUMAH
2025-11-02 16:47:08,@bymmm2024,7
2025-11-02 16:47:08,@MohammadRizky-v7p,7
2025-11-02 16:47:08,@Raqzilla-z7p,banyak kali komen 7 ya
2025-11-02 16:47:08,@Okky7,7
2025-11-02 16:47:09,@MuhammadRaihannx,"Buat yang nanya RRQ main jam berapa, RRQ lagi persiapan ke M7 lewat jalur SNBP :winking_face_with_tongue: 7"
2025-11-02 16:47:10,@charonalz2947,7
2025-11-02 16:47:10,@SitiNurfaridah-qx9zj,bismillahh oniccc juaraaaa
2025-11-02 16:47:10,@habibi6773,7
2025-11-02 16:47:10,@KentShandy,norak begini ya penonton INDO
2025-11-02 16:47:11,@zidanfirdaus-q8x,ngetik 7 enakin banget
2025-11-02 16:47:11,@AhmadDidik-bv2wt,AE JUARA GUE UNINSTALL GAME INI :backhand_index_pointing_down::zany_face:
2025-11-02 16:47:11,@MasihajaMbe,7
2025-11-02 16:47:11,@gaskah18,yo AE yo
2025-11-02 16:47:11,@AsepsaepurahmatRahmat,7
2025-11-02 16:47:12,@muhammadilhamsyah5073,"Buat yang nanya RRQ main jam berapa, RRQ lagi persiapan ke M7 lewat jalur SNBP :winking_face_with_tongue: 7"
2025-11-02 16:47:12,@bymmm2024,7
2025-11-02 16:47:13,@achmadsidik6216,7
2025-11-02 16:47:13,@mbuns5524,7
2025-11-02 16:47:13,@habibi6773,7
2025-11-02 16:47:14,@Futuhat1001,SERU BANGET NGETIK 7
2025-11-02 16:47:14,@charonalz2947,7
2025-11-02 16:47:15,@muhammdhidyaat551,ALTER EGO AYOO BISA JUARAAA BAWA PIALA NYAAAA
2025-11-02 16:47:15,@Futuhat1001,SERU BANGET NGETIK 7
2025-11-02 16:47:15,@achmadsidik6216,7
2025-11-02 16:47:16,@chrstmbn,7
2025-11-02 16:47:16,@Ariefzhulyan,7
2025-11-02 16:47:16,@AsepsaepurahmatRahmat,7
2025-11-02 16:47:16,@raizennnx,ONIC ONIC ONIC
2025-11-02 16:47:17,@habibi6773,7
2025-11-02 16:47:17,@MohammadRizky-v7p,7
2025-11-02 16:47:17,@MasihajaMbe,7
2025-11-02 16:47:17,@bymmm2024,7
2025-11-02 16:47:18,@mbuns5524,7
2025-11-02 16:47:18,@FatirRunaja-f6z,"siapapun yg juara gw iklhas, btw gw sonic"
2025-11-02 16:47:18,@Gall-122K,7
2025-11-02 16:47:18,@aldielek534,7
2025-11-02 16:47:19,@ahmadamd1548,lamaa
2025-11-02 16:47:19,@Zahwa22-ms5jq,onic semoga menang
2025-11-02 16:47:19,@Ariefzhulyan,7
2025-11-02 16:47:19,@KevinJo-ox8ce,GanyangKAN ANGKA 7 :speaking_head::speaking_head::speaking_head:
2025-11-02 16:47:20,@Futuhat1001,SERU BANGET NGETIK 7
2025-11-02 16:47:20,@charonalz2947,7
2025-11-02 16:47:20,@achmadsidik6216,7
2025-11-02 16:47:20,@whoami-gi8ht,JANGAN TANYA2 RRQ - IMANI SAJA !
2025-11-02 16:47:21,@KeniboyPlayTime,7
2025-11-02 16:47:21,@purnomo3144,onic id badut mseries
2025-11-02 16:47:21,@SitiNurfaridah-qx9zj,7
2025-11-02 16:47:21,@setanjoget5524,7
2025-11-02 16:47:21,@RestuAM,7
2025-11-02 16:47:21,@abhieprama1168,let's go ae
2025-11-02 16:47:21,@Cantika_septilia_putri,rrq mana
2025-11-02 16:47:21,@MasihajaMbe,7
2025-11-02 16:47:22,@AsepsaepurahmatRahmat,7
2025-11-02 16:47:22,@leninurlaelani5220,ayoooooooooooooo
2025-11-02 16:47:22,@masones8239,3
2025-11-02 16:47:22,@raihannizaraffandi2419,onicccccccccc
2025-11-02 16:47:22,@mbuns5524,7
2025-11-02 16:47:23,@achmadsidik6216,7
2025-11-02 16:47:23,@R.AldyYapi,landak ID jadi badut M7
2025-11-02 16:47:23,@bymmm2024,77
2025-11-02 16:47:23,@KeniboyPlayTime,7
2025-11-02 16:47:23,@mutmainah4800,7
2025-11-02 16:47:24,@AidilRamadan-q9j,KONGDOM out
2025-11-02 16:47:25,@SitiNurfaridah-qx9zj,7
2025-11-02 16:47:25,@MOH.SHOLEH1,ayo onic goo ini piala :trophy: ke 8
2025-11-02 16:47:25,@achmadsidik6216,7
2025-11-02 16:47:25,@raizennnx,IT'S ONIC TIME
2025-11-02 16:47:26,@radiradi7741,Skylar gak main kh
2025-11-02 16:47:26,@zidanfirdaus-q8x,7
2025-11-02 16:47:26,@chrstmbn,7
2025-11-02 16:47:26,@KeniboyPlayTime,7
2025-11-02 16:47:26,@MasihajaMbe,7
2025-11-02 16:47:26,@AndiFakhri,yok onic kuuuu
2025-11-02 16:47:26,@saipulcazorlaa,SEJARAH BARU KATA RINZ #7
2025-11-02 16:47:26,@zikriamirul1415,7
2025-11-02 16:47:26,@grimreaperm-l9w,:winking_face_with_tongue::backhand_index_pointing_up:
2025-11-02 16:47:27,@dendi-y,Sonic
2025-11-02 16:47:27,@Rezyonmr8711Tyoxzra,titp yah onic (4)-(3)
2025-11-02 16:47:27,@AndikaSatria-g4v,7
2025-11-02 16:47:28,@KeniboyPlayTime,7
2025-11-02 16:47:28,@SitiNurfaridah-qx9zj,7
2025-11-02 16:47:28,@BayyuCwaan,7
2025-11-02 16:47:28,@teguhandika2614,PANASS PANASS PANASSS
2025-11-02 16:47:28,@sheza_arafah,AE KAYAK NYA JUARA
2025-11-02 16:47:29,@Futuhat1001,SERU BANGET NGETIK 7
2025-11-02 16:47:29,@GuIn-23,"Mpl enjoyer, siapapun yang menang, buktikan kemampuan dan strategi terbaik!!"
2025-11-02 16:47:29,@zikriamirul1415,7
2025-11-02 16:47:29,@R.AldyYapi,landak ID jadi badut M7
2025-11-02 16:47:29,@bayuprakoso350,7
2025-11-02 16:47:29,@mbuns5524,7
2025-11-02 16:47:30,@zidanfirdaus-q8x,7
2025-11-02 16:47:31,@SitiNurfaridah-qx9zj,7
2025-11-02 16:47:31,@dickyvengeance3140,bismillah AE juara :folded_hands:
2025-11-02 16:47:31,@muhammadilhamsyah5073,"Buat yang nanya RRQ main jam berapa, RRQ lagi persiapan ke M7 lewat jalur SNBP :winking_face_with_tongue: 7"
2025-11-02 16:47:32,@BayyuCwaan,7
2025-11-02 16:47:32,@fahrul7239,onicccccc
2025-11-02 16:47:32,@zikriamirul1415,7
2025-11-02 16:47:32,@AidilRamadan-q9j,KONGDOM out
2025-11-02 16:47:32,@charonalz2947,7
2025-11-02 16:47:32,@KhairinSukma,7
2025-11-02 16:47:32,@molen_clip,ini waktunya AE bukan onic
2025-11-02 16:47:33,@ALAIN-e7y,SE7
2025-11-02 16:47:33,@Unknown-f2t5p,7
2025-11-02 16:47:33,@rznxskrvz,7
2025-11-02 16:47:34,@saipulcazorlaa,7
2025-11-02 16:47:34,@masones8239,3
2025-11-02 16:47:34,@VannAckerley,"SONIC BOSEN LIAT ONIC JUARA, KINGDOM BOSEN LIAT RRQ RUNNER-UP TERUS, BEDA KELAS :cat_with_tears_of_joy::cat_with_tears_of_joy::cat_with_tears_of_joy:"
2025-11-02 16:47:34,@SitiNurfaridah-qx9zj,7
2025-11-02 16:47:35,@baleee9600,7
2025-11-02 16:47:35,@MasihajaMbe,7
2025-11-02 16:47:35,@adimaulana545,7
2025-11-02 16:47:35,@GuIn-23,"Mpl enjoyer, siapapun yang menang, buktikan kemampuan dan strategi terbaik!!"
2025-11-02 16:47:36,@syanefinpusung5022,kairi mode kumar ksi pialanya ke AE aja
2025-11-02 16:47:36,@BayyuCwaan,7
2025-11-02 16:47:36,@keira_0801,7
2025-11-02 16:47:36,@riyanpratama-p8f,yg menang final lawan RRQ
2025-11-02 16:47:37,@threedhie,7
2025-11-02 16:47:37,@Phennn10,AE Nihhh booossss
2025-11-02 16:47:37,@AL_Keniten,7
2025-11-02 16:47:38,@Tahll_77,7
2025-11-02 16:47:38,@SitiNurfaridah-qx9zj,7
2025-11-02 16:47:38,@rznxskrvz,7
2025-11-02 16:47:39,@Frsexite22,7
2025-11-02 16:47:39,@R.AldyYapi,landak ID jadi badut M7
2025-11-02 16:47:39,@NATAPRAWIRYAHERMAN,BCT ALDY YAPI
2025-11-02 16:47:39,@KentShandy,viewer indooogg nooraakkkkkkk
2025-11-02 16:47:41,@MasihajaMbe,7
2025-11-02 16:47:41,@muhammadilhamsyah5073,"Buat yang nanya RRQ main jam berapa, RRQ lagi persiapan ke M7 lewat jalur SNBP :winking_face_with_tongue: 7"
2025-11-02 16:47:41,@SitiNurfaridah-qx9zj,7
2025-11-02 16:47:41,@mbuns5524,GOOOOO ONIIICCCC:raised_fist:
2025-11-02 16:47:42,@rznxskrvz,7
2025-11-02 16:47:43,@AhmadDidik-bv2wt,AE JUARA GUE UNINSTALL GAME INI :backhand_index_pointing_down::winking_face_with_tongue:
2025-11-02 16:47:43,@royhanfahsya3743,rrq juara
2025-11-02 16:47:43,@saipulcazorlaa,7 DAPET SKIN HARLEY
2025-11-02 16:47:44,@sutrisnocahlansa9502,#7 UNTUK RESPECT KE SEPUH GOA RRQ HOSHI
2025-11-02 16:47:44,@SitiNurfaridah-qx9zj,7
2025-11-02 16:47:44,@threedhie,7
2025-11-02 16:47:44,@rafakhaylabrother5224,7
2025-11-02 16:47:44,@CielRimuru-gx9bn,7
2025-11-02 16:47:44,@KevinJo-ox8ce,Bilang pada Dunia RRQ IS 7 :speaking_head:
2025-11-02 16:47:45,@R.AldyYapi,landak ID jadi badut M7
2025-11-02 16:47:45,@verrreaux,7
2025-11-02 16:47:45,@purnomo3144,onic id badut mseries
2025-11-02 16:47:46,@zidanfirdaus-q8x,ENAK BANGET NGETIK 7 SIALLLL
2025-11-02 16:47:46,@rioherryanto1958,"Sekedar Info Guys RRQ main jam 2 pagi, final merebutkan juara 1 d planet Namex, dan akan d tonton 7 jt views Aliens..."
2025-11-02 16:47:47,@AmhureRaja,onic
2025-11-02 16:47:47,@CielRimuru-gx9bn,7
2025-11-02 16:47:47,@ghost_1122-1,onic
2025-11-02 16:47:47,@kuroko-m5k,AE the real kuda hitam season ini
2025-11-02 16:47:47,@kalianwibu1,dukung m7 untuk ke2 tim
2025-11-02 16:47:48,@sikodok-s5p,RRQ MAIN JAM BERAPA???
2025-11-02 16:47:48,@Frsexite22,RRQ JAM BERAPA MAENNYA?
2025-11-02 16:47:48,@Gupron-y8c,7
2025-11-02 16:47:48,@saipulcazorlaa,7
2025-11-02 16:47:48,@teguhandika2614,RRQ MODE NGALAH DULU BOSS
2025-11-02 16:47:49,@KentShandy,viewer indooogg nooraakkkkkkk
2025-11-02 16:47:49,@muhammadilhamsyah5073,"Buat yang nanya RRQ main jam berapa, RRQ lagi persiapan ke M7 lewat jalur SNBP :winking_face_with_tongue: 7"
2025-11-02 16:47:49,@raizennnx,APALAH PURNOMO
2025-11-02 16:47:50,@CielRimuru-gx9bn,7
2025-11-02 16:47:50,@charonalz2947,7
2025-11-02 16:47:50,@zidanfirdaus-q8x,7
2025-11-02 16:47:51,@etisupriati8233,7
2025-11-02 16:47:51,@MasihajaMbe,7
2025-11-02 16:47:52,@royhanfahsya3743,rrq juara
2025-11-02 16:47:52,@harlitri736,RRQ UDAH BUKAN JAMANNYA
2025-11-02 16:47:53,@afgeming7144,yooo
2025-11-02 16:47:53,@CielRimuru-gx9bn,7
2025-11-02 16:47:53,@dickyvengeance3140,bismillah AE juara :folded_hands:
2025-11-02 16:47:54,@R.AldyYapi,landak ID jadi badut M7
2025-11-02 16:47:54,@shajajshha,ANAK pinter ngetik 7
2025-11-02 16:47:54,@mbuns5524,7
2025-11-02 16:47:55,@birdboyofficial,7
2025-11-02 16:47:55,@regagaming7962,7
2025-11-02 16:47:55,@rexyVey,7
2025-11-02 16:47:56,@miftah_ae,rrq maen jam berapa
2025-11-02 16:47:56,@AL_Keniten,7
2025-11-02 16:47:56,@ghost_1122-1,trio sulawesi
2025-11-02 16:47:56,@GhostDevil-v3i,7
2025-11-02 16:47:57,@Reyclipschanel,7
2025-11-02 16:47:57,@zidanfirdaus-q8x,7
2025-11-02 16:47:57,@afgeming7144,gasss
2025-11-02 16:47:57,@masones8239,7<3
2025-11-02 16:47:58,@muhammadilhamsyah5073,7
2025-11-02 16:47:59,@xsp2gwye683ys,ngiseng dulu Sono:face-blue-smiling:
2025-11-02 16:47:59,@GuIn-23,"Mpl enjoyer, siapapun yang menang, buktikan kemampuan dan strategi terbaik!!"
2025-11-02 16:47:59,@SandalCappi-e3p,raikan mimpi mu Skylar
2025-11-02 16:47:59,@ALAIN-e7y,enggak Se7
2025-11-02 16:48:00,@Reyclipschanel,7
2025-11-02 16:48:00,@Varzz_Railfans,alter ego go go go go go
2025-11-02 16:48:00,@rioherryanto1958,"Sekedar Info Guys RRQ main jam 2 pagi, final merebutkan juara 1 d planet Namex, dan akan d tonton 7 jt views Aliens..."
2025-11-02 16:48:00,@AlexJimmy-cw1vs,7
2025-11-02 16:48:00,@KamisaltoAyanaon,7
2025-11-02 16:48:00,@royhanfahsya3743,rrq juara
2025-11-02 16:48:00,@MasihajaMbe,7
2025-11-02 16:48:00,@R.AldyYapi,landak ID jadi badut M7
2025-11-02 16:48:01,@muhammadilhamsyah5073,7
2025-11-02 16:48:01,@SalwaLatifah-he3xg,norak bgt ni tim badut
2025-11-02 16:48:01,@regagaming7962,7
2025-11-02 16:48:01,@afgeming7144,7
2025-11-02 16:48:02,@zidanfirdaus-q8x,7
2025-11-02 16:48:02,@TesalonikaTanda-n2c2c,7
2025-11-02 16:48:02,@yogiprayoga308,dari pada badut lokal mending badut m7
2025-11-02 16:48:02,@muhammadilhamsyah5073,7
2025-11-02 16:48:02,@Reyclipschanel,7
2025-11-02 16:48:03,@KamisaltoAyanaon,7
2025-11-02 16:48:04,@-lazzozora896,:backhand_index_pointing_down:
2025-11-02 16:48:04,@KentShandy,viewer indooogg nooraakkkkkkk
2025-11-02 16:48:04,@muhammadilhamsyah5073,7
2025-11-02 16:48:05,@mbuns5524,7
2025-11-02 16:48:05,@royhanfahsya3743,rrq juara
2025-11-02 16:48:05,@afgeming7144,7
2025-11-02 16:48:05,@MochyChy-pu1ro,7
2025-11-02 16:48:05,@saipulcazorlaa,7
2025-11-02 16:48:05,@Reyclipschanel,7
2025-11-02 16:48:06,@muhammadilhamsyah5073,7
2025-11-02 16:48:07,@Restu-mt1yv,7
2025-11-02 16:48:07,@TesalonikaTanda-n2c2c,7
2025-11-02 16:48:08,@zidanfirdaus-q8x,7
2025-11-02 16:48:08,@Reyclipschanel,7
2025-11-02 16:48:09,@-lazzozora896,:backhand_index_pointing_down:
2025-11-02 16:48:09,@Mezt444,YANG DUKUNG AE DI KOMEN PASTI RRQQ
2025-11-02 16:48:09,@shobarimr7612,lama
2025-11-02 16:48:09,@mbuns5524,7
2025-11-02 16:48:10,@muhammadilhamsyah5073,7
2025-11-02 16:48:10,@ridwanfirmansyah4855,RRQ KAPAN MAIN?
2025-11-02 16:48:11,@royhanfahsya3743,rrq juara
2025-11-02 16:48:11,@rexyVey,7
2025-11-02 16:48:11,@tomedy602,siapun yg menang dia yg terbaik
2025-11-02 16:48:11,@Reyclipschanel,7
2025-11-02 16:48:12,@MuhammadHafizGEGE,nino demngt
2025-11-02 16:48:11,@kevinfebrian9745,RRQ GO GO GO
2025-11-02 16:48:12,@hanzyhanzy-0,7
2025-11-02 16:48:12,@AlexJimmy-cw1vs,7
2025-11-02 16:48:12,@MochyChy-pu1ro,7
2025-11-02 16:48:13,@dickyvengeance3140,bismillah AE juara :folded_hands:
2025-11-02 16:48:14,@ranggakopasanda9364,lamaaa
2025-11-02 16:48:14,@Nuna4509,onic
2025-11-02 16:48:14,@KentShandy,viewer indooogg nooraakkkkkkk
2025-11-02 16:48:14,@Reyclipschanel,7
2025-11-02 16:48:15,@sihul666,onicc
2025-11-02 16:48:15,@RoihanYafi,rrrq masuk jalur undangan
2025-11-02 16:48:16,@yudha-428,7
2025-11-02 16:48:16,@arulbstrd9986,7
2025-11-02 16:48:16,@soeprayet1300,7
2025-11-02 16:48:17,@-lazzozora896,:backhand_index_pointing_up:
2025-11-02 16:48:17,@royhanfahsya3743,rrq juara
2025-11-02 16:48:18,@muhammadilhamsyah5073,7
2025-11-02 16:48:18,@Reyclipschanel,7
2025-11-02 16:48:18,@FebyAisyah-z9j,NGAPASII FANS YANG TIM NYA KAGA LOLOS PLAY OF PANAS BGT
2025-11-02 16:48:18,@hanindyaaditama8247,7
2025-11-02 16:48:18,@TesalonikaTanda-n2c2c,7
2025-11-02 16:48:18,@MochyChy-pu1ro,7
2025-11-02 16:48:18,@Marlex28,7
2025-11-02 16:48:19,@saipulcazorlaa,7
2025-11-02 16:48:19,@purnomo3144,wkwkwk
2025-11-02 16:48:19,@Nuna4509,onic
2025-11-02 16:48:19,@Hera899-1,"bismillahirrahmanirrahim, menangkan onic ya Allah... aamiin"
2025-11-02 16:48:20,@MuhammadRaihannx,"Kalau ONIC jadi badut di M7, terus tim lu yang ga lolos playoff apa? :cat_with_tears_of_joy:"
2025-11-02 16:48:20,@Reyclipschanel,7
2025-11-02 16:48:21,@muhammadilhamsyah5073,"Buat yang nanya RRQ main jam berapa, RRQ lagi persiapan ke M7 lewat jalur SNBP :winking_face_with_tongue: 7"
2025-11-02 16:48:21,@BayyuCwaan,7
2025-11-02 16:48:22,@okkyngenengeneae333,7
2025-11-02 16:48:22,@arulbstrd9986,7
2025-11-02 16:48:23,@KINGxOWEN,RRQ MANA
2025-11-02 16:48:23,@mbuns5524,7
2025-11-02 16:48:24,@Reyclipschanel,7
2025-11-02 16:48:24,@Gusramaganteng23,onic
2025-11-02 16:48:24,@Nuna4509,onic
2025-11-02 16:48:24,@rezaardi8770,77
2025-11-02 16:48:24,@RIZALMUHAIMIN-qb9tj,bismillah AE
2025-11-02 16:48:25,@Balzz131,bismillah alter ego
2025-11-02 16:48:25,@royhanfahsya3743,rrq juara
2025-11-02 16:48:25,@YoimiyAnyaa,7
2025-11-02 16:48:26,@Restu-mt1yv,7
2025-11-02 16:48:26,@MochyChy-pu1ro,7
2025-11-02 16:48:26,@OemarHamdan-yg5ug,7
2025-11-02 16:48:26,@okkyngenengeneae333,7
2025-11-02 16:48:26,@soeprayet1300,KONGDOM
2025-11-02 16:48:27,@ricoananda2199,onic champion
2025-11-02 16:48:27,@MarioTiwow-d2m,ketik 7 jika fans onic
2025-11-02 16:48:27,@MuhammadRaihannx,"Kalau ONIC jadi badut di M7, terus tim lu yang ga lolos playoff apa? :cat_with_tears_of_joy:"
2025-11-02 16:48:28,@AL_Keniten,7
2025-11-02 16:48:28,@vinzz-w2g,onic
2025-11-02 16:48:28,@GuIn-23,"Mpl enjoyer, siapapun yang menang, buktikan kemampuan dan strategi terbaik!!"
2025-11-02 16:48:29,@Gusramaganteng23,onic
2025-11-02 16:48:29,@zidanfirdaus-q8x,7
2025-11-02 16:48:29,@-lazzozora896,:backhand_index_pointing_up::backhand_index_pointing_down:
2025-11-02 16:48:29,@AmriTzy020,7
2025-11-02 16:48:29,@muhammadilhamsyah5073,7
2025-11-02 16:48:29,@arkananta19,7
2025-11-02 16:48:29,@royhanfahsya3743,rrq juara
2025-11-02 16:48:30,@randdykusuma8160,7
2025-11-02 16:48:30,@lintanga1237,Bismillah ae bisa
2025-11-02 16:48:30,@OemarHamdan-yg5ug,7
2025-11-02 16:48:31,@dickyvengeance3140,bismillah AE juara :folded_hands:
2025-11-02 16:48:32,@muhammadilhamsyah5073,7
2025-11-02 16:48:32,@vinzz-w2g,onic
2025-11-02 16:48:32,@UBS010,7
2025-11-02 16:48:32,@yanksuryani3601,7
2025-11-02 16:48:32,@mbuns5524,7
2025-11-02 16:48:32,@asepfajar8383,o n i c menyala
2025-11-02 16:48:33,@akbarzulfikar6891,kelassssss
2025-11-02 16:48:33,@VanDugg,rrq masuk goa evos dapat m1
2025-11-02 16:48:33,@OemarHamdan-yg5ug,7
2025-11-02 16:48:33,@royhanfahsya3743,rrq juara
2025-11-02 16:48:33,@zidanfirdaus-q8x,7
2025-11-02 16:48:33,@afgeming7144,after ego bismilah
2025-11-02 16:48:33,@taufik9140,7
2025-11-02 16:48:34,@Zehiro99,Raja lama vs calon Raja
2025-11-02 16:48:36,@SandiFirdaus-h8n,7
2025-11-02 16:48:37,@Gusramaganteng23,onic
2025-11-02 16:48:37,@AmriTzy020,ae
2025-11-02 16:48:37,@zidanfirdaus-q8x,7
2025-11-02 16:48:38,@ayladonsu4936,onicc
2025-11-02 16:48:38,@arkananta19,7
2025-11-02 16:48:38,@royhanfahsya3743,rrq juara
2025-11-02 16:48:38,@BudiSetiawan-vd4ul,onic
2025-11-02 16:48:38,@rike-oq1xe,ae mengukir sejarah
2025-11-02 16:48:39,@OemarHamdan-yg5ug,7
2025-11-02 16:48:39,@miftahulzikri2491,tenang2 yang spam 7 artinya M7 yagesyak
2025-11-02 16:48:39,@PraysiAurelia,ae letsgoo
2025-11-02 16:48:40,@AzriaKiranaputri,ONICC MENANG BISMILLAH
2025-11-02 16:48:41,@Cantika_septilia_putri,onic
2025-11-02 16:48:41,@kalianwibu1,dukung m7 untuk ke2 tim
2025-11-02 16:48:41,@rioherryanto1958,"Sekedar Info Guys RRQ main jam 2 pagi, final merebutkan juara 1 d planet Namex, dan akan d tonton 7 jt views Aliens..."
2025-11-02 16:48:41,@MuhammadRaihannx,"Kalau ONIC jadi badut di M7, terus tim lu yang ga lolos playoff apa? :cat_with_tears_of_joy:"
2025-11-02 16:48:42,@zidanfirdaus-q8x,7
2025-11-02 16:48:42,@bagasahsan0911,7
2025-11-02 16:48:42,@royhanfahsya3743,rrq juara
2025-11-02 16:48:42,@Gusramaganteng23,onic
2025-11-02 16:48:42,@rexyVey,7
2025-11-02 16:48:42,@sugiarto5790,ph juara
2025-11-02 16:48:42,@OemarHamdan-yg5ug,7
2025-11-02 16:48:42,@nurlailah0198,7
2025-11-02 16:48:42,@afwanfadzilchairul8332,squad sulawesi
2025-11-02 16:48:43,@okkyngenengeneae333,7
2025-11-02 16:48:44,@PlantsX01,king ae gini wok
2025-11-02 16:48:44,@AksaRajab-x1b,7
2025-11-02 16:48:44,@daffalbs4797,7
2025-11-02 16:48:45,@R.AldyYapi,landak ID jadi badut M SERiES:zany_face:
2025-11-02 16:48:46,@mbuns5524,PEPEQI
2025-11-02 16:48:46,@zidanfirdaus-q8x,7
2025-11-02 16:48:46,@NnyeongP,kasi onic aja piala nya
2025-11-02 16:48:47,@heman_oktfns,7
2025-11-02 16:48:47,@RandomHydrolik,bismillah m7 di tangan onic
2025-11-02 16:48:47,@JessenSinlae,al ini alter ego
2025-11-02 16:48:47,@Aldo1417-h7z,ITS ONIC TIME
2025-11-02 16:48:47,@AksaRajab-x1b,7
2025-11-02 16:48:47,@Gusramaganteng23,onic
2025-11-02 16:48:47,@Marhaini22,7
2025-11-02 16:48:48,@R.AldyYapi,landak ID jadi badut M SERiES:zany_face:
2025-11-02 16:48:48,@Cantika_septilia_putri,onic
2025-11-02 16:48:48,@satriobintang14,rrq masuk m7 jalur pdbk
2025-11-02 16:48:50,@TeofilusChristiosugi,1 m lagi
2025-11-02 16:48:50,@muhammadilhamsyah5073,"Buat yang nanya RRQ main jam berapa, RRQ lagi persiapan ke M7 lewat jalur SNBP :winking_face_with_tongue: 7"
2025-11-02 16:48:51,@AksaRajab-x1b,7
2025-11-02 16:48:51,@ubaiube1707,onic sepele
2025-11-02 16:48:51,@glamingreax3851,Ae go go go
2025-11-02 16:48:51,@GuIn-23,"Mpl enjoyer, siapapun yang menang, buktikan kemampuan dan strategi terbaik!!"
2025-11-02 16:48:51,@mbuns5524,7
2025-11-02 16:48:52,@zidanfirdaus-q8x,PENUHIN KOMEN 7
2025-11-02 16:48:53,@wanaja-c6r,lama amat woeeee
2025-11-02 16:48:53,@royhanfahsya3743,rrq juara
2025-11-02 16:48:54,@Cantika_septilia_putri,7
2025-11-02 16:48:54,@AksaRajab-x1b,7
2025-11-02 16:48:54,@tampanama3639,rrq sdh Lolo m37
2025-11-02 16:48:55,@MuhammadRaihannx,"Kalau ONIC jadi badut di M7, terus tim lu yang ga lolos playoff apa? :cat_with_tears_of_joy:"
2025-11-02 16:48:55,@MohammadRizky-v7p,rrq maen jam berapa
2025-11-02 16:48:55,@ranggabayuaditya6472,7@@
2025-11-02 16:48:55,@kevinfebrian9745,GELO RRQ GRAND FINAL BROKK
2025-11-02 16:48:56,@nantaa670,10
2025-11-02 16:48:56,@AilFirman,:face-red-droopy-eyes:
2025-11-02 16:48:56,@AksaRajab-x1b,7
2025-11-02 16:48:57,@R.AldyYapi,landak ID jadi badut M SERiES:zany_face:
2025-11-02 16:48:57,@zidanfirdaus-q8x,7
2025-11-02 16:48:57,@arifrizkiaulia7829,GO AE JANGAN KASIH SKYLAR PIALA
2025-11-02 16:48:57,@wanaja-c6r,7
2025-11-02 16:48:57,@intfrly,onic menang
2025-11-02 16:48:58,@royhanfahsya3743,rrq juara
2025-11-02 16:48:58,@Randomcontent.67,Bismillah onic let's goo
2025-11-02 16:48:59,@AksaRajab-x1b,7
2025-11-02 16:48:59,@rizkypratama3761,LAMA
2025-11-02 16:49:00,@wanaja-c6r,7
2025-11-02 16:49:01,@muhammadilhamsyah5073,7
2025-11-02 16:49:01,@arifrizkiaulia7829,GO AE JANGAN KASIH SKYLAR PIALA
2025-11-02 16:49:02,@Ilyas144Hz,7
2025-11-02 16:49:02,@wanaja-c6r,7
2025-11-02 16:49:02,@joshuasteven2422,menang onic
2025-11-02 16:49:02,@AnggihAnggih-l2t1g,:hand-pink-waving:
2025-11-02 16:49:03,@MuhammadRaihannx,"Kalau ONIC jadi badut di M7, terus tim lu yang ga lolos playoff apa? :cat_with_tears_of_joy:"
2025-11-02 16:49:03,@AksaRajab-x1b,7
2025-11-02 16:49:04,@zidanfirdaus-q8x,7
2025-11-02 16:49:04,@tampanama3639,7
2025-11-02 16:49:04,@muhammadilhamsyah5073,7
2025-11-02 16:49:04,@Cantika_septilia_putri,7
2025-11-02 16:49:04,@wanaja-c6r,7
2025-11-02 16:49:05,@fernandoagung7122,MALENG
2025-11-02 16:49:06,@GuIn-23,"Mpl enjoyer, siapapun yang menang, buktikan kemampuan dan strategi terbaik!!"
2025-11-02 16:49:06,@AksaRajab-x1b,7
2025-11-02 16:49:06,@muhammadilhamsyah5073,7
2025-11-02 16:49:07,@arifrizkiaulia7829,GO AE JANGAN KASIH SKYLAR PIALA
2025-11-02 16:49:08,@dragonsinmeliodas9047,onic champ confirm
2025-11-02 16:49:08,@drtb532,onic
2025-11-02 16:49:08,@xxhumaira,bismillah onic menangg
2025-11-02 16:49:09,@AksaRajab-x1b,7
2025-11-02 16:49:09,@BandungJuara-b4z,onic menang 4 0
2025-11-02 16:49:09,@muhammadilhamsyah5073,7
2025-11-02 16:49:09,@tampanama3639,7
2025-11-02 16:49:10,@Cantika_septilia_putri,7
2025-11-02 16:49:11,@zidanfirdaus-q8x,7
2025-11-02 16:49:11,@MidMc_67,rine main cuyyyy
2025-11-02 16:49:11,@MuhammadRaihannx,"Kalau ONIC jadi badut di M7, terus tim lu yang ga lolos playoff apa? :cat_with_tears_of_joy:"
2025-11-02 16:49:12,@AksaRajab-x1b,7
2025-11-02 16:49:13,@hanindyaaditama8247,7
2025-11-02 16:49:13,@Yannz-A.P,GOO ONICCC
2025-11-02 16:49:13,@alalifian-jo4ch,AE AE
2025-11-02 16:49:13,@zeinxxx,"EZ ONIC, AE BADUT M7"
2025-11-02 16:49:14,@YogiSugiansyah-gl9zb,go ae go ae go
2025-11-02 16:49:15,@fernandoagung7122,HE MALENG
2025-11-02 16:49:15,@DennisAndrethaKetaren,Onicccccc
2025-11-02 16:49:15,@SyahrilPA,BESOK TKA
2025-11-02 16:49:16,@AksaRajab-x1b,7
2025-11-02 16:49:16,@arifrizkiaulia7829,GO AE JANGAN KASIH SKYLAR PIALA
2025-11-02 16:49:16,@kalianwibu1,dukung m7 untuk ke2 tim
2025-11-02 16:49:16,@muhammadilhamsyah5073,"Buat yang nanya RRQ main jam berapa, RRQ lagi persiapan ke M7 lewat jalur SNBP :winking_face_with_tongue: 7"
2025-11-02 16:49:16,@R.AldyYapi,landak ID jadi badut M SERiES:zany_face:
2025-11-02 16:49:16,@abdulrw5443,ae chmpion
2025-11-02 16:49:16,@hanindyaaditama8247,7
2025-11-02 16:49:17,@daniarmansyah6076,PQQ DI GOA AJA
2025-11-02 16:49:19,@AksaRajab-x1b,7
2025-11-02 16:49:20,@daniarmansyah6076,PQQ DI GOA AJA
2025-11-02 16:49:20,@ikramnaufal3878,oniccccccccccc
2025-11-02 16:49:21,@paijo722,onic
2025-11-02 16:49:21,@hanindyaaditama8247,7
2025-11-02 16:49:21,@MuhammadRaihannx,"Kalau ONIC jadi badut di M7, terus tim lu yang ga lolos playoff apa? :cat_with_tears_of_joy:"
2025-11-02 16:49:21,@rzmhndrraa07,ONIC GOGOGOGOOO
2025-11-02 16:49:22,@AksaRajab-x1b,7
2025-11-02 16:49:22,@MohammadRizky-v7p,langsung kasih piala ke rrq
2025-11-02 16:49:23,@SyahrilPA,BESOK TKA
2025-11-02 16:49:24,@D1NPED1AID,lama woi
2025-11-02 16:49:24,@AksaRajab-x1b,7
2025-11-02 16:49:24,@raizennnx,KOK DIAM PURNOMO????
2025-11-02 16:49:25,@R.AldyYapi,landak ID jadi badut M SERiES:zany_face:
2025-11-02 16:49:25,@oktaaselole.9381,plis Nic we need this
2025-11-02 16:49:25,@alichimaev,𝐁𝐈𝐒𝐌𝐈𝐋𝐋𝐀𝐇 𝐎𝐍𝐈𝐂 𝐉𝐔𝐀𝐑𝐀𝐀𝐀𝐀𝐀
2025-11-02 16:49:26,@Ethere4m,ae 3juta
2025-11-02 16:49:26,@zidanfirdaus-q8x,ENAK BAnget NGETIK 7 SIALLL
2025-11-02 16:49:27,@adamakbar5233,7
2025-11-02 16:49:27,@nikoprasetyo4905,7
2025-11-02 16:49:27,@fernandoagung7122,KON MALENG YO
2025-11-02 16:49:27,@daniarmansyah6076,PQQ DI GOA AJA
2025-11-02 16:49:27,@FADILFATUROHMAN-rj4cc,onic pasti menang
2025-11-02 16:49:27,@MarioTiwow-d2m,ketik 7 jika fans ae
2025-11-02 16:49:27,@inibadjong-zm8si,ae
2025-11-02 16:49:28,@DedzMetalik,Butuh Juara Baru
2025-11-02 16:49:28,@qiroomhilos8260,:face-blue-smiling:
2025-11-02 16:49:28,@rahmanhady4892,onic to m7
2025-11-02 16:49:29,@NEXTSKY-w3t,lah MIRIP NINO SI IVANN JIRR
2025-11-02 16:49:29,@adamakbar5233,7
2025-11-02 16:49:29,@smailpolis,DUKUNG M7 UNTUK KEDUA TIM
2025-11-02 16:49:30,@zefanusimanuel7804,dukung siapa ya
2025-11-02 16:49:30,@SyahrilPA,BESOK TKA
2025-11-02 16:49:30,@safdakirlana9745,2 kata lucu evos isbeck
2025-11-02 16:49:30,@MuhammadRaihannx,"Kalau ONIC jadi badut di M7, terus tim lu yang ga lolos playoff apa? :cat_with_tears_of_joy:"
2025-11-02 16:49:30,@YogiSugiansyah-gl9zb,sepele onic
2025-11-02 16:49:30,@ApijNurdiajsyah,SONICVVVVVCV
2025-11-02 16:49:30,@R.AldyYapi,landak ID jadi badut M SERiES:zany_face:
2025-11-02 16:49:30,@Roomboykc,alter ego7
2025-11-02 16:49:31,@fariz9559,oniccc
2025-11-02 16:49:31,@Ejak-p7v,7
2025-11-02 16:49:31,@RioValentino-RV,KETEMU PH JUGA KEOK
2025-11-02 16:49:31,@muhammadilhamsyah5073,"Buat yang nanya RRQ main jam berapa, RRQ lagi persiapan ke M7 lewat jalur SNBP :winking_face_with_tongue: 7"
2025-11-02 16:49:31,@zidanfirdaus-q8x,7
2025-11-02 16:49:32,@adamakbar5233,7
2025-11-02 16:49:32,@dickyvengeance3140,king arfy
2025-11-02 16:49:32,@xxpoke25,AE
2025-11-02 16:49:32,@ByStegeID,"bukan si Oren, tetapi si kuning"
2025-11-02 16:49:33,@PaisalDadu,7
2025-11-02 16:49:33,@AksaRajab-x1b,7
2025-11-02 16:49:34,@DennisAndrethaKetaren,FANS” yg lain PANASSSSSS
2025-11-02 16:49:35,@fakhrimusyaffa9411,7
2025-11-02 16:49:35,@apriliaii62,ga sabar ngliat ayang angkat piala
2025-11-02 16:49:35,@inibadjong-zm8si,AE
2025-11-02 16:49:35,@arifrizkiaulia7829,GO AE JANGAN KASIH SKYLAR PIALA
2025-11-02 16:49:35,@zidanfirdaus-q8x,7
2025-11-02 16:49:36,@AksaRajab-x1b,7
2025-11-02 16:49:37,@FajangFajri,AE MENANG:trophy:
2025-11-02 16:49:37,@bagasgilangramadhan6838,LESTGOO TUNJUKIN PRINCE SKYLARRR!!!
2025-11-02 16:49:37,@SyahrilPA,BESOK TKA
2025-11-02 16:49:38,@RBR7n,jam brp Muali nya
2025-11-02 16:49:38,@purnomo3144,LANDAK ID BADUT MSERIES
2025-11-02 16:49:38,@MuhammadRaihannx,"Kalau ONIC jadi badut di M7, terus tim lu yang ga lolos playoff apa? :cat_with_tears_of_joy:"
2025-11-02 16:49:38,@whymustme8994,LETSGOOO AEE
2025-11-02 16:49:39,@NurFaizin-f7f,:face-blue-three-eyes:
2025-11-02 16:49:40,@xxpoke25,go go go
2025-11-02 16:49:40,@YogiSugiansyah-gl9zb,onic sepele
2025-11-02 16:49:42,@R.AldyYapi,landak ID jadi badut M SERiES:zany_face:
2025-11-02 16:49:42,@HilyatulAulia-yt6vl,AE 5JT ??
2025-11-02 16:49:42,@reactmpl,"pingin liat AE juara, tapi disisi lain pingin liat Skylar juara di onic"
2025-11-02 16:49:42,@Goldie_Edits,bawa king mu lagi wow btw nggak kalah lagi bro
2025-11-02 16:49:42,@NathanLangitarkana,AE GO GO GO
2025-11-02 16:49:42,@rike-oq1xe,:winking_face_with_tongue:
2025-11-02 16:49:43,@inibadjong-zm8si,#AE
2025-11-02 16:49:43,@retnoendahdamayanti8011,ae
2025-11-02 16:49:43,@ariffan2329,rrq
2025-11-02 16:49:43,@kosaid413,AE go go go
2025-11-02 16:49:43,@purnomo3144,LANDAK ID BADUT MSERIES
2025-11-02 16:49:45,@LamamaHwr,onic :winking_face_with_tongue::winking_face_with_tongue:
2025-11-02 16:49:46,@brofelix86,nt AE:winking_face_with_tongue:
2025-11-02 16:49:46,@YogaDermawan-r3m,ONIC TIME
2025-11-02 16:49:46,@MuhammadRaihannx,"Kalau ONIC jadi badut di M7, terus tim lu yang ga lolos playoff apa? :cat_with_tears_of_joy:"
2025-11-02 16:49:47,@saipulcazorlaa,7
2025-11-02 16:49:47,@zidanfirdaus-q8x,SPAM 7 YANG BANYAAAAKKKK
2025-11-02 16:49:47,@HilmanHilmanade,onic sudh sering angkat :trophy: kasih AE aj gk sih
2025-11-02 16:49:47,@YogiSugiansyah-gl9zb,onic sepele
2025-11-02 16:49:48,@AzuriteXD1080p,all in onicc
2025-11-02 16:49:48,@retnoendahdamayanti8011,AE
2025-11-02 16:49:48,@MohammadRizky-v7p,admin kasih piala ke rrq aja
2025-11-02 16:49:49,@Kalim-lp3en,ae
2025-11-02 16:49:50,@HilyatulAulia-yt6vl,AE 5JT
2025-11-02 16:49:50,@AnggihAnggih-l2t1g,onik
2025-11-02 16:49:50,@2mas1049,padu onic
2025-11-02 16:49:50,@DewaWira-w9y,GO AE
2025-11-02 16:49:51,@arifrizkiaulia7829,GO AE JANGAN KASIH SKYLAR PIALA
2025-11-02 16:49:51,@rahmathidayatullah9902,4 ONIC:check_mark_button: - AE 0 
2025-11-02 16:49:51,@AbbasAlayyub,"mpl ig asw, lama bgt ajh"
2025-11-02 16:49:51,@purnomo3144,LANDAK ID BADUT MSERIES
2025-11-02 16:49:51,@rioherryanto1958,"Sekedar Info Guys RRQ main jam 2 pagi, final merebutkan juara 1 d planet Namex, dan akan d tonton 7 jt views Aliens..."
2025-11-02 16:49:51,@zidanfirdaus-q8x,7
2025-11-02 16:49:51,@nafisahqurratuayun9197,5 JT PEGANG ONIC
2025-11-02 16:49:51,@fahanaro8167,ONIC JUARA
2025-11-02 16:49:51,@R.AldyYapi,landak ID jadi badut M SERiES:zany_face:
2025-11-02 16:49:51,@muhammadilhamsyah5073,7
2025-11-02 16:49:52,@ivansetiawan8112,mau king AE atau King Onic yg menaang terserah :winking_face_with_tongue::backhand_index_pointing_up:
2025-11-02 16:49:52,@zefanusimanuel7804,ya pasti onic
2025-11-02 16:49:52,@Bicaradesign,siapa pun yg menang gaskeun
2025-11-02 16:49:52,@imunEmpire,mulai mulai
2025-11-02 16:49:53,@dickyvengeance3140,alther ego go go
2025-11-02 16:49:53,@heyichan380,ONIC ALL INN
2025-11-02 16:49:53,@MuhammadRaihannx,"Kalau ONIC jadi badut di M7, terus tim lu yang ga lolos playoff apa? :cat_with_tears_of_joy:"
2025-11-02 16:49:54,@aulliyazahra9664,letsgoooo aeeee
2025-11-02 16:49:54,@Nutrib00st,"Alter Ego Go go go!!!! Piala mpl itu bonus, have fun lads..."
2025-11-02 16:49:54,@DevganAlvaro,onic
2025-11-02 16:49:54,@NurFaizin-f7f,:face-red-droopy-eyes:lama
2025-11-02 16:49:55,@Restu-mt1yv,apa itu 7 anak anak? yaa RRQ yang gak lolos play of:face_with_hand_over_mouth::cat_with_tears_of_joy:
2025-11-02 16:49:56,@zidanfirdaus-q8x,7
2025-11-02 16:49:56,@Yannlance_969,#7 mana yahh
2025-11-02 16:49:56,@saipulcazorlaa,7
2025-11-02 16:49:56,@HILMAN-q8y,7
2025-11-02 16:49:56,@muhammadilhamsyah5073,7
2025-11-02 16:49:56,@dedek155,oniccc
2025-11-02 16:49:57,@RIZALMUHAIMIN-qb9tj,AE
2025-11-02 16:49:57,@kosaid413,AE go go go 
2025-11-02 16:49:57,@dafafahrezi5125,ALTER EGO GOGO HOME
2025-11-02 16:49:57,@KevinJo-ox8ce,RRQ kapan main
2025-11-02 16:49:57,@wernermar,LETSSGOOOO ALTER EGO
2025-11-02 16:49:58,@kevindeuiandika4100,AE IS BAKKK
2025-11-02 16:49:58,@Kenn969-w6o,EEI JANGAN SOK ASIK SAMA ALTERCHAMP #7 CUIH
2025-11-02 16:49:58,@TeofilusChristiosugi,20 detik lagi
2025-11-02 16:49:59,@MuhammadRaihannx,"Kalau ONIC jadi badut di M7, terus tim lu yang ga lolos playoff apa? :cat_with_tears_of_joy:"
2025-11-02 16:50:00,@AzuriteXD1080p,ahooyy onic
2025-11-02 16:50:00,@muhammadilhamsyah5073,7
2025-11-02 16:50:00,@purnomo3144,LANDAK ID BADUT MSERIES
2025-11-02 16:50:00,@GeralIs-l3z,IS RRQ TIME
2025-11-02 16:50:01,@RIZALMUHAIMIN-qb9tj,AE
2025-11-02 16:50:01,@HilyatulAulia-yt6vl,AE 5JT
2025-11-02 16:50:01,@Hafizacute-d3v,semogaa mengg ae ya Allah
2025-11-02 16:50:02,@ivansetiawan8112,mau king AE atau King Onic yg menaang terserah :winking_face_with_tongue::backhand_index_pointing_up:
2025-11-02 16:50:03,@jasselynwoediono8614,ONICCCC
2025-11-02 16:50:03,@EtiEti-y2r,onic
2025-11-02 16:50:03,@rike-oq1xe,:winking_face_with_tongue:
2025-11-02 16:50:03,@zidanfirdaus-q8x,7
2025-11-02 16:50:04,@ilhamrenaldiii6003,BANYAK BOCIL KINGDOM NYAMARR
2025-11-02 16:50:04,@NiaMamosey,onic
2025-11-02 16:50:04,@Mrzhsd18,GO ONIV
2025-11-02 16:50:05,@ALAIN-e7y,TIKET KE M7 BERAPA
2025-11-02 16:50:05,@MuhammadRaihannx,"Kalau ONIC jadi badut di M7, terus tim lu yang ga lolos playoff apa? :cat_with_tears_of_joy:"
2025-11-02 16:50:05,@muhammadilhamsyah5073,7
2025-11-02 16:50:05,@dickyvengeance3140,bismillah AE juara :folded_hands:
2025-11-02 16:50:06,@suryakencana7271,DEMI NAMA ALLAH AE AKAN KALAH
2025-11-02 16:50:06,@nayr8286,mana jalur undangan M7 nya kingdom
2025-11-02 16:50:06,@evanganz3518,LIKE DULU
2025-11-02 16:50:06,@dafafahrezi5125,GO GO HOME
2025-11-02 16:50:06,@juli5234,BISMILLAH ALTEREGO.. ALTERCHAMM BISA
2025-11-02 16:50:06,@arifrizkiaulia7829,GO AE JANGAN KASIH SKYLAR PIALA
2025-11-02 16:50:07,@zidanfirdaus-q8x,7
2025-11-02 16:50:07,@danang_g1326,HO ALTEREGO GO!:face-blue-smiling:
2025-11-02 16:50:07,@R.AldyYapi,landak ID badut M SERiES:zany_face:
2025-11-02 16:50:08,@ahmadfarish7971,:face-purple-crying:
2025-11-02 16:50:08,@Tpq_alan,7
2025-11-02 16:50:08,@maulana-o9g,10
2025-11-02 16:50:09,@ivansetiawan8112,mau king AE atau King Onic yg menaang terserah :winking_face_with_tongue::backhand_index_pointing_up:
2025-11-02 16:50:09,@ferdz-ls1op,7
2025-11-02 16:50:09,@HilyatulAulia-yt6vl,AE 5 JT
2025-11-02 16:50:09,@muhammadilhamsyah5073,"Buat yang nanya RRQ main jam berapa, RRQ lagi persiapan ke M7 lewat jalur SNBP :winking_face_with_tongue: 7"
2025-11-02 16:50:10,@RidwanRidwan-e1m,siapa kita
2025-11-02 16:50:10,@ThisplnRuture,rrq mana
2025-11-02 16:50:10,@rahmathidayatullah9902,4 ONIC:check_mark_button: - AE 0 
2025-11-02 16:50:10,@Kajianumum1,42 onic
2025-11-02 16:50:10,@MuhammadRaihannx,"Kalau ONIC jadi badut di M7, terus tim lu yang ga lolos playoff apa? :cat_with_tears_of_joy:"
2025-11-02 16:50:10,@MuhammadFariz-l9t,p
2025-11-02 16:50:11,@amrizal7001,7
2025-11-02 16:50:11,@nijamyoww,kasih ae plss
2025-11-02 16:50:11,@muhdIrnf-ou1uh,okkk
2025-11-02 16:50:13,@ccalmzxyofficial,bismillah onic juara mpl id s16 dan masuk ke m7
2025-11-02 16:50:13,@sarifhdy1691,bismillah rrq
2025-11-02 16:50:13,@MohammadRizky-v7p,onic harus beli srinz biar menang
2025-11-02 16:50:13,@wanzfaqot2039,gas
2025-11-02 16:50:13,@ricoodian2818,Bismillah AE:face-orange-frowning:
2025-11-02 16:50:13,@purnomo3144,LANDAK ID BADUT MSERIES
2025-11-02 16:50:13,@Ansarpiwetsetiakokohirsansurya,7
2025-11-02 16:50:13,@arcelaufengo6906,onic 10jt
2025-11-02 16:50:14,@Musofficial-g6s,bismillahirahmanirahim semoga onic bisa menang dan perjalananya di mudahkan amin
2025-11-02 16:50:14,@zidanfirdaus-q8x,7
2025-11-02 16:50:14,@ferdz-ls1op,7
2025-11-02 16:50:14,@luponamo9005,7
2025-11-02 16:50:14,@dickyvengeance3140,bismillah AE juara :folded_hands:
2025-11-02 16:50:15,@amrizal7001,7
2025-11-02 16:50:15,@NayakaJulian-hj9iv,7
2025-11-02 16:50:15,@Pidzzz2,2
2025-11-02 16:50:15,@tristansyahsetyaldi3119,kink ae 4-1 tandain
2025-11-02 16:50:15,@allllllllll-10,5
2025-11-02 16:50:15,@aniiasu.5859,7
2025-11-02 16:50:16,@ivansetiawan8112,mau king AE atau King Onic yg menaang terserah :winking_face_with_tongue::backhand_index_pointing_up:
2025-11-02 16:50:16,@Rouka_,7
2025-11-02 16:50:17,@alalifian-jo4ch,alter
2025-11-02 16:50:17,@rupgarte,onic time
2025-11-02 16:50:17,@anggasptr247,ONIC
2025-11-02 16:50:17,@oxsalkurniawan8711,goooo
2025-11-02 16:50:17,@amrizal7001,7
2025-11-02 16:50:18,@R.AldyYapi,landak ID badut M SERiES:zany_face:
2025-11-02 16:50:18,@HaloApakamu,gas!
2025-11-02 16:50:18,@sugandiidnagus3155,BISMILLAH AE JUARA
2025-11-02 16:50:18,@firgiyansyah-y7e,AE 5JT
2025-11-02 16:50:18,@ferdz-ls1op,M7
2025-11-02 16:50:18,@NayakaJulian-hj9iv,7
2025-11-02 16:50:18,@WahyugamingFF-m2j,masih ada aja yg komen 7
2025-11-02 16:50:18,@Naufal.g45,it's time onic!!!!!!!
2025-11-02 16:50:19,@zidanfirdaus-q8x,7
2025-11-02 16:50:20,@nightbot,MPL ID dengan tegas menentang segala bentuk perjudian & mendukung kompetisi yang adil dan berintegritas. Mari kita bangun komunitas yang menghormati nilai-nilai sportivitas dalam dunia esports!
2025-11-02 16:50:21,@rike-oq1xe,:winking_face_with_tongue:
2025-11-02 16:50:21,@purnomo3144,LANDAK ID BADUT MSERIES
2025-11-02 16:50:21,@R.AldyYapi,landak ID badut M SERiES:zany_face:
2025-11-02 16:50:21,@allllllllll-10,go
2025-11-02 16:50:22,@SrcRestu,GASSSSSSS ONICCCCC
2025-11-02 16:50:22,@Cantika_septilia_putri,gak sabar
2025-11-02 16:50:22,@Rouka_,7
2025-11-02 16:50:22,@DikaPrtma-w5v8y,3-4ae
2025-11-02 16:50:22,@ferdz-ls1op,M7
2025-11-02 16:50:22,@oxsalkurniawan8711,gooo
2025-11-02 16:50:23,@zidanfirdaus-q8x,7
2025-11-02 16:50:23,@fachrisefandyramadhan,minimal lolos m7
2025-11-02 16:50:23,@kalianwibu1,dukung m7 untuk ke2 tim
2025-11-02 16:50:23,@ivansetiawan8112,mau king AE atau King Onic yg menaang terserah :winking_face_with_tongue::backhand_index_pointing_up:
2025-11-02 16:50:23,@ENZOVERSE-s9e7e,ayo
2025-11-02 16:50:24,@muhammadilhamsyah5073,"Buat yang nanya RRQ main jam berapa, RRQ lagi persiapan ke M7 lewat jalur SNBP :winking_face_with_tongue: 7"
2025-11-02 16:50:26,@RismalHolip,ayo RRQ
2025-11-02 16:50:26,@ferdz-ls1op,7
2025-11-02 16:50:26,@Goldie_Edits,Jangan pernah Kasih Perhatian pad Aini ragebaited guys
2025-11-02 16:50:26,@Boang969,onic 10 juta nih
2025-11-02 16:50:26,@HilyatulAulia-yt6vl,"AE 5,JT ADA LAWAN??"
2025-11-02 16:50:26,@syafiera-e4s,oniccccccccccccc
2025-11-02 16:50:26,@MuhammadRaihannx,"Kalau ONIC jadi badut di M7, terus tim lu yang ga lolos playoff apa? :cat_with_tears_of_joy:"
2025-11-02 16:50:26,@kelrito,dengan nama Allah aku doakan onic Manang aminnn
2025-11-02 16:50:26,@MidMc_67,yoooo
2025-11-02 16:50:26,@arcelaufengo6906,onic 10jt
2025-11-02 16:50:27,@muhdIrnf-ou1uh,budee
2025-11-02 16:50:27,@zidanfirdaus-q8x,7
2025-11-02 16:50:27,@dafafahrezi5125,GO GO HOME
2025-11-02 16:50:28,@ENZOVERSE-s9e7e,ayo
2025-11-02 16:50:28,@amrizal7001,7
2025-11-02 16:50:28,@hendri978,7
2025-11-02 16:50:29,@rupgarte,onic
2025-11-02 16:50:29,@dickyvengeance3140,bismillah AE juara :folded_hands:
2025-11-02 16:50:30,@ivansetiawan8112,mau king AE atau King Onic yg menaang terserah :winking_face_with_tongue::backhand_index_pointing_up:
2025-11-02 16:50:30,@Zeroim123,Lestgooooooo
2025-11-02 16:50:30,@damskychannel107,AE
2025-11-02 16:50:30,@IDONIHZAN-s4u,sonic mana suaranya
2025-11-02 16:50:30,@KANYETHEGOAT-o7c,ALTER EGO GOGOGO
2025-11-02 16:50:31,@Nanank_bwi,karma dulu ketik 7 sekarang GK lolos playoff mpl menjelang M7
2025-11-02 16:50:31,@kalianwibu1,dukung m7 untuk ke2 tim
2025-11-02 16:50:31,@KhoirulAmin-x2b,bismillah onic juara
2025-11-02 16:50:31,@Cantika_septilia_putri,mulai
2025-11-02 16:50:31,@hanindyaaditama8247,7
2025-11-02 16:50:32,@Kodirrr.,R7
2025-11-02 16:50:32,@Pidzzz2,Aee
2025-11-02 16:50:32,@yahiko-z5,yang dukung AE pasti kebanyakan kingdom
2025-11-02 16:50:32,@afwanfadzilchairul8332,Squad SulawesiRoam : kiboyMid : sanzJungle : yazukeExp : gobsGold : skylar
2025-11-02 16:50:32,@arcelaufengo6906,onic 10jt
2025-11-02 16:50:34,@AraD4rling,LET'S GOOOOOOOOO
2025-11-02 16:50:34,@MuhammadRaihannx,"Kalau ONIC jadi badut di M7, terus tim lu yang ga lolos playoff apa? :cat_with_tears_of_joy:"
2025-11-02 16:50:36,@DennisLutfi-n4j3u,GOO ONIICCCCC
2025-11-02 16:50:36,@randigaming-wk6cu,ae win
2025-11-02 16:50:36,@z4river721,7
2025-11-02 16:50:36,@ninofirmansyah-e7e,oniccc
2025-11-02 16:50:37,@m.azlnsyh,AE 4-2
2025-11-02 16:50:37,@MuhdHafif,7
2025-11-02 16:50:37,@Cantika_septilia_putri,7
2025-11-02 16:50:37,@Kodirrr.,R7
2025-11-02 16:50:37,@snowqv4666,lesgooo
2025-11-02 16:50:37,@theuntouchable6758,Pengen hp baru Samsung
2025-11-02 16:50:38,@ahmddalff,Bismillahirrahmanirrahim yaAllah semoga rezekinya ae juara mpl id malem ini
2025-11-02 16:50:38,@buyungpuyuh3441,7
2025-11-02 16:50:38,@R.AldyYapi,landak ID badut M SERiES:zany_face:
2025-11-02 16:50:38,@sarifhdy1691,:partying_face::partying_face::partying_face:
2025-11-02 16:50:38,@saipulcazorlaa,7
2025-11-02 16:50:39,@dickyvengeance3140,bismillah AE juara
2025-11-02 16:50:39,@anakkenyalang5670,FEELING GW..ALTER EGO MENANG NI
2025-11-02 16:50:39,@rismairis4154,"udh diramal sma saya AE JUARA, CETAK SEJARAH ."
2025-11-02 16:50:40,@Rouka_,Halo RRQ
2025-11-02 16:50:40,@IronSR_69,ONIC
2025-11-02 16:50:40,@MOH.SHOLEH1,onic yono
2025-11-02 16:50:41,@MuhammadRaihannx,"Kalau ONIC jadi badut di M7, terus tim lu yang ga lolos playoff apa? :cat_with_tears_of_joy:"
2025-11-02 16:50:41,@arcelaufengo6906,onic 10jt
2025-11-02 16:50:42,@desiwulansari6723,#jalurhoki
2025-11-02 16:50:42,@RikiGunawan-x7g,lama
2025-11-02 16:50:42,@MohammadRizky-v7p,mainin srinz
2025-11-02 16:50:42,@rahmathidayatullah9902,4 ONIC:check_mark_button: - AE 0 
2025-11-02 16:50:42,@nopse2830,ae gogogo
2025-11-02 16:50:42,@arie09876,Yang menang lawan RRQ
2025-11-02 16:50:42,@muhdIrnf-ou1uh,lovee youuu
2025-11-02 16:50:43,@ALAIN-e7y,7 tipis and trik
2025-11-02 16:50:43,@wiriaashen4569,AE 1T
2025-11-02 16:50:43,@rizalbudisantoso2289,kalo menang tetap onic ..tapi jika Sanz dan Skylar bisa di lumpuh kan pemenang ada di ae
2025-11-02 16:50:44,@RizqiRizqi-h8h,main jam betapa sih?
2025-11-02 16:50:45,@Boang969,ONIC NIH 10 JT :folded_hands:
2025-11-02 16:50:45,@andreprasetio9366,7
2025-11-02 16:50:46,@Kodirrr.,R7R7R7R7R
2025-11-02 16:50:47,@x-pac12,AE 15jt
2025-11-02 16:50:48,@andreprasetio9366,7
2025-11-02 16:50:49,@marongaje,ae
2025-11-02 16:50:49,@M.RAIHANRehan-r5n,bismillah ae juara go go
2025-11-02 16:50:49,@mambhlekiwkiw2059,ONIC 15 JUTA
2025-11-02 16:50:49,@rianyanuar4414,lama banget dah
2025-11-02 16:50:49,@MuhammadRaihannx,"Kalau ONIC jadi badut di M7, terus tim lu yang ga lolos playoff apa? :cat_with_tears_of_joy:"
2025-11-02 16:50:49,@dickyvengeance3140,bismillah AE juara :folded_hands:
2025-11-02 16:50:49,@fdellzz4629,onicccccccccc
2025-11-02 16:50:50,@FRINCEEE,7
2025-11-02 16:50:51,@13.jihanfadilah46,GOOOOOOOO ONIIICCC
2025-11-02 16:50:51,@ninofirmansyah-e7e,onicccc
2025-11-02 16:50:51,@muhammadilhamsyah5073,"Buat yang nanya RRQ main jam berapa, RRQ lagi persiapan ke M7 lewat jalur SNBP :winking_face_with_tongue: 7"
2025-11-02 16:50:51,@PuudingMan,"SEMOGA AE MENANG AMIN,ONIC BADUT LOKAL"
2025-11-02 16:50:51,@ahmddalff,bismilah go aeeee
2025-11-02 16:50:51,@ivansetiawan8112,mau king AE atau King Onic yg menaang terserah :winking_face_with_tongue::backhand_index_pointing_up:
2025-11-02 16:50:52,@kalianwibu1,dukung m7 untuk ke2 tim
2025-11-02 16:50:51,@andreprasetio9366,7
2025-11-02 16:50:52,@RismalHolip,ayo RRQ
2025-11-02 16:50:52,@arifg7899,ALTER EGO GO GO GO
2025-11-02 16:50:53,@dahlanallan162,ae nih 5 juta
2025-11-02 16:50:54,@purnomo3144,LANDAK ID THE REAL BADUT MSERIES
2025-11-02 16:50:54,@M.RidwanAlfatir,kalau bisa new champ
2025-11-02 16:50:54,@GibranAlvaro-r9y,sini ae satu juta
2025-11-02 16:50:55,@R.AldyYapi,landak ID badut M SERiES:zany_face:
2025-11-02 16:50:55,@Seputarvideorandom,7
2025-11-02 16:50:55,@andreprasetio9366,7
2025-11-02 16:50:56,@marongaje,ae
2025-11-02 16:50:56,@damardani5459,kapan ya saldo gopay gratis
2025-11-02 16:50:56,@MuhammadRaihannx,"Kalau ONIC jadi badut di M7, terus tim lu yang ga lolos playoff apa? :cat_with_tears_of_joy:"
2025-11-02 16:50:57,@khoirulumam6539,NGETIK 7-NYA JANGAN SAMBIL NANGIS YA MPOSSS:cat-orange-whistling::face-blue-smiling:
2025-11-02 16:50:57,@mutsuki_chan7587,"kasih ae aja lah, kasih dia menukir sejarah"
2025-11-02 16:50:57,@AkbarKusumadani,ALL IN ONICCC BISAAA NIHHH JUARA LAGIII LETSGOOOOO
2025-11-02 16:50:58,@RatnaJuwita-lp5dj,onic
2025-11-02 16:50:58,@ahmadkhozimnararya3362,LAMA
2025-11-02 16:50:58,@theuntouchable6758,ALTER EGO GOGOGO
2025-11-02 16:50:58,@bintangdappa5655,ae 10juta
2025-11-02 16:50:59,@KafkaYoii,rrq
2025-11-02 16:50:59,@andreprasetio9366,7
2025-11-02 16:51:00,@purnomo3144,LANDAK ID THE REAL BADUT MSERIES
2025-11-02 16:51:00,@anakkenyalang5670,AE CHAMP
2025-11-02 16:51:00,@ripvanzz3601,its onic time
2025-11-02 16:51:00,@brainscale_quiz,7
2025-11-02 16:51:01,@Roomboykc,pilih merah apa kuning
2025-11-02 16:51:01,@centongrengap3033,bismilah ae
2025-11-02 16:51:01,@rizkiadhieramadhani6585,AE LETS GOO
2025-11-02 16:51:02,@MuhammadRaihannx,"Kalau ONIC jadi badut di M7, terus tim lu yang ga lolos playoff apa? :cat_with_tears_of_joy:"
2025-11-02 16:51:02,@SrcRestu,RRQ MENDEM AJE DI GOA
2025-11-02 16:51:02,@andreprasetio9366,7
2025-11-02 16:51:02,@satrioo_jomok32,onic 20 juta
2025-11-02 16:51:02,@arcelaufengo6906,ONIC 10JT:red_exclamation_mark::red_exclamation_mark::red_exclamation_mark::red_exclamation_mark::double_exclamation_mark::double_exclamation_mark::double_exclamation_mark::double_exclamation_mark::double_exclamation_mark::double_exclamation_mark::double_exclamation_mark::double_exclamation_mark::double_exclamation_mark::double_exclamation_mark::double_exclamation_mark::double_exclamation_mark:
2025-11-02 16:51:02,@Tungkal123-h7q,RRQ JUARA RILL
2025-11-02 16:51:03,@AfiqAfiq-f8z3m,onic
2025-11-02 16:51:03,@Gajahlahhatimu,alter egooo
2025-11-02 16:51:03,@khoirulumam6539,NGETIK 7-NYA JANGAN SAMBIL NANGIS YA MPOSSS:cat-orange-whistling::face-blue-smiling:
2025-11-02 16:51:03,@BandungJuara-b4z,onic
2025-11-02 16:51:04,@nasirkotem9417,kasih tontonan seru ya
2025-11-02 16:51:04,@darienoyon9745,rrq akan juara m7 percayalah
2025-11-02 16:51:04,@MuhammadFariz-l9t,RRQ BISAAAAAA
2025-11-02 16:51:05,@dentaputra3513,wow
2025-11-02 16:51:05,@yuzrililham2815,onik kalah
2025-11-02 16:51:06,@Gajahlahhatimu,egooo
2025-11-02 16:51:06,@ripvanzz3601,ITS ONIC TIME
2025-11-02 16:51:07,@purnomo3144,LANDAK ID THE REAL BADUT MSERIES
2025-11-02 16:51:07,@anakkenyalang5670,AE CHAMP
2025-11-02 16:51:07,@bobiderian6764,AE YOK
2025-11-02 16:51:07,@Muhammad-j5y6n,ae
2025-11-02 16:51:08,@daress1319,ae go
2025-11-02 16:51:08,@R.AldyYapi,landak ID badut M SERiES:zany_face:
2025-11-02 16:51:08,@An_FahmyZ.27,UDAH KASIH AJA PIALANYA KE RRQ
2025-11-02 16:51:08,@sikulitbundar_id,LAMAAAAAAA
2025-11-02 16:51:08,@Fazzxml3,7
2025-11-02 16:51:08,@RtyyyAaaa,all in aeee
2025-11-02 16:51:08,@SrcRestu,BANTU 7
2025-11-02 16:51:09,@DhikaMardhika,rrq main jam brp bang?
2025-11-02 16:51:09,@khoirulumam6539,NGETIK 7-NYA JANGAN SAMBIL NANGIS YA MPOSSS:cat-orange-whistling::face-blue-smiling:
2025-11-02 16:51:09,@HilyatulAulia-yt6vl,AE NIH 5JT ADA LAWAN??
2025-11-02 16:51:09,@joniiskandar3386,"dukung lh AE,,onic itu ga ada apa2nya:elbowcough:"
2025-11-02 16:51:10,@revvansyahlendra6768,RRQ MAIN JAM BERAPA BANG?
2025-11-02 16:51:10,@mambhlekiwkiw2059,GAS ONIC 10 JUTA MANA AYO
2025-11-02 16:51:10,@dentaputra3513,keren
2025-11-02 16:51:10,@ninofirmansyah-e7e,onicccc
2025-11-02 16:51:11,@maulanayusuf3400,U
2025-11-02 16:51:11,@anakkenyalang5670,AE CHAMP
2025-11-02 16:51:12,@Boang969,YANG SERIUS AJA ONIC NIH 10JTA
2025-11-02 16:51:12,@gibraelpolii7291,Onic 1 m ada kah
2025-11-02 16:51:12,@Fazzxml3,7
2025-11-02 16:51:13,@muhammadhasan2533,JIRR BANYAK KONGDOM TERNYATA LAGI NGADU DOMBA DISINI:rolling_on_the_floor_laughing::rolling_on_the_floor_laughing::rolling_on_the_floor_laughing:
2025-11-02 16:51:13,@wahyudiklorovers718,7
2025-11-02 16:51:13,@riskibilek4964,77
2025-11-02 16:51:13,@mrbin282,AE AE AE
2025-11-02 16:51:13,@Jesseee_111,GO AE GOOIK
2025-11-02 16:51:14,@Seputarvideorandom,7
2025-11-02 16:51:14,@dickyvengeance3140,bis
2025-11-02 16:51:14,@feu610,lets gooooo AEEEE
2025-11-02 16:51:14,@MuhammadRaihannx,"Kalau ONIC jadi badut di M7, terus tim lu yang ga lolos playoff apa? :cat_with_tears_of_joy:"
2025-11-02 16:51:14,@akbarzulfikar6891,"hbis ni ada kabar ""onic bawa piala m7"":face_savoring_food:"
2025-11-02 16:51:14,@bevanorcha2349,ya sabar kocak kan dah ada jadwalnya gmn sih
2025-11-02 16:51:14,@mrWondervul,7
2025-11-02 16:51:15,@purnomo3144,LANDAK ID THE REAL BADUT MSERIES
2025-11-02 16:51:16,@pieterbermuda6008,ae plisss
2025-11-02 16:51:16,@wahyudiklorovers718,7
2025-11-02 16:51:16,@AkhdanReagan,bissmillah ae :palms_up_together:
2025-11-02 16:51:17,@dentaputra3513,KAIRIIII
2025-11-02 16:51:17,@giyuzarr,"yang coment 7 pick , fans evos wkwk penyakt hati"
2025-11-02 16:51:17,@renoanmar2571,lama cuki
2025-11-02 16:51:18,@maulanayusuf3400,7
2025-11-02 16:51:18,@ZulkifliDek,lama
2025-11-02 16:51:18,@NxufalXstumble,ALTER EGOGOGO
2025-11-02 16:51:18,@khoirulumam6539,NGETIK 7-NYA JANGAN SAMBIL NANGIS YA MPOSSS:cat-orange-whistling::face-blue-smiling:
2025-11-02 16:51:19,@ALIFTzr01,bismillah onic
2025-11-02 16:51:19,@rizkiadhieramadhani6585,AE
2025-11-02 16:51:19,@ALAIN-e7y,YAH KENA PRANK
2025-11-02 16:51:19,@ripvanzz3601,3-0
2025-11-02 16:51:20,@wahyudiklorovers718,7
2025-11-02 16:51:20,@rioherryanto1958,"Sekedar Info Guys RRQ main jam 2 pagi, final merebutkan juara 1 d planet Namex, dan akan d tonton 7 jt views Aliens..."
2025-11-02 16:51:20,@LukmanMantak,p
2025-11-02 16:51:20,@rismanfajar5965,kenapa banyak bener stiker 7
2025-11-02 16:51:20,@fikrirosli5210,200 trilion onic
2025-11-02 16:51:21,@yuzrililham2815,onic kalah
2025-11-02 16:51:21,@MuhammadAzhar-nk2ge,WKWKWKW GA MUNGKIN CUMA MODAL DOR DOR MAIN DI M7 WKWKWK
2025-11-02 16:51:21,@yoyofos4726,AE JUARA SUAPAYA ENGGA ITU ITU AJA YANG MENANG DAN ADA RAJA BARU
2025-11-02 16:51:22,@KazumiKyoo,ALTER EGO TIME
2025-11-02 16:51:22,@muhammadilhamsyah5073,"Buat yang nanya RRQ main jam berapa, RRQ lagi persiapan ke M7 lewat jalur SNBP :winking_face_with_tongue: 7"
2025-11-02 16:51:22,@ImronRosadi-i7q,udah pasti onic sih
2025-11-02 16:51:22,@jepydimas6287,yok double champion ONIC ID
2025-11-02 16:51:22,@HilyatulAulia-yt6vl,AE 5JT ADA LAWAN
2025-11-02 16:51:22,@GopalGendut-l1w,sini gua onic 10 juta
2025-11-02 16:51:23,@myusuf9670,gooogo rrq
2025-11-02 16:51:23,@RifaldiAldi-er9nf,Ae menang
2025-11-02 16:51:24,@korwil_ywsto09,lama
2025-11-02 16:51:24,@wahyudiklorovers718,7
2025-11-02 16:51:24,@raizennnx,YANG PENTING PUNYA MSC
2025-11-02 16:51:24,@alhafiffitriyanto9287,GO GO AE
2025-11-02 16:51:24,@Ejak-p7v,32 onic
2025-11-02 16:51:24,@andreprasetio9366,7
2025-11-02 16:51:24,@RezkabimaTriana,lamaa
2025-11-02 16:51:24,@R.AldyYapi,landak ID badut M SERiES:zany_face:
2025-11-02 16:51:24,@ALAIN-e7y,7 tipis and trik
2025-11-02 16:51:25,@EtiEti-y2r,ayo pasep
2025-11-02 16:51:25,@RayyenKids,onic 5jt sini
2025-11-02 16:51:25,@chinhuslenbayrsaihan,onic 4:2
2025-11-02 16:51:25,@m.abuza_,7
2025-11-02 16:51:25,@dickyvengeance3140,bismillah AE juara :folded_hands:
2025-11-02 16:51:25,@purnomo3144,LANDAK ID THE REAL BADUT MSERIES
2025-11-02 16:51:25,@LukmanMantak,p
2025-11-02 16:51:25,@Alekkbjir,rrq m7 let's go
2025-11-02 16:51:25,@MhmdAkbar-k3d,7
2025-11-02 16:51:26,@vand2347,iPhone 17 pro pilihan terbaikmu
2025-11-02 16:51:26,@dhaastrifegaming2359,AE 10jt
2025-11-02 16:51:27,@m.azlnsyh,AE 4-2
2025-11-02 16:51:28,@YOIchannel-24,ONIC
2025-11-02 16:51:28,@ampunsuhuml,bismillah onicc
2025-11-02 16:51:28,@fahzrimuhammad8230,lama
2025-11-02 16:51:29,@FriendyMusandi,:face-blue-smiling:
2025-11-02 16:51:29,@m.abuza_,7
2025-11-02 16:51:29,@khoirulumam6539,NGETIK 7-NYA JANGAN SAMBIL NANGIS YA MPOSSS:cat-orange-whistling::face-blue-smiling:
2025-11-02 16:51:29,@BudiSetiawan-vd4ul,onic:woman_dancing:
2025-11-02 16:51:29,@zidn-f2z,ayooo ae bisaa
2025-11-02 16:51:29,@arrozakenny9095,di ikn kah
2025-11-02 16:51:29,@NxufalXstumble,Letsgo Ae
2025-11-02 16:51:30,@AkbarMaulanaNasution,DI GOAA ADA JARINGAN YAAAA?
2025-11-02 16:51:30,@janasaputra9415,gogo alterigo
2025-11-02 16:51:30,@hehehe4193,7EPOS
2025-11-02 16:51:30,@InayaTabitha-t7q,"pegang AE 5jt, ayo siapa lawan"
2025-11-02 16:51:31,@kyysa,lama ah mls
2025-11-02 16:51:31,@purnomo3144,LANDAK ID THE REAL BADUT MSERIES
2025-11-02 16:51:31,@cliper.pemula292,salah pilih lokasi playoff
2025-11-02 16:51:32,@kairii_rayosdelsol,air air apa yg ga masuk po
2025-11-02 16:51:32,@KafkaYoii,77
2025-11-02 16:51:32,@fahzrimuhammad8230,gc
2025-11-02 16:51:33,@HpgobiolkHh,oneiiii
2025-11-02 16:51:33,@AhmadAlfin-q7w,yok bisa yok alter ego juara go go goooooo
2025-11-02 16:51:33,@m.abuza_,7
2025-11-02 16:51:34,@Restu-mt1yv,7
2025-11-02 16:51:34,@15-m.fatkurrohman52,viva ERERQIU
2025-11-02 16:51:34,@BekiSayang,rrq main di sctv main film jdul nya badut mpl
2025-11-02 16:51:34,@badforyou9419,AE
2025-11-02 16:51:35,@ninofirmansyah-e7e,oniccc ccc cc
2025-11-02 16:51:35,@nugianugerah1551,its ae time
2025-11-02 16:51:35,@purnomo3144,LANDAK ID THE REAL BADUT MSERIES
2025-11-02 16:51:35,@RizkiRidhomuhammad-z9w,GAYAKIN ONIC MENANG
2025-11-02 16:51:35,@SrcRestu,BANTU KETIK 7
2025-11-02 16:51:35,@LukmanMantak,p
2025-11-02 16:51:36,@tropical-z3e4j,7
2025-11-02 16:51:36,@aldy-p5g,ini kapan dah main yah
2025-11-02 16:51:36,@dentaputra3513,KIBOYYYY
2025-11-02 16:51:36,@ivansetiawan8112,mau king AE atau King Onic yg menaang terserah :winking_face_with_tongue::backhand_index_pointing_up:
2025-11-02 16:51:36,@ALIFTzr01,bismillah onic juara yaallah
2025-11-02 16:51:36,@R.AldyYapi,landak ID badut M SERiES:zany_face:
2025-11-02 16:51:37,@Yamaha125-b4p,bude clara
2025-11-02 16:51:37,@MohammadRizky-v7p,ini waktunya rrq bukan onic
2025-11-02 16:51:38,@khoirulumam6539,NGETIK 7-NYA JANGAN SAMBIL NANGIS YA MPOSSS:cat-orange-whistling::face-blue-smiling:
2025-11-02 16:51:38,@Boang969,ANAK2 AE PADA GA ADA DUIT KAH?
2025-11-02 16:51:38,@MugiwaraBuaya,7
2025-11-02 16:51:38,@m.abuza_,7
2025-11-02 16:51:38,@Varzz_Railfans,ae 4-3 onic goo
2025-11-02 16:51:38,@dionpratama9017,SEJARAH BARU AE
2025-11-02 16:51:38,@Mobile-p6w2p,rrq nih bos!!7
2025-11-02 16:51:39,@hehehe4193,7EPOS
2025-11-02 16:51:39,@jalanterus6012,AE Ae
2025-11-02 16:51:39,@dickyvengeance3140,bismillah AE juara :folded_hands:
2025-11-02 16:51:39,@GuIn-23,"Gua dukung semuanya, siapapun yang menang angkat kepala kalian dan buktikan bahwa kalian pantas jadi pejuang m7, dan yang kalah this is not the end, raihlah piala m7 bagi region indo, senangat!!!"
2025-11-02 16:51:39,@tropical-z3e4j,7
2025-11-02 16:51:40,@shin-201-u3f,"akankah ini piala ke 8 ONIC ?, atau piala pertama AE"
2025-11-02 16:51:40,@MendidikNetizen,#7 epos paling sering :face_with_tears_of_joy::face_with_tears_of_joy::face_with_tears_of_joy:
2025-11-02 16:51:40,@RifaldiAldi-er9nf,AE mode play off
2025-11-02 16:51:40,@purnomo3144,LANDAK ID THE REAL BADUT MSERIES
2025-11-02 16:51:40,@IrvanAnshori-t7v,4-3 AE juara
2025-11-02 16:51:41,@zidanfirdaus-q8x,7
2025-11-02 16:51:41,@zidanfirdaus-q8x,7
2025-11-02 16:51:41,@zidanfirdaus-q8x,7
2025-11-02 16:51:41,@MuhammadRaihannx,"Kalau ONIC jadi badut di M7, terus tim lu yang ga lolos playoff apa? :cat_with_tears_of_joy:"
2025-11-02 16:51:41,@zidanfirdaus-q8x,7
2025-11-02 16:51:41,@yandikurniadi93,7
2025-11-02 16:51:41,@juanfigovin7096,PAS TIMNYA KALAH NGILANG PASTITUH YANG TARUHAN WKWK
2025-11-02 16:51:41,@MeyshaNurain,onic
2025-11-02 16:51:41,@zidanfirdaus-q8x,7
2025-11-02 16:51:42,@MugiwaraBuaya,7
2025-11-02 16:51:42,@m.abuza_,7
2025-11-02 16:51:42,@KanekiKen-r8c,"DILEMA MAU DUKUNG ONIC ATAU AE, SUKA SEMUANYA :melting_face:"
2025-11-02 16:51:42,@khoirulumam6539,NGETIK 7-NYA JANGAN SAMBIL NANGIS YA MPOSSS:cat-orange-whistling::face-blue-smiling:
2025-11-02 16:51:42,@Budy_laksono,EVOS ayam
2025-11-02 16:51:42,@RismalHolip,5jt onic
2025-11-02 16:51:42,@HilyatulAulia-yt6vl,AE 5JT ADA LAWAN
2025-11-02 16:51:43,@SarahNuradnin,7
2025-11-02 16:51:43,@YOIchannel-24,yuk bs yok
2025-11-02 16:51:44,@dentaputra3513,LUTHPIII
2025-11-02 16:51:45,@aldy-p5g,7
2025-11-02 16:51:45,@vyns11,1 rb onic nih ada lawan?
2025-11-02 16:51:45,@muhammadilhamsyah5073,"Buat yang nanya RRQ main jam berapa, RRQ lagi persiapan ke M7 lewat jalur SNBP :winking_face_with_tongue: 7"
2025-11-02 16:51:45,@purnomo3144,LANDAK ID THE REAL BADUT MSERIES
2025-11-02 16:51:45,@hisyammuhaimin6772,semoga ae juara
2025-11-02 16:51:46,@farisevs,7
2025-11-02 16:51:46,@ArkaVeyron,7
2025-11-02 16:51:46,@raizennnx,PUNYA MSC RRQ PUNYA APA
2025-11-02 16:51:46,@AkbarMaulanaNasution,DI GOA ADA JARINGAN YA?
2025-11-02 16:51:47,@cireboncloth7635,7
2025-11-02 16:51:47,@azraizadzahari6175,kiukiu
2025-11-02 16:51:47,@brando1744,7
2025-11-02 16:51:47,@tropical-z3e4j,7
2025-11-02 16:51:47,@MugiwaraBuaya,7
2025-11-02 16:51:48,@Sanz-o4l,onic pasti juara 1 mpl
2025-11-02 16:51:48,@Vhilz47_16,1jt AE
2025-11-02 16:51:48,@guinevereday8659,AE 20 JT
2025-11-02 16:51:48,@m.abuza_,7
2025-11-02 16:51:49,@R.AldyYapi,landak ID badut M SERiES:zany_face:
2025-11-02 16:51:49,@LukmanMantak,p
2025-11-02 16:51:50,@sikulitbundar_id,DUKUNG YANG MENANG
2025-11-02 16:51:50,@phyr631,lama banget
2025-11-02 16:51:50,@cireboncloth7635,7
2025-11-02 16:51:50,@mambhlekiwkiw2059,GASS ONIC 10 JUTA SINI GW TAMPUNG
2025-11-02 16:51:51,@MuhammadRaihannx,"Kalau ONIC jadi badut di M7, terus tim lu yang ga lolos playoff apa? :cat_with_tears_of_joy:"
2025-11-02 16:51:51,@afwanfadzilchairul8332,"kalo onic badut, terus tim yang kalah dari onic apa dong?"
2025-11-02 16:51:51,@khoirulumam6539,NGETIK 7-NYA JANGAN SAMBIL NANGIS YA MPOSSS:cat-orange-whistling::face-blue-smiling:
2025-11-02 16:51:51,@m.abuza_,7
2025-11-02 16:51:51,@purnomo3144,LANDAK ID THE REAL BADUT MSERIES
2025-11-02 16:51:51,@MugiwaraBuaya,7
2025-11-02 16:51:51,@brando1744,7
2025-11-02 16:51:51,@aldy-p5g,7
2025-11-02 16:51:51,@sarifhdy1691,piala m7 udah di kantongin rrq boss:cat_with_tears_of_joy::cat_with_tears_of_joy::cat_with_tears_of_joy:
2025-11-02 16:51:52,@hammalways,duelan aevsonic w onic 5jt
2025-11-02 16:51:52,@ucokrellif7963,alter ego kali ini aja :folded_hands::folded_hands::folded_hands:
2025-11-02 16:51:52,@muharyomuliayanto4839,7
2025-11-02 16:51:53,@FFA-DRAGON,sampah semua komenan di mpl id :face_with_tears_of_joy:
2025-11-02 16:51:53,@FakihGeng,ONIC
2025-11-02 16:51:54,@arfandianwar3631,Terlalu banyak iklan 
2025-11-02 16:51:55,@m.abuza_,7
2025-11-02 16:51:55,@TerjalTerJaL-hq8pg,7
2025-11-02 16:51:55,@MugiwaraBuaya,7
2025-11-02 16:51:55,@dinnaraach,AKU MAU AE MENANG
2025-11-02 16:51:55,@MuhammadHuda-x6u,7
2025-11-02 16:51:55,@Restu-mt1yv,7
2025-11-02 16:51:56,@purnomo3144,LANDAK ID THE REAL BADUT MSERIES
2025-11-02 16:51:56,@arrozakenny9095,di ikn kah
2025-11-02 16:51:56,@grandcitrahoteltarakan1700,7
2025-11-02 16:51:56,@yopichanel2404,apa hubungan ya masuk m7 sama yang gak lolos playoff bocil fomo
2025-11-02 16:51:56,@LukmanMantak,p
2025-11-02 16:51:57,@Yorrrrrruuuzy,BERARTI HIJUME 2 KALI FINAL YAK?
2025-11-02 16:51:57,@Xyaltalune,GELO GELOO
2025-11-02 16:51:57,@YusufDwiRustiyan,#7
2025-11-02 16:51:57,@almaun6915,goo AE
2025-11-02 16:51:58,@048_luthfiandhikaburhani4,pada toxic hei
2025-11-02 16:51:58,@AlanpAlanp-qd9bd,:elbowcough:
2025-11-02 16:51:58,@faiznihbos5526,onic time
2025-11-02 16:51:58,@aldy-p5g,7
2025-11-02 16:51:59,@MuhammadRaihannx,"Kalau ONIC jadi badut di M7, terus tim lu yang ga lolos playoff apa? :cat_with_tears_of_joy:"
2025-11-02 16:51:59,@rezaardi6826,10jt onic
2025-11-02 16:51:59,@bangkebbo,Purnomo badut rrq:love_you_gesture::money_mouth_face:
2025-11-02 16:51:59,@oyyyyyyyyyyyyy,7EPOS
2025-11-02 16:51:59,@jhonnyindo9115,7
2025-11-02 16:51:59,@R.AldyYapi,landak ID badut M SERiES:zany_face:
2025-11-02 16:52:00,@dickyvengeance3140,bismillah AE juara ya Allah
2025-11-02 16:52:00,@KaiziSKennedy,pliss kasih ke AE dong piala nya onic
2025-11-02 16:52:00,@bk.clipvideo,Ban lapu
2025-11-02 16:52:00,@khoirulumam6539,NGETIK 7-NYA JANGAN SAMBIL NANGIS YA MPOSSS:cat-orange-whistling::face-blue-smiling:
2025-11-02 16:52:00,@raizennnx,ONIC PUNYA MSC RRQ PUNYA APA
2025-11-02 16:52:01,@dentaputra3513,SANZZ
2025-11-02 16:52:01,@ExcelRelione,HIDUP JOKOWIIIII
2025-11-02 16:52:01,@Sheaaaaaaaaaaaa,haiiiiiiii
2025-11-02 16:52:02,@purnomo3144,LANDAK ID THE REAL BADUT MSERIES
2025-11-02 16:52:02,@FakihGeng,#7
2025-11-02 16:52:02,@wirapratamawira,baru dateng?
2025-11-02 16:52:02,@m.abuza_,7
2025-11-02 16:52:04,@nandaprasetyo0489,7
2025-11-02 16:52:04,@kalianwibu1,dukung m7 untuk ke2 tim
2025-11-02 16:52:04,@abdullatip2287,kasih AE meang
2025-11-02 16:52:04,@MuhammadHuda-x6u,7
2025-11-02 16:52:05,@raizennnx,ONIC PUNYA MSC RRQ PUNYA APA
2025-11-02 16:52:06,@meikelkristiadi8652,ONIC GOGOGO:ghost:
2025-11-02 16:52:06,@BudiSetiawan-vd4ul,gass 5 juta onic
2025-11-02 16:52:07,@nandaprasetyo0489,7
2025-11-02 16:52:07,@Vhilz47_16,ae AE AE ae
2025-11-02 16:52:07,@purnomo3144,LANDAK ID THE REAL BADUT MSERIES
2025-11-02 16:52:07,@phyr631,rrq udh nunggu di final m7 ya?
2025-11-02 16:52:07,@khoirulumam6539,NGETIK 7-NYA JANGAN SAMBIL NANGIS YA MPOSSS:cat-orange-whistling::face-blue-smiling:
2025-11-02 16:52:08,@ccalmzxyofficial,#GoOnic
2025-11-02 16:52:08,@AndraGZGZ-r4w,onik juara 1 skyler ngangket piala mpl:trophy-yellow-smiling:
2025-11-02 16:52:08,@MohRajabbokings,onic 4-0 ae
2025-11-02 16:52:08,@muhammadilhamsyah5073,"Buat yang nanya RRQ main jam berapa, RRQ lagi persiapan ke M7 lewat jalur SNBP :winking_face_with_tongue: 7"
2025-11-02 16:52:09,@bangkebbo,Purnomo badut rrq:love_you_gesture::money_mouth_face:
2025-11-02 16:52:09,@MuhammadYusuf-g2j2e,rrq main jam berapa sih ? bertanya dengan nada tinggi
2025-11-02 16:52:09,@YogiYogigi-f7h,main jam berapa
2025-11-02 16:52:09,@MuhammadRaihannx,"Kalau ONIC jadi badut di M7, terus tim lu yang ga lolos playoff apa? :cat_with_tears_of_joy:"
2025-11-02 16:52:10,@FahriAdit-cm7km,TANDAIN GW ONIC 4-3 AE
2025-11-02 16:52:10,@FakihGeng,7
2025-11-02 16:52:10,@sanasini1799,Saya ingin juara baru let go AE
2025-11-02 16:52:11,@nandaprasetyo0489,7
2025-11-02 16:52:11,@Lutfimiya,oh my kairi:face_with_tongue::backhand_index_pointing_up:
2025-11-02 16:52:11,@renoreno2289,SEMOGA AE JUARA
2025-11-02 16:52:12,@meikelkristiadi8652,ONIC GOGOGO:ghost:
2025-11-02 16:52:12,@FanzyRio,hedgehog
2025-11-02 16:52:12,@YOIchannel-24,ONIC
2025-11-02 16:52:13,@AdiPutra-p8d6h,ya Allah semoga bang ler juara pertama nya di tim onic dan juara m7 amin
2025-11-02 16:52:14,@purnomo3144,LANDAK ID THE REAL BADUT MSERIES
2025-11-02 16:52:14,@raizennnx,ONIC PUNYA MSC RRQ PUNYA APA
2025-11-02 16:52:14,@nandaprasetyo0489,7
2025-11-02 16:52:14,@tropical-z3e4j,rrq badut mpl
2025-11-02 16:52:14,@R.AldyYapi,landak ID badut M SERiES:zany_face:
2025-11-02 16:52:16,@AL_Keniten,7
2025-11-02 16:52:16,@Ahmad-ff2jn,7
2025-11-02 16:52:17,@keira_0801,7
2025-11-02 16:52:18,@LukmanMantak,p
2025-11-02 16:52:18,@ivansetiawan8112,mau king AE atau King Onic yg menaang terserah :winking_face_with_tongue::backhand_index_pointing_up:
2025-11-02 16:52:18,@aufasanika9370,kata ererqi AE gada gameplay
2025-11-02 16:52:18,@m.irfannoor472,ONIC 5-2 AE
2025-11-02 16:52:19,@ASHA_Kuy,43 ae
2025-11-02 16:52:20,@banisigno,oniccccc
2025-11-02 16:52:21,@m.abuza_,7
2025-11-02 16:52:21,@raizennnx,ONIC PUNYA MSC RRQ PUNYA APA
2025-11-02 16:52:21,@MuhammadRaihannx,"Kalau ONIC jadi badut di M7, terus tim lu yang ga lolos playoff apa? :cat_with_tears_of_joy:"
2025-11-02 16:52:21,@GuIn-23,"Gua dukung semuanya, siapapun yang menang angkat kepala kalian dan buktikan bahwa kalian pantas jadi pejuang m7, dan yang kalah this is not the end, raihlah piala m7 bagi region indo, senangat!!!"
2025-11-02 16:52:21,@tropical-z3e4j,rrq badut mpl
2025-11-02 16:52:21,@iwangunawan8726,7
2025-11-02 16:52:21,@RenaldyAltalarik,:hand-pink-waving::hand-purple-blue-peace:= 7
2025-11-02 16:52:23,@jhonnyindo9115,7
2025-11-02 16:52:23,@yuliafizi_4487,onicc
2025-11-02 16:52:23,@R.AldyYapi,landak ID badut M SERiES:zany_face:
2025-11-02 16:52:23,@bangkebbo,Purnomo badut rrq:love_you_gesture::money_mouth_face:
2025-11-02 16:52:24,@KosimCimex,yeb tolongin yeb
2025-11-02 16:52:24,@purnomo3144,LANDAK ID THE REAL BADUT MSERIES
2025-11-02 16:52:24,@ALAIN-e7y,7 tipis and trik
2025-11-02 16:52:25,@TopanMZ-e1d7d,onic
2025-11-02 16:52:25,@ivansetiawan8112,mau king AE atau King Onic yg menaang terserah :winking_face_with_tongue::backhand_index_pointing_up:
2025-11-02 16:52:26,@chromago,ALTERCHAMP :handshake: SONIC jangan mau disusupin oleh #7
2025-11-02 16:52:26,@iwangunawan8726,7
2025-11-02 16:52:26,@Ahmadsoft,PULANGKAN ONIIIIIIIIIIIIICCCCCCCC
2025-11-02 16:52:27,@khoirulumam6539,NGETIK 7-NYA JANGAN SAMBIL NANGIS YA DEKK MPOSSS:cat-orange-whistling::face-blue-smiling:
2025-11-02 16:52:28,@m.abuza_,7
2025-11-02 16:52:28,@puput-n8z,ALTER EGOO
2025-11-02 16:52:28,@tropical-z3e4j,rrq badut mpl
2025-11-02 16:52:29,@LukmanMantak,ppp
2025-11-02 16:52:29,@GuIn-23,"Gua dukung semuanya, siapapun yang menang angkat kepala kalian dan buktikan bahwa kalian pantas jadi pejuang m7, dan yang kalah this is not the end, raihlah piala m7 bagi region indo, senangat!!!"
2025-11-02 16:52:30,@rfzyd,:pleading_face:
2025-11-02 16:52:30,@Konekunn,4-0 ae
2025-11-02 16:52:30,@Gajahlahhatimu,alter egooo
2025-11-02 16:52:31,@luxiazhu5160,RRQ pasti juara M7
2025-11-02 16:52:31,@purnomo3144,LANDAK ID THE REAL BADUT MSERIES
2025-11-02 16:52:31,@andreariakusuma1822,sepi ya
2025-11-02 16:52:32,@dickyvengeance3140,bismillah AE juara ya Allah :folded_hands:
2025-11-02 16:52:32,@ChingpongKonyak,sonic
2025-11-02 16:52:32,@EmperorZel1117,bau² ae yg juara ini
2025-11-02 16:52:33,@Tonight-m3v,kasih Ae menang pliss
2025-11-02 16:52:33,@ivansetiawan8112,mau king AE atau King Onic yg menaang terserah :winking_face_with_tongue::backhand_index_pointing_up:
2025-11-02 16:52:33,@khoirulumam6539,NGETIK 7-NYA JANGAN SAMBIL NANGIS YA DEKK MPOSSS:cat-orange-whistling::face-blue-smiling:
2025-11-02 16:52:33,@chromago,ALTERCHAMP :handshake: SONIC jangan mau disusupin oleh #7
2025-11-02 16:52:33,@RafaAziqra-hd5jv,ayo onicc
2025-11-02 16:52:34,@tropical-z3e4j,rrq badut mpl
2025-11-02 16:52:34,@yuliafizi_4487,onicc
2025-11-02 16:52:34,@MuhammadRaihannx,"Kalau ONIC jadi badut di M7, terus tim lu yang ga lolos playoff apa? :cat_with_tears_of_joy:"
2025-11-02 16:52:35,@43rdan,go go go
2025-11-02 16:52:35,@meyassme7445,GOOD LUCKK ONICCC
2025-11-02 16:52:36,@rizkiadhieramadhani6585,bismillah AE
2025-11-02 16:52:36,@AlfinYunandar-j2e,onic
2025-11-02 16:52:36,@Aisramadhan05,AE
2025-11-02 16:52:36,@ahmadrifai3360,jam berapa main?
2025-11-02 16:52:37,@m.abuza_,7
2025-11-02 16:52:37,@dekakharida3313,yeb tolongin yeb
2025-11-02 16:52:38,@bangkebbo,Purnomo badut rrq:love_you_gesture::money_mouth_face:
2025-11-02 16:52:38,@purnomo3144,LANDAK ID THE REAL BADUT MSERIES
2025-11-02 16:52:39,@mariasama3870,Anjay rame banget
2025-11-02 16:52:39,@taaclover,bismillahirrahmanirrahim ya Allah bisa yok bisa
2025-11-02 16:52:40,@muhammadilhamsyah5073,"Buat yang nanya RRQ main jam berapa, RRQ lagi persiapan ke M7 lewat jalur SNBP :winking_face_with_tongue: 7"
2025-11-02 16:52:40,@Zynko20,ER ER QI MAIN JAM BERAPA BANG?
2025-11-02 16:52:40,@Heavy_poison,BARIKAH787
2025-11-02 16:52:40,@Impossible-zeus,#7
2025-11-02 16:52:41,@whoami-gi8ht,JANGAN TANYA2 RRQ - IMANI SAJA !
2025-11-02 16:52:41,@chromago,ALTERCHAMP :handshake: SONIC jangan mau disusupin oleh #7
